[     230ms] [INFO] %cDownload the React DevTools for a better development experience: https://react.dev/link/react-devtools font-weight:bold @ http://localhost:3000/_next/static/chunks/node_modules_next_dist_f3530cac._.js:2297
[     319ms] [LOG] [HMR] connected @ http://localhost:3000/_next/static/chunks/node_modules_next_dist_f3530cac._.js:2297
[    1759ms] [LOG] [Chat] Realtime conectado @ http://localhost:3000/_next/static/chunks/node_modules_next_dist_f3530cac._.js:2297
[    1763ms] [LOG] [Notificações] Realtime conectado @ http://localhost:3000/_next/static/chunks/node_modules_next_dist_f3530cac._.js:2297
[ 2309468ms] [ERROR] [Chat] Erro realtime: CHANNEL_ERROR undefined @ http://localhost:3000/_next/static/chunks/node_modules_next_dist_f3530cac._.js:3127
[ 2309468ms] [ERROR] [Notificações] Erro na conexão realtime: CHANNEL_ERROR undefined @ http://localhost:3000/_next/static/chunks/node_modules_next_dist_f3530cac._.js:3127
[ 2309734ms] [ERROR] Failed to load resource: net::ERR_NETWORK_IO_SUSPENDED @ http://localhost:3000/__nextjs_original-stack-frames:0
[ 2309736ms] [ERROR] Failed to load resource: net::ERR_NETWORK_IO_SUSPENDED @ http://localhost:3000/__nextjs_original-stack-frames:0
[54191158ms] [LOG] [Chat] Reconectando... @ http://localhost:3000/_next/static/chunks/node_modules_next_dist_f3530cac._.js:2297
[54191159ms] [WARNING] [Chat] Canal fechado, reconectando... @ http://localhost:3000/_next/static/chunks/node_modules_next_dist_f3530cac._.js:2297
[54191161ms] [LOG] [Notificações] Reconectando... @ http://localhost:3000/_next/static/chunks/node_modules_next_dist_f3530cac._.js:2297
[54191161ms] [WARNING] [Notificações] Canal fechado, reconectando... @ http://localhost:3000/_next/static/chunks/node_modules_next_dist_f3530cac._.js:2297
[54193508ms] [LOG] [Chat] Realtime conectado @ http://localhost:3000/_next/static/chunks/node_modules_next_dist_f3530cac._.js:2297
[54193510ms] [LOG] [Notificações] Realtime conectado @ http://localhost:3000/_next/static/chunks/node_modules_next_dist_f3530cac._.js:2297
[54194163ms] [WARNING] [Chat] Canal fechado, reconectando... @ http://localhost:3000/_next/static/chunks/node_modules_next_dist_f3530cac._.js:2297
[54194164ms] [WARNING] [Notificações] Canal fechado, reconectando... @ http://localhost:3000/_next/static/chunks/node_modules_next_dist_f3530cac._.js:2297
[54194291ms] [LOG] [Chat] Realtime conectado @ http://localhost:3000/_next/static/chunks/node_modules_next_dist_f3530cac._.js:2297
[54194295ms] [LOG] [Notificações] Realtime conectado @ http://localhost:3000/_next/static/chunks/node_modules_next_dist_f3530cac._.js:2297
[54197167ms] [WARNING] [Chat] Canal fechado, reconectando... @ http://localhost:3000/_next/static/chunks/node_modules_next_dist_f3530cac._.js:2297
[54197167ms] [WARNING] [Notificações] Canal fechado, reconectando... @ http://localhost:3000/_next/static/chunks/node_modules_next_dist_f3530cac._.js:2297
[54197299ms] [LOG] [Chat] Realtime conectado @ http://localhost:3000/_next/static/chunks/node_modules_next_dist_f3530cac._.js:2297
[54197302ms] [LOG] [Notificações] Realtime conectado @ http://localhost:3000/_next/static/chunks/node_modules_next_dist_f3530cac._.js:2297
[54200168ms] [WARNING] [Chat] Canal fechado, reconectando... @ http://localhost:3000/_next/static/chunks/node_modules_next_dist_f3530cac._.js:2297
[54200169ms] [WARNING] [Notificações] Canal fechado, reconectando... @ http://localhost:3000/_next/static/chunks/node_modules_next_dist_f3530cac._.js:2297
[54200298ms] [LOG] [Chat] Realtime conectado @ http://localhost:3000/_next/static/chunks/node_modules_next_dist_f3530cac._.js:2297
[54200306ms] [LOG] [Notificações] Realtime conectado @ http://localhost:3000/_next/static/chunks/node_modules_next_dist_f3530cac._.js:2297
[54201090ms] [LOG] [HMR] connected @ http://localhost:3000/_next/static/chunks/node_modules_next_dist_f3530cac._.js:2297
[54203174ms] [WARNING] [Chat] Canal fechado, reconectando... @ http://localhost:3000/_next/static/chunks/node_modules_next_dist_f3530cac._.js:2297
[54203175ms] [WARNING] [Notificações] Canal fechado, reconectando... @ http://localhost:3000/_next/static/chunks/node_modules_next_dist_f3530cac._.js:2297
[54203304ms] [LOG] [Chat] Realtime conectado @ http://localhost:3000/_next/static/chunks/node_modules_next_dist_f3530cac._.js:2297
[54203307ms] [LOG] [Notificações] Realtime conectado @ http://localhost:3000/_next/static/chunks/node_modules_next_dist_f3530cac._.js:2297
[54206180ms] [WARNING] [Chat] Canal fechado, reconectando... @ http://localhost:3000/_next/static/chunks/node_modules_next_dist_f3530cac._.js:2297
[54206181ms] [WARNING] [Notificações] Canal fechado, reconectando... @ http://localhost:3000/_next/static/chunks/node_modules_next_dist_f3530cac._.js:2297
[54206309ms] [LOG] [Chat] Realtime conectado @ http://localhost:3000/_next/static/chunks/node_modules_next_dist_f3530cac._.js:2297
[54206313ms] [LOG] [Notificações] Realtime conectado @ http://localhost:3000/_next/static/chunks/node_modules_next_dist_f3530cac._.js:2297
[54209181ms] [WARNING] [Chat] Canal fechado, reconectando... @ http://localhost:3000/_next/static/chunks/node_modules_next_dist_f3530cac._.js:2297
[54209182ms] [WARNING] [Notificações] Canal fechado, reconectando... @ http://localhost:3000/_next/static/chunks/node_modules_next_dist_f3530cac._.js:2297
[54209314ms] [LOG] [Chat] Realtime conectado @ http://localhost:3000/_next/static/chunks/node_modules_next_dist_f3530cac._.js:2297
[54209317ms] [LOG] [Notificações] Realtime conectado @ http://localhost:3000/_next/static/chunks/node_modules_next_dist_f3530cac._.js:2297
[54212197ms] [WARNING] [Chat] Canal fechado, reconectando... @ http://localhost:3000/_next/static/chunks/node_modules_next_dist_f3530cac._.js:2297
[54212198ms] [WARNING] [Notificações] Canal fechado, reconectando... @ http://localhost:3000/_next/static/chunks/node_modules_next_dist_f3530cac._.js:2297
[54212331ms] [LOG] [Chat] Realtime conectado @ http://localhost:3000/_next/static/chunks/node_modules_next_dist_f3530cac._.js:2297
[54212337ms] [LOG] [Notificações] Realtime conectado @ http://localhost:3000/_next/static/chunks/node_modules_next_dist_f3530cac._.js:2297
[54215213ms] [WARNING] [Chat] Canal fechado, reconectando... @ http://localhost:3000/_next/static/chunks/node_modules_next_dist_f3530cac._.js:2297
[54215215ms] [WARNING] [Notificações] Canal fechado, reconectando... @ http://localhost:3000/_next/static/chunks/node_modules_next_dist_f3530cac._.js:2297
[54215347ms] [LOG] [Chat] Realtime conectado @ http://localhost:3000/_next/static/chunks/node_modules_next_dist_f3530cac._.js:2297
[54215348ms] [LOG] [Notificações] Realtime conectado @ http://localhost:3000/_next/static/chunks/node_modules_next_dist_f3530cac._.js:2297
[54218214ms] [WARNING] [Chat] Canal fechado, reconectando... @ http://localhost:3000/_next/static/chunks/node_modules_next_dist_f3530cac._.js:2297
[54218216ms] [WARNING] [Notificações] Canal fechado, reconectando... @ http://localhost:3000/_next/static/chunks/node_modules_next_dist_f3530cac._.js:2297
[54218475ms] [LOG] [Chat] Realtime conectado @ http://localhost:3000/_next/static/chunks/node_modules_next_dist_f3530cac._.js:2297
[54218476ms] [LOG] [Notificações] Realtime conectado @ http://localhost:3000/_next/static/chunks/node_modules_next_dist_f3530cac._.js:2297
[54221220ms] [WARNING] [Chat] Canal fechado, reconectando... @ http://localhost:3000/_next/static/chunks/node_modules_next_dist_f3530cac._.js:2297
[54221221ms] [WARNING] [Notificações] Canal fechado, reconectando... @ http://localhost:3000/_next/static/chunks/node_modules_next_dist_f3530cac._.js:2297
[54221357ms] [LOG] [Chat] Realtime conectado @ http://localhost:3000/_next/static/chunks/node_modules_next_dist_f3530cac._.js:2297
[54221357ms] [LOG] [Notificações] Realtime conectado @ http://localhost:3000/_next/static/chunks/node_modules_next_dist_f3530cac._.js:2297
[54224230ms] [WARNING] [Chat] Canal fechado, reconectando... @ http://localhost:3000/_next/static/chunks/node_modules_next_dist_f3530cac._.js:2297
[54224231ms] [WARNING] [Notificações] Canal fechado, reconectando... @ http://localhost:3000/_next/static/chunks/node_modules_next_dist_f3530cac._.js:2297
[54224359ms] [LOG] [Chat] Realtime conectado @ http://localhost:3000/_next/static/chunks/node_modules_next_dist_f3530cac._.js:2297
[54224363ms] [LOG] [Notificações] Realtime conectado @ http://localhost:3000/_next/static/chunks/node_modules_next_dist_f3530cac._.js:2297
[54227232ms] [WARNING] [Chat] Canal fechado, reconectando... @ http://localhost:3000/_next/static/chunks/node_modules_next_dist_f3530cac._.js:2297
[54227234ms] [WARNING] [Notificações] Canal fechado, reconectando... @ http://localhost:3000/_next/static/chunks/node_modules_next_dist_f3530cac._.js:2297
[54227369ms] [LOG] [Chat] Realtime conectado @ http://localhost:3000/_next/static/chunks/node_modules_next_dist_f3530cac._.js:2297
[54227372ms] [LOG] [Notificações] Realtime conectado @ http://localhost:3000/_next/static/chunks/node_modules_next_dist_f3530cac._.js:2297
[54230235ms] [WARNING] [Chat] Canal fechado, reconectando... @ http://localhost:3000/_next/static/chunks/node_modules_next_dist_f3530cac._.js:2297
[54230236ms] [WARNING] [Notificações] Canal fechado, reconectando... @ http://localhost:3000/_next/static/chunks/node_modules_next_dist_f3530cac._.js:2297
[54230459ms] [LOG] [Chat] Realtime conectado @ http://localhost:3000/_next/static/chunks/node_modules_next_dist_f3530cac._.js:2297
[54230459ms] [LOG] [Notificações] Realtime conectado @ http://localhost:3000/_next/static/chunks/node_modules_next_dist_f3530cac._.js:2297
[54233241ms] [WARNING] [Chat] Canal fechado, reconectando... @ http://localhost:3000/_next/static/chunks/node_modules_next_dist_f3530cac._.js:2297
[54233242ms] [WARNING] [Notificações] Canal fechado, reconectando... @ http://localhost:3000/_next/static/chunks/node_modules_next_dist_f3530cac._.js:2297
[54233371ms] [LOG] [Chat] Realtime conectado @ http://localhost:3000/_next/static/chunks/node_modules_next_dist_f3530cac._.js:2297
[54233374ms] [LOG] [Notificações] Realtime conectado @ http://localhost:3000/_next/static/chunks/node_modules_next_dist_f3530cac._.js:2297
[54236246ms] [WARNING] [Chat] Canal fechado, reconectando... @ http://localhost:3000/_next/static/chunks/node_modules_next_dist_f3530cac._.js:2297
[54236247ms] [WARNING] [Notificações] Canal fechado, reconectando... @ http://localhost:3000/_next/static/chunks/node_modules_next_dist_f3530cac._.js:2297
[54236377ms] [LOG] [Chat] Realtime conectado @ http://localhost:3000/_next/static/chunks/node_modules_next_dist_f3530cac._.js:2297
[54236380ms] [LOG] [Notificações] Realtime conectado @ http://localhost:3000/_next/static/chunks/node_modules_next_dist_f3530cac._.js:2297
[54239262ms] [WARNING] [Chat] Canal fechado, reconectando... @ http://localhost:3000/_next/static/chunks/node_modules_next_dist_f3530cac._.js:2297
[54239263ms] [WARNING] [Notificações] Canal fechado, reconectando... @ http://localhost:3000/_next/static/chunks/node_modules_next_dist_f3530cac._.js:2297
[54239395ms] [LOG] [Chat] Realtime conectado @ http://localhost:3000/_next/static/chunks/node_modules_next_dist_f3530cac._.js:2297
[54239398ms] [LOG] [Notificações] Realtime conectado @ http://localhost:3000/_next/static/chunks/node_modules_next_dist_f3530cac._.js:2297
[54242273ms] [WARNING] [Chat] Canal fechado, reconectando... @ http://localhost:3000/_next/static/chunks/node_modules_next_dist_f3530cac._.js:2297
[54242273ms] [WARNING] [Notificações] Canal fechado, reconectando... @ http://localhost:3000/_next/static/chunks/node_modules_next_dist_f3530cac._.js:2297
[54242405ms] [LOG] [Chat] Realtime conectado @ http://localhost:3000/_next/static/chunks/node_modules_next_dist_f3530cac._.js:2297
[54242408ms] [LOG] [Notificações] Realtime conectado @ http://localhost:3000/_next/static/chunks/node_modules_next_dist_f3530cac._.js:2297
[54245279ms] [WARNING] [Chat] Canal fechado, reconectando... @ http://localhost:3000/_next/static/chunks/node_modules_next_dist_f3530cac._.js:2297
[54245280ms] [WARNING] [Notificações] Canal fechado, reconectando... @ http://localhost:3000/_next/static/chunks/node_modules_next_dist_f3530cac._.js:2297
[54245427ms] [LOG] [Chat] Realtime conectado @ http://localhost:3000/_next/static/chunks/node_modules_next_dist_f3530cac._.js:2297
[54245432ms] [LOG] [Notificações] Realtime conectado @ http://localhost:3000/_next/static/chunks/node_modules_next_dist_f3530cac._.js:2297
[54248280ms] [WARNING] [Chat] Canal fechado, reconectando... @ http://localhost:3000/_next/static/chunks/node_modules_next_dist_f3530cac._.js:2297
[54248282ms] [WARNING] [Notificações] Canal fechado, reconectando... @ http://localhost:3000/_next/static/chunks/node_modules_next_dist_f3530cac._.js:2297
[54248409ms] [LOG] [Chat] Realtime conectado @ http://localhost:3000/_next/static/chunks/node_modules_next_dist_f3530cac._.js:2297
[54248413ms] [LOG] [Notificações] Realtime conectado @ http://localhost:3000/_next/static/chunks/node_modules_next_dist_f3530cac._.js:2297
[54251281ms] [WARNING] [Chat] Canal fechado, reconectando... @ http://localhost:3000/_next/static/chunks/node_modules_next_dist_f3530cac._.js:2297
[54251296ms] [WARNING] [Notificações] Canal fechado, reconectando... @ http://localhost:3000/_next/static/chunks/node_modules_next_dist_f3530cac._.js:2297
[54251415ms] [LOG] [Chat] Realtime conectado @ http://localhost:3000/_next/static/chunks/node_modules_next_dist_f3530cac._.js:2297
[54251429ms] [LOG] [Notificações] Realtime conectado @ http://localhost:3000/_next/static/chunks/node_modules_next_dist_f3530cac._.js:2297
[54254286ms] [WARNING] [Chat] Canal fechado, reconectando... @ http://localhost:3000/_next/static/chunks/node_modules_next_dist_f3530cac._.js:2297
[54254300ms] [WARNING] [Notificações] Canal fechado, reconectando... @ http://localhost:3000/_next/static/chunks/node_modules_next_dist_f3530cac._.js:2297
[54254418ms] [LOG] [Chat] Realtime conectado @ http://localhost:3000/_next/static/chunks/node_modules_next_dist_f3530cac._.js:2297
[54254429ms] [LOG] [Notificações] Realtime conectado @ http://localhost:3000/_next/static/chunks/node_modules_next_dist_f3530cac._.js:2297
[54257296ms] [WARNING] [Chat] Canal fechado, reconectando... @ http://localhost:3000/_next/static/chunks/node_modules_next_dist_f3530cac._.js:2297
[54257310ms] [WARNING] [Notificações] Canal fechado, reconectando... @ http://localhost:3000/_next/static/chunks/node_modules_next_dist_f3530cac._.js:2297
[54257425ms] [LOG] [Chat] Realtime conectado @ http://localhost:3000/_next/static/chunks/node_modules_next_dist_f3530cac._.js:2297
[54257439ms] [LOG] [Notificações] Realtime conectado @ http://localhost:3000/_next/static/chunks/node_modules_next_dist_f3530cac._.js:2297
[54260301ms] [WARNING] [Chat] Canal fechado, reconectando... @ http://localhost:3000/_next/static/chunks/node_modules_next_dist_f3530cac._.js:2297
[54260312ms] [WARNING] [Notificações] Canal fechado, reconectando... @ http://localhost:3000/_next/static/chunks/node_modules_next_dist_f3530cac._.js:2297
[54260434ms] [LOG] [Chat] Realtime conectado @ http://localhost:3000/_next/static/chunks/node_modules_next_dist_f3530cac._.js:2297
[54260441ms] [LOG] [Notificações] Realtime conectado @ http://localhost:3000/_next/static/chunks/node_modules_next_dist_f3530cac._.js:2297
[54263312ms] [WARNING] [Chat] Canal fechado, reconectando... @ http://localhost:3000/_next/static/chunks/node_modules_next_dist_f3530cac._.js:2297
[54263329ms] [WARNING] [Notificações] Canal fechado, reconectando... @ http://localhost:3000/_next/static/chunks/node_modules_next_dist_f3530cac._.js:2297
[54263439ms] [LOG] [Chat] Realtime conectado @ http://localhost:3000/_next/static/chunks/node_modules_next_dist_f3530cac._.js:2297
[54263458ms] [LOG] [Notificações] Realtime conectado @ http://localhost:3000/_next/static/chunks/node_modules_next_dist_f3530cac._.js:2297
[54266312ms] [WARNING] [Chat] Canal fechado, reconectando... @ http://localhost:3000/_next/static/chunks/node_modules_next_dist_f3530cac._.js:2297
[54266332ms] [WARNING] [Notificações] Canal fechado, reconectando... @ http://localhost:3000/_next/static/chunks/node_modules_next_dist_f3530cac._.js:2297
[54266442ms] [LOG] [Chat] Realtime conectado @ http://localhost:3000/_next/static/chunks/node_modules_next_dist_f3530cac._.js:2297
[54266465ms] [LOG] [Notificações] Realtime conectado @ http://localhost:3000/_next/static/chunks/node_modules_next_dist_f3530cac._.js:2297
[54269327ms] [WARNING] [Chat] Canal fechado, reconectando... @ http://localhost:3000/_next/static/chunks/node_modules_next_dist_f3530cac._.js:2297
[54269342ms] [WARNING] [Notificações] Canal fechado, reconectando... @ http://localhost:3000/_next/static/chunks/node_modules_next_dist_f3530cac._.js:2297
[54269463ms] [LOG] [Chat] Realtime conectado @ http://localhost:3000/_next/static/chunks/node_modules_next_dist_f3530cac._.js:2297
[54269470ms] [LOG] [Notificações] Realtime conectado @ http://localhost:3000/_next/static/chunks/node_modules_next_dist_f3530cac._.js:2297
[54272328ms] [WARNING] [Chat] Canal fechado, reconectando... @ http://localhost:3000/_next/static/chunks/node_modules_next_dist_f3530cac._.js:2297
[54272346ms] [WARNING] [Notificações] Canal fechado, reconectando... @ http://localhost:3000/_next/static/chunks/node_modules_next_dist_f3530cac._.js:2297
[54272458ms] [LOG] [Chat] Realtime conectado @ http://localhost:3000/_next/static/chunks/node_modules_next_dist_f3530cac._.js:2297
[54272475ms] [LOG] [Notificações] Realtime conectado @ http://localhost:3000/_next/static/chunks/node_modules_next_dist_f3530cac._.js:2297
[54275332ms] [WARNING] [Chat] Canal fechado, reconectando... @ http://localhost:3000/_next/static/chunks/node_modules_next_dist_f3530cac._.js:2297
[54275347ms] [WARNING] [Notificações] Canal fechado, reconectando... @ http://localhost:3000/_next/static/chunks/node_modules_next_dist_f3530cac._.js:2297
[54275460ms] [LOG] [Chat] Realtime conectado @ http://localhost:3000/_next/static/chunks/node_modules_next_dist_f3530cac._.js:2297
[54275482ms] [LOG] [Notificações] Realtime conectado @ http://localhost:3000/_next/static/chunks/node_modules_next_dist_f3530cac._.js:2297
[54278340ms] [WARNING] [Chat] Canal fechado, reconectando... @ http://localhost:3000/_next/static/chunks/node_modules_next_dist_f3530cac._.js:2297
[54278355ms] [WARNING] [Notificações] Canal fechado, reconectando... @ http://localhost:3000/_next/static/chunks/node_modules_next_dist_f3530cac._.js:2297
[54278476ms] [LOG] [Chat] Realtime conectado @ http://localhost:3000/_next/static/chunks/node_modules_next_dist_f3530cac._.js:2297
[54278483ms] [LOG] [Notificações] Realtime conectado @ http://localhost:3000/_next/static/chunks/node_modules_next_dist_f3530cac._.js:2297
[54281345ms] [WARNING] [Chat] Canal fechado, reconectando... @ http://localhost:3000/_next/static/chunks/node_modules_next_dist_f3530cac._.js:2297
[54281360ms] [WARNING] [Notificações] Canal fechado, reconectando... @ http://localhost:3000/_next/static/chunks/node_modules_next_dist_f3530cac._.js:2297
[54281472ms] [LOG] [Chat] Realtime conectado @ http://localhost:3000/_next/static/chunks/node_modules_next_dist_f3530cac._.js:2297
[54281488ms] [LOG] [Notificações] Realtime conectado @ http://localhost:3000/_next/static/chunks/node_modules_next_dist_f3530cac._.js:2297
[54284347ms] [WARNING] [Chat] Canal fechado, reconectando... @ http://localhost:3000/_next/static/chunks/node_modules_next_dist_f3530cac._.js:2297
[54284363ms] [WARNING] [Notificações] Canal fechado, reconectando... @ http://localhost:3000/_next/static/chunks/node_modules_next_dist_f3530cac._.js:2297
[54284481ms] [LOG] [Chat] Realtime conectado @ http://localhost:3000/_next/static/chunks/node_modules_next_dist_f3530cac._.js:2297
[54284491ms] [LOG] [Notificações] Realtime conectado @ http://localhost:3000/_next/static/chunks/node_modules_next_dist_f3530cac._.js:2297
[54287350ms] [WARNING] [Chat] Canal fechado, reconectando... @ http://localhost:3000/_next/static/chunks/node_modules_next_dist_f3530cac._.js:2297
[54287366ms] [WARNING] [Notificações] Canal fechado, reconectando... @ http://localhost:3000/_next/static/chunks/node_modules_next_dist_f3530cac._.js:2297
[54287480ms] [LOG] [Chat] Realtime conectado @ http://localhost:3000/_next/static/chunks/node_modules_next_dist_f3530cac._.js:2297
[54287497ms] [LOG] [Notificações] Realtime conectado @ http://localhost:3000/_next/static/chunks/node_modules_next_dist_f3530cac._.js:2297
[54290353ms] [WARNING] [Chat] Canal fechado, reconectando... @ http://localhost:3000/_next/static/chunks/node_modules_next_dist_f3530cac._.js:2297
[54290368ms] [WARNING] [Notificações] Canal fechado, reconectando... @ http://localhost:3000/_next/static/chunks/node_modules_next_dist_f3530cac._.js:2297
[54290488ms] [LOG] [Chat] Realtime conectado @ http://localhost:3000/_next/static/chunks/node_modules_next_dist_f3530cac._.js:2297
[54290502ms] [LOG] [Notificações] Realtime conectado @ http://localhost:3000/_next/static/chunks/node_modules_next_dist_f3530cac._.js:2297
[54293361ms] [WARNING] [Chat] Canal fechado, reconectando... @ http://localhost:3000/_next/static/chunks/node_modules_next_dist_f3530cac._.js:2297
[54293378ms] [WARNING] [Notificações] Canal fechado, reconectando... @ http://localhost:3000/_next/static/chunks/node_modules_next_dist_f3530cac._.js:2297
[54293493ms] [LOG] [Chat] Realtime conectado @ http://localhost:3000/_next/static/chunks/node_modules_next_dist_f3530cac._.js:2297
[54293505ms] [LOG] [Notificações] Realtime conectado @ http://localhost:3000/_next/static/chunks/node_modules_next_dist_f3530cac._.js:2297
[54296377ms] [WARNING] [Chat] Canal fechado, reconectando... @ http://localhost:3000/_next/static/chunks/node_modules_next_dist_f3530cac._.js:2297
[54296380ms] [WARNING] [Notificações] Canal fechado, reconectando... @ http://localhost:3000/_next/static/chunks/node_modules_next_dist_f3530cac._.js:2297
[54296514ms] [LOG] [Chat] Realtime conectado @ http://localhost:3000/_next/static/chunks/node_modules_next_dist_f3530cac._.js:2297
[54296515ms] [LOG] [Notificações] Realtime conectado @ http://localhost:3000/_next/static/chunks/node_modules_next_dist_f3530cac._.js:2297
[54299380ms] [WARNING] [Chat] Canal fechado, reconectando... @ http://localhost:3000/_next/static/chunks/node_modules_next_dist_f3530cac._.js:2297
[54299381ms] [WARNING] [Notificações] Canal fechado, reconectando... @ http://localhost:3000/_next/static/chunks/node_modules_next_dist_f3530cac._.js:2297
[54299509ms] [LOG] [Chat] Realtime conectado @ http://localhost:3000/_next/static/chunks/node_modules_next_dist_f3530cac._.js:2297
[54299514ms] [LOG] [Notificações] Realtime conectado @ http://localhost:3000/_next/static/chunks/node_modules_next_dist_f3530cac._.js:2297
[54302397ms] [WARNING] [Chat] Canal fechado, reconectando... @ http://localhost:3000/_next/static/chunks/node_modules_next_dist_f3530cac._.js:2297
[54302398ms] [WARNING] [Notificações] Canal fechado, reconectando... @ http://localhost:3000/_next/static/chunks/node_modules_next_dist_f3530cac._.js:2297
[54302649ms] [LOG] [Chat] Realtime conectado @ http://localhost:3000/_next/static/chunks/node_modules_next_dist_f3530cac._.js:2297
[54302651ms] [LOG] [Notificações] Realtime conectado @ http://localhost:3000/_next/static/chunks/node_modules_next_dist_f3530cac._.js:2297
[54305401ms] [WARNING] [Chat] Canal fechado, reconectando... @ http://localhost:3000/_next/static/chunks/node_modules_next_dist_f3530cac._.js:2297
[54305402ms] [WARNING] [Notificações] Canal fechado, reconectando... @ http://localhost:3000/_next/static/chunks/node_modules_next_dist_f3530cac._.js:2297
[54305532ms] [LOG] [Chat] Realtime conectado @ http://localhost:3000/_next/static/chunks/node_modules_next_dist_f3530cac._.js:2297
[54305536ms] [LOG] [Notificações] Realtime conectado @ http://localhost:3000/_next/static/chunks/node_modules_next_dist_f3530cac._.js:2297
[54308412ms] [WARNING] [Chat] Canal fechado, reconectando... @ http://localhost:3000/_next/static/chunks/node_modules_next_dist_f3530cac._.js:2297
[54308413ms] [WARNING] [Notificações] Canal fechado, reconectando... @ http://localhost:3000/_next/static/chunks/node_modules_next_dist_f3530cac._.js:2297
[54308546ms] [LOG] [Chat] Realtime conectado @ http://localhost:3000/_next/static/chunks/node_modules_next_dist_f3530cac._.js:2297
[54308546ms] [LOG] [Notificações] Realtime conectado @ http://localhost:3000/_next/static/chunks/node_modules_next_dist_f3530cac._.js:2297
[54311429ms] [WARNING] [Chat] Canal fechado, reconectando... @ http://localhost:3000/_next/static/chunks/node_modules_next_dist_f3530cac._.js:2297
[54311430ms] [WARNING] [Notificações] Canal fechado, reconectando... @ http://localhost:3000/_next/static/chunks/node_modules_next_dist_f3530cac._.js:2297
[54311565ms] [LOG] [Chat] Realtime conectado @ http://localhost:3000/_next/static/chunks/node_modules_next_dist_f3530cac._.js:2297
[54311566ms] [LOG] [Notificações] Realtime conectado @ http://localhost:3000/_next/static/chunks/node_modules_next_dist_f3530cac._.js:2297
[54314435ms] [WARNING] [Chat] Canal fechado, reconectando... @ http://localhost:3000/_next/static/chunks/node_modules_next_dist_f3530cac._.js:2297
[54314436ms] [WARNING] [Notificações] Canal fechado, reconectando... @ http://localhost:3000/_next/static/chunks/node_modules_next_dist_f3530cac._.js:2297
[54314566ms] [LOG] [Chat] Realtime conectado @ http://localhost:3000/_next/static/chunks/node_modules_next_dist_f3530cac._.js:2297
[54314570ms] [LOG] [Notificações] Realtime conectado @ http://localhost:3000/_next/static/chunks/node_modules_next_dist_f3530cac._.js:2297
[54317441ms] [WARNING] [Chat] Canal fechado, reconectando... @ http://localhost:3000/_next/static/chunks/node_modules_next_dist_f3530cac._.js:2297
[54317442ms] [WARNING] [Notificações] Canal fechado, reconectando... @ http://localhost:3000/_next/static/chunks/node_modules_next_dist_f3530cac._.js:2297
[54317573ms] [LOG] [Chat] Realtime conectado @ http://localhost:3000/_next/static/chunks/node_modules_next_dist_f3530cac._.js:2297
[54317579ms] [LOG] [Notificações] Realtime conectado @ http://localhost:3000/_next/static/chunks/node_modules_next_dist_f3530cac._.js:2297
[54320445ms] [WARNING] [Chat] Canal fechado, reconectando... @ http://localhost:3000/_next/static/chunks/node_modules_next_dist_f3530cac._.js:2297
[54320446ms] [WARNING] [Notificações] Canal fechado, reconectando... @ http://localhost:3000/_next/static/chunks/node_modules_next_dist_f3530cac._.js:2297
[54320574ms] [LOG] [Chat] Realtime conectado @ http://localhost:3000/_next/static/chunks/node_modules_next_dist_f3530cac._.js:2297
[54320581ms] [LOG] [Notificações] Realtime conectado @ http://localhost:3000/_next/static/chunks/node_modules_next_dist_f3530cac._.js:2297
[54323448ms] [WARNING] [Chat] Canal fechado, reconectando... @ http://localhost:3000/_next/static/chunks/node_modules_next_dist_f3530cac._.js:2297
[54323448ms] [WARNING] [Notificações] Canal fechado, reconectando... @ http://localhost:3000/_next/static/chunks/node_modules_next_dist_f3530cac._.js:2297
[54323579ms] [LOG] [Chat] Realtime conectado @ http://localhost:3000/_next/static/chunks/node_modules_next_dist_f3530cac._.js:2297
[54323581ms] [LOG] [Notificações] Realtime conectado @ http://localhost:3000/_next/static/chunks/node_modules_next_dist_f3530cac._.js:2297
[54326449ms] [WARNING] [Chat] Canal fechado, reconectando... @ http://localhost:3000/_next/static/chunks/node_modules_next_dist_f3530cac._.js:2297
[54326450ms] [WARNING] [Notificações] Canal fechado, reconectando... @ http://localhost:3000/_next/static/chunks/node_modules_next_dist_f3530cac._.js:2297
[54326646ms] [LOG] [Chat] Realtime conectado @ http://localhost:3000/_next/static/chunks/node_modules_next_dist_f3530cac._.js:2297
[54326648ms] [LOG] [Notificações] Realtime conectado @ http://localhost:3000/_next/static/chunks/node_modules_next_dist_f3530cac._.js:2297
[54329452ms] [WARNING] [Chat] Canal fechado, reconectando... @ http://localhost:3000/_next/static/chunks/node_modules_next_dist_f3530cac._.js:2297
[54329453ms] [WARNING] [Notificações] Canal fechado, reconectando... @ http://localhost:3000/_next/static/chunks/node_modules_next_dist_f3530cac._.js:2297
[54329578ms] [LOG] [Fast Refresh] rebuilding @ http://localhost:3000/_next/static/chunks/node_modules_next_dist_f3530cac._.js:2297
[54329612ms] [LOG] [Chat] Realtime conectado @ http://localhost:3000/_next/static/chunks/node_modules_next_dist_f3530cac._.js:2297
[54329613ms] [LOG] [Notificações] Realtime conectado @ http://localhost:3000/_next/static/chunks/node_modules_next_dist_f3530cac._.js:2297
[54329746ms] [LOG] [Fast Refresh] done in 277ms @ http://localhost:3000/_next/static/chunks/node_modules_next_dist_f3530cac._.js:2297
[54332462ms] [WARNING] [Chat] Canal fechado, reconectando... @ http://localhost:3000/_next/static/chunks/node_modules_next_dist_f3530cac._.js:2297
[54332462ms] [WARNING] [Notificações] Canal fechado, reconectando... @ http://localhost:3000/_next/static/chunks/node_modules_next_dist_f3530cac._.js:2297
[54332592ms] [LOG] [Chat] Realtime conectado @ http://localhost:3000/_next/static/chunks/node_modules_next_dist_f3530cac._.js:2297
[54332596ms] [LOG] [Notificações] Realtime conectado @ http://localhost:3000/_next/static/chunks/node_modules_next_dist_f3530cac._.js:2297
[54335463ms] [WARNING] [Chat] Canal fechado, reconectando... @ http://localhost:3000/_next/static/chunks/node_modules_next_dist_f3530cac._.js:2297
[54335464ms] [WARNING] [Notificações] Canal fechado, reconectando... @ http://localhost:3000/_next/static/chunks/node_modules_next_dist_f3530cac._.js:2297
[54335591ms] [LOG] [Chat] Realtime conectado @ http://localhost:3000/_next/static/chunks/node_modules_next_dist_f3530cac._.js:2297
[54335595ms] [LOG] [Notificações] Realtime conectado @ http://localhost:3000/_next/static/chunks/node_modules_next_dist_f3530cac._.js:2297
[54338479ms] [WARNING] [Chat] Canal fechado, reconectando... @ http://localhost:3000/_next/static/chunks/node_modules_next_dist_f3530cac._.js:2297
[54338480ms] [WARNING] [Notificações] Canal fechado, reconectando... @ http://localhost:3000/_next/static/chunks/node_modules_next_dist_f3530cac._.js:2297
[54338608ms] [LOG] [Chat] Realtime conectado @ http://localhost:3000/_next/static/chunks/node_modules_next_dist_f3530cac._.js:2297
[54338611ms] [LOG] [Notificações] Realtime conectado @ http://localhost:3000/_next/static/chunks/node_modules_next_dist_f3530cac._.js:2297
[54341060ms] [LOG] [Fast Refresh] rebuilding @ http://localhost:3000/_next/static/chunks/node_modules_next_dist_f3530cac._.js:2297
[54341490ms] [WARNING] [Chat] Canal fechado, reconectando... @ http://localhost:3000/_next/static/chunks/node_modules_next_dist_f3530cac._.js:2297
[54341490ms] [WARNING] [Notificações] Canal fechado, reconectando... @ http://localhost:3000/_next/static/chunks/node_modules_next_dist_f3530cac._.js:2297
[54341623ms] [LOG] [Chat] Realtime conectado @ http://localhost:3000/_next/static/chunks/node_modules_next_dist_f3530cac._.js:2297
[54341624ms] [LOG] [Notificações] Realtime conectado @ http://localhost:3000/_next/static/chunks/node_modules_next_dist_f3530cac._.js:2297
[54342157ms] [LOG] [Fast Refresh] done in 1200ms @ http://localhost:3000/_next/static/chunks/node_modules_next_dist_f3530cac._.js:2297
[54344496ms] [WARNING] [Chat] Canal fechado, reconectando... @ http://localhost:3000/_next/static/chunks/node_modules_next_dist_f3530cac._.js:2297
[54344497ms] [WARNING] [Notificações] Canal fechado, reconectando... @ http://localhost:3000/_next/static/chunks/node_modules_next_dist_f3530cac._.js:2297
[54344629ms] [LOG] [Chat] Realtime conectado @ http://localhost:3000/_next/static/chunks/node_modules_next_dist_f3530cac._.js:2297
[54344631ms] [LOG] [Notificações] Realtime conectado @ http://localhost:3000/_next/static/chunks/node_modules_next_dist_f3530cac._.js:2297
[54347502ms] [WARNING] [Chat] Canal fechado, reconectando... @ http://localhost:3000/_next/static/chunks/node_modules_next_dist_f3530cac._.js:2297
[54347503ms] [WARNING] [Notificações] Canal fechado, reconectando... @ http://localhost:3000/_next/static/chunks/node_modules_next_dist_f3530cac._.js:2297
[54347635ms] [LOG] [Chat] Realtime conectado @ http://localhost:3000/_next/static/chunks/node_modules_next_dist_f3530cac._.js:2297
[54347636ms] [LOG] [Notificações] Realtime conectado @ http://localhost:3000/_next/static/chunks/node_modules_next_dist_f3530cac._.js:2297
[54350512ms] [WARNING] [Chat] Canal fechado, reconectando... @ http://localhost:3000/_next/static/chunks/node_modules_next_dist_f3530cac._.js:2297
[54350512ms] [WARNING] [Notificações] Canal fechado, reconectando... @ http://localhost:3000/_next/static/chunks/node_modules_next_dist_f3530cac._.js:2297
[54350641ms] [LOG] [Chat] Realtime conectado @ http://localhost:3000/_next/static/chunks/node_modules_next_dist_f3530cac._.js:2297
[54350647ms] [LOG] [Notificações] Realtime conectado @ http://localhost:3000/_next/static/chunks/node_modules_next_dist_f3530cac._.js:2297
[54353528ms] [WARNING] [Chat] Canal fechado, reconectando... @ http://localhost:3000/_next/static/chunks/node_modules_next_dist_f3530cac._.js:2297
[54353529ms] [WARNING] [Notificações] Canal fechado, reconectando... @ http://localhost:3000/_next/static/chunks/node_modules_next_dist_f3530cac._.js:2297
[54353665ms] [LOG] [Chat] Realtime conectado @ http://localhost:3000/_next/static/chunks/node_modules_next_dist_f3530cac._.js:2297
[54353666ms] [LOG] [Notificações] Realtime conectado @ http://localhost:3000/_next/static/chunks/node_modules_next_dist_f3530cac._.js:2297
[54356545ms] [WARNING] [Chat] Canal fechado, reconectando... @ http://localhost:3000/_next/static/chunks/node_modules_next_dist_f3530cac._.js:2297
[54356546ms] [WARNING] [Notificações] Canal fechado, reconectando... @ http://localhost:3000/_next/static/chunks/node_modules_next_dist_f3530cac._.js:2297
[54356680ms] [LOG] [Chat] Realtime conectado @ http://localhost:3000/_next/static/chunks/node_modules_next_dist_f3530cac._.js:2297
[54356681ms] [LOG] [Notificações] Realtime conectado @ http://localhost:3000/_next/static/chunks/node_modules_next_dist_f3530cac._.js:2297
[54359561ms] [WARNING] [Chat] Canal fechado, reconectando... @ http://localhost:3000/_next/static/chunks/node_modules_next_dist_f3530cac._.js:2297
[54359562ms] [WARNING] [Notificações] Canal fechado, reconectando... @ http://localhost:3000/_next/static/chunks/node_modules_next_dist_f3530cac._.js:2297
[54359695ms] [LOG] [Chat] Realtime conectado @ http://localhost:3000/_next/static/chunks/node_modules_next_dist_f3530cac._.js:2297
[54359699ms] [LOG] [Notificações] Realtime conectado @ http://localhost:3000/_next/static/chunks/node_modules_next_dist_f3530cac._.js:2297
[54362564ms] [WARNING] [Chat] Canal fechado, reconectando... @ http://localhost:3000/_next/static/chunks/node_modules_next_dist_f3530cac._.js:2297
[54362565ms] [WARNING] [Notificações] Canal fechado, reconectando... @ http://localhost:3000/_next/static/chunks/node_modules_next_dist_f3530cac._.js:2297
[54362688ms] [LOG] [Fast Refresh] rebuilding @ http://localhost:3000/_next/static/chunks/node_modules_next_dist_f3530cac._.js:2297
[54362697ms] [LOG] [Chat] Realtime conectado @ http://localhost:3000/_next/static/chunks/node_modules_next_dist_f3530cac._.js:2297
[54362698ms] [LOG] [Notificações] Realtime conectado @ http://localhost:3000/_next/static/chunks/node_modules_next_dist_f3530cac._.js:2297
[54362789ms] [LOG] [Fast Refresh] done in 207ms @ http://localhost:3000/_next/static/chunks/node_modules_next_dist_f3530cac._.js:2297
[54365565ms] [WARNING] [Chat] Canal fechado, reconectando... @ http://localhost:3000/_next/static/chunks/node_modules_next_dist_f3530cac._.js:2297
[54365566ms] [WARNING] [Notificações] Canal fechado, reconectando... @ http://localhost:3000/_next/static/chunks/node_modules_next_dist_f3530cac._.js:2297
[54365702ms] [LOG] [Chat] Realtime conectado @ http://localhost:3000/_next/static/chunks/node_modules_next_dist_f3530cac._.js:2297
[54365708ms] [LOG] [Notificações] Realtime conectado @ http://localhost:3000/_next/static/chunks/node_modules_next_dist_f3530cac._.js:2297
[54368581ms] [WARNING] [Chat] Canal fechado, reconectando... @ http://localhost:3000/_next/static/chunks/node_modules_next_dist_f3530cac._.js:2297
[54368583ms] [WARNING] [Notificações] Canal fechado, reconectando... @ http://localhost:3000/_next/static/chunks/node_modules_next_dist_f3530cac._.js:2297
[54368758ms] [LOG] [Chat] Realtime conectado @ http://localhost:3000/_next/static/chunks/node_modules_next_dist_f3530cac._.js:2297
[54368759ms] [LOG] [Notificações] Realtime conectado @ http://localhost:3000/_next/static/chunks/node_modules_next_dist_f3530cac._.js:2297
[54371588ms] [WARNING] [Chat] Canal fechado, reconectando... @ http://localhost:3000/_next/static/chunks/node_modules_next_dist_f3530cac._.js:2297
[54371589ms] [WARNING] [Notificações] Canal fechado, reconectando... @ http://localhost:3000/_next/static/chunks/node_modules_next_dist_f3530cac._.js:2297
[54371723ms] [LOG] [Chat] Realtime conectado @ http://localhost:3000/_next/static/chunks/node_modules_next_dist_f3530cac._.js:2297
[54371724ms] [LOG] [Notificações] Realtime conectado @ http://localhost:3000/_next/static/chunks/node_modules_next_dist_f3530cac._.js:2297
[54374597ms] [WARNING] [Chat] Canal fechado, reconectando... @ http://localhost:3000/_next/static/chunks/node_modules_next_dist_f3530cac._.js:2297
[54374598ms] [WARNING] [Notificações] Canal fechado, reconectando... @ http://localhost:3000/_next/static/chunks/node_modules_next_dist_f3530cac._.js:2297
[54374731ms] [LOG] [Chat] Realtime conectado @ http://localhost:3000/_next/static/chunks/node_modules_next_dist_f3530cac._.js:2297
[54374732ms] [LOG] [Notificações] Realtime conectado @ http://localhost:3000/_next/static/chunks/node_modules_next_dist_f3530cac._.js:2297
[54377598ms] [WARNING] [Chat] Canal fechado, reconectando... @ http://localhost:3000/_next/static/chunks/node_modules_next_dist_f3530cac._.js:2297
[54377599ms] [WARNING] [Notificações] Canal fechado, reconectando... @ http://localhost:3000/_next/static/chunks/node_modules_next_dist_f3530cac._.js:2297
[54377733ms] [LOG] [Chat] Realtime conectado @ http://localhost:3000/_next/static/chunks/node_modules_next_dist_f3530cac._.js:2297
[54377736ms] [LOG] [Notificações] Realtime conectado @ http://localhost:3000/_next/static/chunks/node_modules_next_dist_f3530cac._.js:2297
[54380599ms] [WARNING] [Chat] Canal fechado, reconectando... @ http://localhost:3000/_next/static/chunks/node_modules_next_dist_f3530cac._.js:2297
[54380600ms] [WARNING] [Notificações] Canal fechado, reconectando... @ http://localhost:3000/_next/static/chunks/node_modules_next_dist_f3530cac._.js:2297
[54380732ms] [LOG] [Chat] Realtime conectado @ http://localhost:3000/_next/static/chunks/node_modules_next_dist_f3530cac._.js:2297
[54380739ms] [LOG] [Notificações] Realtime conectado @ http://localhost:3000/_next/static/chunks/node_modules_next_dist_f3530cac._.js:2297
[54383606ms] [WARNING] [Chat] Canal fechado, reconectando... @ http://localhost:3000/_next/static/chunks/node_modules_next_dist_f3530cac._.js:2297
[54383607ms] [WARNING] [Notificações] Canal fechado, reconectando... @ http://localhost:3000/_next/static/chunks/node_modules_next_dist_f3530cac._.js:2297
[54383735ms] [LOG] [Chat] Realtime conectado @ http://localhost:3000/_next/static/chunks/node_modules_next_dist_f3530cac._.js:2297
[54383738ms] [LOG] [Notificações] Realtime conectado @ http://localhost:3000/_next/static/chunks/node_modules_next_dist_f3530cac._.js:2297
[54386613ms] [WARNING] [Chat] Canal fechado, reconectando... @ http://localhost:3000/_next/static/chunks/node_modules_next_dist_f3530cac._.js:2297
[54386614ms] [WARNING] [Notificações] Canal fechado, reconectando... @ http://localhost:3000/_next/static/chunks/node_modules_next_dist_f3530cac._.js:2297
[54386750ms] [LOG] [Chat] Realtime conectado @ http://localhost:3000/_next/static/chunks/node_modules_next_dist_f3530cac._.js:2297
[54386751ms] [LOG] [Notificações] Realtime conectado @ http://localhost:3000/_next/static/chunks/node_modules_next_dist_f3530cac._.js:2297
[54389630ms] [WARNING] [Chat] Canal fechado, reconectando... @ http://localhost:3000/_next/static/chunks/node_modules_next_dist_f3530cac._.js:2297
[54389632ms] [WARNING] [Notificações] Canal fechado, reconectando... @ http://localhost:3000/_next/static/chunks/node_modules_next_dist_f3530cac._.js:2297
[54389764ms] [LOG] [Chat] Realtime conectado @ http://localhost:3000/_next/static/chunks/node_modules_next_dist_f3530cac._.js:2297
[54389782ms] [LOG] [Notificações] Realtime conectado @ http://localhost:3000/_next/static/chunks/node_modules_next_dist_f3530cac._.js:2297
[54392633ms] [WARNING] [Chat] Canal fechado, reconectando... @ http://localhost:3000/_next/static/chunks/node_modules_next_dist_f3530cac._.js:2297
[54392634ms] [WARNING] [Notificações] Canal fechado, reconectando... @ http://localhost:3000/_next/static/chunks/node_modules_next_dist_f3530cac._.js:2297
[54392763ms] [LOG] [Chat] Realtime conectado @ http://localhost:3000/_next/static/chunks/node_modules_next_dist_f3530cac._.js:2297
[54392765ms] [LOG] [Notificações] Realtime conectado @ http://localhost:3000/_next/static/chunks/node_modules_next_dist_f3530cac._.js:2297
[54395645ms] [WARNING] [Chat] Canal fechado, reconectando... @ http://localhost:3000/_next/static/chunks/node_modules_next_dist_f3530cac._.js:2297
[54395646ms] [WARNING] [Notificações] Canal fechado, reconectando... @ http://localhost:3000/_next/static/chunks/node_modules_next_dist_f3530cac._.js:2297
[54395775ms] [LOG] [Chat] Realtime conectado @ http://localhost:3000/_next/static/chunks/node_modules_next_dist_f3530cac._.js:2297
[54395779ms] [LOG] [Notificações] Realtime conectado @ http://localhost:3000/_next/static/chunks/node_modules_next_dist_f3530cac._.js:2297
[54398646ms] [WARNING] [Chat] Canal fechado, reconectando... @ http://localhost:3000/_next/static/chunks/node_modules_next_dist_f3530cac._.js:2297
[54398647ms] [WARNING] [Notificações] Canal fechado, reconectando... @ http://localhost:3000/_next/static/chunks/node_modules_next_dist_f3530cac._.js:2297
[54398780ms] [LOG] [Chat] Realtime conectado @ http://localhost:3000/_next/static/chunks/node_modules_next_dist_f3530cac._.js:2297
[54398781ms] [LOG] [Notificações] Realtime conectado @ http://localhost:3000/_next/static/chunks/node_modules_next_dist_f3530cac._.js:2297
[54401657ms] [WARNING] [Chat] Canal fechado, reconectando... @ http://localhost:3000/_next/static/chunks/node_modules_next_dist_f3530cac._.js:2297
[54401657ms] [WARNING] [Notificações] Canal fechado, reconectando... @ http://localhost:3000/_next/static/chunks/node_modules_next_dist_f3530cac._.js:2297
[54401789ms] [LOG] [Chat] Realtime conectado @ http://localhost:3000/_next/static/chunks/node_modules_next_dist_f3530cac._.js:2297
[54401790ms] [LOG] [Notificações] Realtime conectado @ http://localhost:3000/_next/static/chunks/node_modules_next_dist_f3530cac._.js:2297
[54404661ms] [WARNING] [Chat] Canal fechado, reconectando... @ http://localhost:3000/_next/static/chunks/node_modules_next_dist_f3530cac._.js:2297
[54404662ms] [WARNING] [Notificações] Canal fechado, reconectando... @ http://localhost:3000/_next/static/chunks/node_modules_next_dist_f3530cac._.js:2297
[54404795ms] [LOG] [Chat] Realtime conectado @ http://localhost:3000/_next/static/chunks/node_modules_next_dist_f3530cac._.js:2297
[54404800ms] [LOG] [Notificações] Realtime conectado @ http://localhost:3000/_next/static/chunks/node_modules_next_dist_f3530cac._.js:2297
[54407679ms] [WARNING] [Chat] Canal fechado, reconectando... @ http://localhost:3000/_next/static/chunks/node_modules_next_dist_f3530cac._.js:2297
[54407679ms] [WARNING] [Notificações] Canal fechado, reconectando... @ http://localhost:3000/_next/static/chunks/node_modules_next_dist_f3530cac._.js:2297
[54407811ms] [LOG] [Chat] Realtime conectado @ http://localhost:3000/_next/static/chunks/node_modules_next_dist_f3530cac._.js:2297
[54407813ms] [LOG] [Notificações] Realtime conectado @ http://localhost:3000/_next/static/chunks/node_modules_next_dist_f3530cac._.js:2297
[54410691ms] [WARNING] [Chat] Canal fechado, reconectando... @ http://localhost:3000/_next/static/chunks/node_modules_next_dist_f3530cac._.js:2297
[54410691ms] [WARNING] [Notificações] Canal fechado, reconectando... @ http://localhost:3000/_next/static/chunks/node_modules_next_dist_f3530cac._.js:2297
[54410819ms] [LOG] [Chat] Realtime conectado @ http://localhost:3000/_next/static/chunks/node_modules_next_dist_f3530cac._.js:2297
[54410822ms] [LOG] [Notificações] Realtime conectado @ http://localhost:3000/_next/static/chunks/node_modules_next_dist_f3530cac._.js:2297
[54413695ms] [WARNING] [Chat] Canal fechado, reconectando... @ http://localhost:3000/_next/static/chunks/node_modules_next_dist_f3530cac._.js:2297
[54413695ms] [WARNING] [Notificações] Canal fechado, reconectando... @ http://localhost:3000/_next/static/chunks/node_modules_next_dist_f3530cac._.js:2297
[54413828ms] [LOG] [Chat] Realtime conectado @ http://localhost:3000/_next/static/chunks/node_modules_next_dist_f3530cac._.js:2297
[54413834ms] [LOG] [Notificações] Realtime conectado @ http://localhost:3000/_next/static/chunks/node_modules_next_dist_f3530cac._.js:2297
[54416697ms] [WARNING] [Chat] Canal fechado, reconectando... @ http://localhost:3000/_next/static/chunks/node_modules_next_dist_f3530cac._.js:2297
[54416698ms] [WARNING] [Notificações] Canal fechado, reconectando... @ http://localhost:3000/_next/static/chunks/node_modules_next_dist_f3530cac._.js:2297
[54416828ms] [LOG] [Chat] Realtime conectado @ http://localhost:3000/_next/static/chunks/node_modules_next_dist_f3530cac._.js:2297
[54416840ms] [LOG] [Notificações] Realtime conectado @ http://localhost:3000/_next/static/chunks/node_modules_next_dist_f3530cac._.js:2297
[54419699ms] [WARNING] [Chat] Canal fechado, reconectando... @ http://localhost:3000/_next/static/chunks/node_modules_next_dist_f3530cac._.js:2297
[54419700ms] [WARNING] [Notificações] Canal fechado, reconectando... @ http://localhost:3000/_next/static/chunks/node_modules_next_dist_f3530cac._.js:2297
[54419830ms] [LOG] [Chat] Realtime conectado @ http://localhost:3000/_next/static/chunks/node_modules_next_dist_f3530cac._.js:2297
[54419832ms] [LOG] [Notificações] Realtime conectado @ http://localhost:3000/_next/static/chunks/node_modules_next_dist_f3530cac._.js:2297
[54422713ms] [WARNING] [Chat] Canal fechado, reconectando... @ http://localhost:3000/_next/static/chunks/node_modules_next_dist_f3530cac._.js:2297
[54422714ms] [WARNING] [Notificações] Canal fechado, reconectando... @ http://localhost:3000/_next/static/chunks/node_modules_next_dist_f3530cac._.js:2297
[54422845ms] [LOG] [Chat] Realtime conectado @ http://localhost:3000/_next/static/chunks/node_modules_next_dist_f3530cac._.js:2297
[54422848ms] [LOG] [Notificações] Realtime conectado @ http://localhost:3000/_next/static/chunks/node_modules_next_dist_f3530cac._.js:2297
[54425720ms] [WARNING] [Chat] Canal fechado, reconectando... @ http://localhost:3000/_next/static/chunks/node_modules_next_dist_f3530cac._.js:2297
[54425721ms] [WARNING] [Notificações] Canal fechado, reconectando... @ http://localhost:3000/_next/static/chunks/node_modules_next_dist_f3530cac._.js:2297
[54425849ms] [LOG] [Chat] Realtime conectado @ http://localhost:3000/_next/static/chunks/node_modules_next_dist_f3530cac._.js:2297
[54425854ms] [LOG] [Notificações] Realtime conectado @ http://localhost:3000/_next/static/chunks/node_modules_next_dist_f3530cac._.js:2297
[54428729ms] [WARNING] [Chat] Canal fechado, reconectando... @ http://localhost:3000/_next/static/chunks/node_modules_next_dist_f3530cac._.js:2297
[54428730ms] [WARNING] [Notificações] Canal fechado, reconectando... @ http://localhost:3000/_next/static/chunks/node_modules_next_dist_f3530cac._.js:2297
[54428856ms] [LOG] [Chat] Realtime conectado @ http://localhost:3000/_next/static/chunks/node_modules_next_dist_f3530cac._.js:2297
[54428862ms] [LOG] [Notificações] Realtime conectado @ http://localhost:3000/_next/static/chunks/node_modules_next_dist_f3530cac._.js:2297
[54431738ms] [WARNING] [Chat] Canal fechado, reconectando... @ http://localhost:3000/_next/static/chunks/node_modules_next_dist_f3530cac._.js:2297
[54431739ms] [WARNING] [Notificações] Canal fechado, reconectando... @ http://localhost:3000/_next/static/chunks/node_modules_next_dist_f3530cac._.js:2297
[54431867ms] [LOG] [Chat] Realtime conectado @ http://localhost:3000/_next/static/chunks/node_modules_next_dist_f3530cac._.js:2297
[54431869ms] [LOG] [Notificações] Realtime conectado @ http://localhost:3000/_next/static/chunks/node_modules_next_dist_f3530cac._.js:2297
[54434744ms] [WARNING] [Chat] Canal fechado, reconectando... @ http://localhost:3000/_next/static/chunks/node_modules_next_dist_f3530cac._.js:2297
[54434745ms] [WARNING] [Notificações] Canal fechado, reconectando... @ http://localhost:3000/_next/static/chunks/node_modules_next_dist_f3530cac._.js:2297
[54434877ms] [LOG] [Chat] Realtime conectado @ http://localhost:3000/_next/static/chunks/node_modules_next_dist_f3530cac._.js:2297
[54434878ms] [LOG] [Notificações] Realtime conectado @ http://localhost:3000/_next/static/chunks/node_modules_next_dist_f3530cac._.js:2297
[54437753ms] [WARNING] [Chat] Canal fechado, reconectando... @ http://localhost:3000/_next/static/chunks/node_modules_next_dist_f3530cac._.js:2297
[54437754ms] [WARNING] [Notificações] Canal fechado, reconectando... @ http://localhost:3000/_next/static/chunks/node_modules_next_dist_f3530cac._.js:2297
[54437882ms] [LOG] [Chat] Realtime conectado @ http://localhost:3000/_next/static/chunks/node_modules_next_dist_f3530cac._.js:2297
[54437887ms] [LOG] [Notificações] Realtime conectado @ http://localhost:3000/_next/static/chunks/node_modules_next_dist_f3530cac._.js:2297
[54440754ms] [WARNING] [Chat] Canal fechado, reconectando... @ http://localhost:3000/_next/static/chunks/node_modules_next_dist_f3530cac._.js:2297
[54440755ms] [WARNING] [Notificações] Canal fechado, reconectando... @ http://localhost:3000/_next/static/chunks/node_modules_next_dist_f3530cac._.js:2297
[54440886ms] [LOG] [Chat] Realtime conectado @ http://localhost:3000/_next/static/chunks/node_modules_next_dist_f3530cac._.js:2297
[54440889ms] [LOG] [Notificações] Realtime conectado @ http://localhost:3000/_next/static/chunks/node_modules_next_dist_f3530cac._.js:2297
[54443760ms] [WARNING] [Chat] Canal fechado, reconectando... @ http://localhost:3000/_next/static/chunks/node_modules_next_dist_f3530cac._.js:2297
[54443761ms] [WARNING] [Notificações] Canal fechado, reconectando... @ http://localhost:3000/_next/static/chunks/node_modules_next_dist_f3530cac._.js:2297
[54443889ms] [LOG] [Chat] Realtime conectado @ http://localhost:3000/_next/static/chunks/node_modules_next_dist_f3530cac._.js:2297
[54443891ms] [LOG] [Notificações] Realtime conectado @ http://localhost:3000/_next/static/chunks/node_modules_next_dist_f3530cac._.js:2297
[54446761ms] [WARNING] [Chat] Canal fechado, reconectando... @ http://localhost:3000/_next/static/chunks/node_modules_next_dist_f3530cac._.js:2297
[54446761ms] [WARNING] [Notificações] Canal fechado, reconectando... @ http://localhost:3000/_next/static/chunks/node_modules_next_dist_f3530cac._.js:2297
[54446893ms] [LOG] [Chat] Realtime conectado @ http://localhost:3000/_next/static/chunks/node_modules_next_dist_f3530cac._.js:2297
[54446896ms] [LOG] [Notificações] Realtime conectado @ http://localhost:3000/_next/static/chunks/node_modules_next_dist_f3530cac._.js:2297
[54449775ms] [WARNING] [Chat] Canal fechado, reconectando... @ http://localhost:3000/_next/static/chunks/node_modules_next_dist_f3530cac._.js:2297
[54449776ms] [WARNING] [Notificações] Canal fechado, reconectando... @ http://localhost:3000/_next/static/chunks/node_modules_next_dist_f3530cac._.js:2297
[54449907ms] [LOG] [Chat] Realtime conectado @ http://localhost:3000/_next/static/chunks/node_modules_next_dist_f3530cac._.js:2297
[54449918ms] [LOG] [Notificações] Realtime conectado @ http://localhost:3000/_next/static/chunks/node_modules_next_dist_f3530cac._.js:2297
[54452777ms] [WARNING] [Chat] Canal fechado, reconectando... @ http://localhost:3000/_next/static/chunks/node_modules_next_dist_f3530cac._.js:2297
[54452777ms] [WARNING] [Notificações] Canal fechado, reconectando... @ http://localhost:3000/_next/static/chunks/node_modules_next_dist_f3530cac._.js:2297
[54452912ms] [LOG] [Chat] Realtime conectado @ http://localhost:3000/_next/static/chunks/node_modules_next_dist_f3530cac._.js:2297
[54452914ms] [LOG] [Notificações] Realtime conectado @ http://localhost:3000/_next/static/chunks/node_modules_next_dist_f3530cac._.js:2297
[54455789ms] [WARNING] [Chat] Canal fechado, reconectando... @ http://localhost:3000/_next/static/chunks/node_modules_next_dist_f3530cac._.js:2297
[54455789ms] [WARNING] [Notificações] Canal fechado, reconectando... @ http://localhost:3000/_next/static/chunks/node_modules_next_dist_f3530cac._.js:2297
[54455920ms] [LOG] [Chat] Realtime conectado @ http://localhost:3000/_next/static/chunks/node_modules_next_dist_f3530cac._.js:2297
[54455924ms] [LOG] [Notificações] Realtime conectado @ http://localhost:3000/_next/static/chunks/node_modules_next_dist_f3530cac._.js:2297
[54458794ms] [WARNING] [Chat] Canal fechado, reconectando... @ http://localhost:3000/_next/static/chunks/node_modules_next_dist_f3530cac._.js:2297
[54458794ms] [WARNING] [Notificações] Canal fechado, reconectando... @ http://localhost:3000/_next/static/chunks/node_modules_next_dist_f3530cac._.js:2297
[54458921ms] [LOG] [Chat] Realtime conectado @ http://localhost:3000/_next/static/chunks/node_modules_next_dist_f3530cac._.js:2297
[54458923ms] [LOG] [Notificações] Realtime conectado @ http://localhost:3000/_next/static/chunks/node_modules_next_dist_f3530cac._.js:2297
[54461804ms] [WARNING] [Chat] Canal fechado, reconectando... @ http://localhost:3000/_next/static/chunks/node_modules_next_dist_f3530cac._.js:2297
[54461804ms] [WARNING] [Notificações] Canal fechado, reconectando... @ http://localhost:3000/_next/static/chunks/node_modules_next_dist_f3530cac._.js:2297
[54461933ms] [LOG] [Chat] Realtime conectado @ http://localhost:3000/_next/static/chunks/node_modules_next_dist_f3530cac._.js:2297
[54461939ms] [LOG] [Notificações] Realtime conectado @ http://localhost:3000/_next/static/chunks/node_modules_next_dist_f3530cac._.js:2297
[54464808ms] [WARNING] [Chat] Canal fechado, reconectando... @ http://localhost:3000/_next/static/chunks/node_modules_next_dist_f3530cac._.js:2297
[54464809ms] [WARNING] [Notificações] Canal fechado, reconectando... @ http://localhost:3000/_next/static/chunks/node_modules_next_dist_f3530cac._.js:2297
[54464957ms] [LOG] [Chat] Realtime conectado @ http://localhost:3000/_next/static/chunks/node_modules_next_dist_f3530cac._.js:2297
[54464960ms] [LOG] [Notificações] Realtime conectado @ http://localhost:3000/_next/static/chunks/node_modules_next_dist_f3530cac._.js:2297
[54467810ms] [WARNING] [Chat] Canal fechado, reconectando... @ http://localhost:3000/_next/static/chunks/node_modules_next_dist_f3530cac._.js:2297
[54467810ms] [WARNING] [Notificações] Canal fechado, reconectando... @ http://localhost:3000/_next/static/chunks/node_modules_next_dist_f3530cac._.js:2297
[54467938ms] [LOG] [Chat] Realtime conectado @ http://localhost:3000/_next/static/chunks/node_modules_next_dist_f3530cac._.js:2297
[54467942ms] [LOG] [Notificações] Realtime conectado @ http://localhost:3000/_next/static/chunks/node_modules_next_dist_f3530cac._.js:2297
[54470812ms] [WARNING] [Chat] Canal fechado, reconectando... @ http://localhost:3000/_next/static/chunks/node_modules_next_dist_f3530cac._.js:2297
[54470813ms] [WARNING] [Notificações] Canal fechado, reconectando... @ http://localhost:3000/_next/static/chunks/node_modules_next_dist_f3530cac._.js:2297
[54470946ms] [LOG] [Chat] Realtime conectado @ http://localhost:3000/_next/static/chunks/node_modules_next_dist_f3530cac._.js:2297
[54470947ms] [LOG] [Notificações] Realtime conectado @ http://localhost:3000/_next/static/chunks/node_modules_next_dist_f3530cac._.js:2297
[54473816ms] [WARNING] [Chat] Canal fechado, reconectando... @ http://localhost:3000/_next/static/chunks/node_modules_next_dist_f3530cac._.js:2297
[54473817ms] [WARNING] [Notificações] Canal fechado, reconectando... @ http://localhost:3000/_next/static/chunks/node_modules_next_dist_f3530cac._.js:2297
[54473946ms] [LOG] [Chat] Realtime conectado @ http://localhost:3000/_next/static/chunks/node_modules_next_dist_f3530cac._.js:2297
[54473950ms] [LOG] [Notificações] Realtime conectado @ http://localhost:3000/_next/static/chunks/node_modules_next_dist_f3530cac._.js:2297
[54476823ms] [WARNING] [Chat] Canal fechado, reconectando... @ http://localhost:3000/_next/static/chunks/node_modules_next_dist_f3530cac._.js:2297
[54476823ms] [WARNING] [Notificações] Canal fechado, reconectando... @ http://localhost:3000/_next/static/chunks/node_modules_next_dist_f3530cac._.js:2297
[54476953ms] [LOG] [Chat] Realtime conectado @ http://localhost:3000/_next/static/chunks/node_modules_next_dist_f3530cac._.js:2297
[54476960ms] [LOG] [Notificações] Realtime conectado @ http://localhost:3000/_next/static/chunks/node_modules_next_dist_f3530cac._.js:2297
[54479828ms] [WARNING] [Chat] Canal fechado, reconectando... @ http://localhost:3000/_next/static/chunks/node_modules_next_dist_f3530cac._.js:2297
[54479829ms] [WARNING] [Notificações] Canal fechado, reconectando... @ http://localhost:3000/_next/static/chunks/node_modules_next_dist_f3530cac._.js:2297
[54479956ms] [LOG] [Chat] Realtime conectado @ http://localhost:3000/_next/static/chunks/node_modules_next_dist_f3530cac._.js:2297
[54479961ms] [LOG] [Notificações] Realtime conectado @ http://localhost:3000/_next/static/chunks/node_modules_next_dist_f3530cac._.js:2297
[54482836ms] [WARNING] [Chat] Canal fechado, reconectando... @ http://localhost:3000/_next/static/chunks/node_modules_next_dist_f3530cac._.js:2297
[54482837ms] [WARNING] [Notificações] Canal fechado, reconectando... @ http://localhost:3000/_next/static/chunks/node_modules_next_dist_f3530cac._.js:2297
[54482970ms] [LOG] [Chat] Realtime conectado @ http://localhost:3000/_next/static/chunks/node_modules_next_dist_f3530cac._.js:2297
[54482978ms] [LOG] [Notificações] Realtime conectado @ http://localhost:3000/_next/static/chunks/node_modules_next_dist_f3530cac._.js:2297
[54485839ms] [WARNING] [Chat] Canal fechado, reconectando... @ http://localhost:3000/_next/static/chunks/node_modules_next_dist_f3530cac._.js:2297
[54485840ms] [WARNING] [Notificações] Canal fechado, reconectando... @ http://localhost:3000/_next/static/chunks/node_modules_next_dist_f3530cac._.js:2297
[54485968ms] [LOG] [Chat] Realtime conectado @ http://localhost:3000/_next/static/chunks/node_modules_next_dist_f3530cac._.js:2297
[54485970ms] [LOG] [Notificações] Realtime conectado @ http://localhost:3000/_next/static/chunks/node_modules_next_dist_f3530cac._.js:2297
[54488844ms] [WARNING] [Chat] Canal fechado, reconectando... @ http://localhost:3000/_next/static/chunks/node_modules_next_dist_f3530cac._.js:2297
[54488845ms] [WARNING] [Notificações] Canal fechado, reconectando... @ http://localhost:3000/_next/static/chunks/node_modules_next_dist_f3530cac._.js:2297
[54488990ms] [LOG] [Chat] Realtime conectado @ http://localhost:3000/_next/static/chunks/node_modules_next_dist_f3530cac._.js:2297
[54488990ms] [LOG] [Notificações] Realtime conectado @ http://localhost:3000/_next/static/chunks/node_modules_next_dist_f3530cac._.js:2297
[54491860ms] [WARNING] [Chat] Canal fechado, reconectando... @ http://localhost:3000/_next/static/chunks/node_modules_next_dist_f3530cac._.js:2297
[54491860ms] [WARNING] [Notificações] Canal fechado, reconectando... @ http://localhost:3000/_next/static/chunks/node_modules_next_dist_f3530cac._.js:2297
[54491989ms] [LOG] [Chat] Realtime conectado @ http://localhost:3000/_next/static/chunks/node_modules_next_dist_f3530cac._.js:2297
[54491993ms] [LOG] [Notificações] Realtime conectado @ http://localhost:3000/_next/static/chunks/node_modules_next_dist_f3530cac._.js:2297
[54494861ms] [WARNING] [Chat] Canal fechado, reconectando... @ http://localhost:3000/_next/static/chunks/node_modules_next_dist_f3530cac._.js:2297
[54494863ms] [WARNING] [Notificações] Canal fechado, reconectando... @ http://localhost:3000/_next/static/chunks/node_modules_next_dist_f3530cac._.js:2297
[54494993ms] [LOG] [Chat] Realtime conectado @ http://localhost:3000/_next/static/chunks/node_modules_next_dist_f3530cac._.js:2297
[54494995ms] [LOG] [Notificações] Realtime conectado @ http://localhost:3000/_next/static/chunks/node_modules_next_dist_f3530cac._.js:2297
[54497863ms] [WARNING] [Chat] Canal fechado, reconectando... @ http://localhost:3000/_next/static/chunks/node_modules_next_dist_f3530cac._.js:2297
[54497864ms] [WARNING] [Notificações] Canal fechado, reconectando... @ http://localhost:3000/_next/static/chunks/node_modules_next_dist_f3530cac._.js:2297
[54497994ms] [LOG] [Chat] Realtime conectado @ http://localhost:3000/_next/static/chunks/node_modules_next_dist_f3530cac._.js:2297
[54497996ms] [LOG] [Notificações] Realtime conectado @ http://localhost:3000/_next/static/chunks/node_modules_next_dist_f3530cac._.js:2297
[54500865ms] [WARNING] [Chat] Canal fechado, reconectando... @ http://localhost:3000/_next/static/chunks/node_modules_next_dist_f3530cac._.js:2297
[54500866ms] [WARNING] [Notificações] Canal fechado, reconectando... @ http://localhost:3000/_next/static/chunks/node_modules_next_dist_f3530cac._.js:2297
[54501010ms] [LOG] [Chat] Realtime conectado @ http://localhost:3000/_next/static/chunks/node_modules_next_dist_f3530cac._.js:2297
[54501010ms] [LOG] [Notificações] Realtime conectado @ http://localhost:3000/_next/static/chunks/node_modules_next_dist_f3530cac._.js:2297
[54503877ms] [WARNING] [Chat] Canal fechado, reconectando... @ http://localhost:3000/_next/static/chunks/node_modules_next_dist_f3530cac._.js:2297
[54503878ms] [WARNING] [Notificações] Canal fechado, reconectando... @ http://localhost:3000/_next/static/chunks/node_modules_next_dist_f3530cac._.js:2297
[54504006ms] [LOG] [Chat] Realtime conectado @ http://localhost:3000/_next/static/chunks/node_modules_next_dist_f3530cac._.js:2297
[54504009ms] [LOG] [Notificações] Realtime conectado @ http://localhost:3000/_next/static/chunks/node_modules_next_dist_f3530cac._.js:2297
[54506886ms] [WARNING] [Chat] Canal fechado, reconectando... @ http://localhost:3000/_next/static/chunks/node_modules_next_dist_f3530cac._.js:2297
[54506886ms] [WARNING] [Notificações] Canal fechado, reconectando... @ http://localhost:3000/_next/static/chunks/node_modules_next_dist_f3530cac._.js:2297
[54507014ms] [LOG] [Chat] Realtime conectado @ http://localhost:3000/_next/static/chunks/node_modules_next_dist_f3530cac._.js:2297
[54507017ms] [LOG] [Notificações] Realtime conectado @ http://localhost:3000/_next/static/chunks/node_modules_next_dist_f3530cac._.js:2297
[54509887ms] [WARNING] [Chat] Canal fechado, reconectando... @ http://localhost:3000/_next/static/chunks/node_modules_next_dist_f3530cac._.js:2297
[54509887ms] [WARNING] [Notificações] Canal fechado, reconectando... @ http://localhost:3000/_next/static/chunks/node_modules_next_dist_f3530cac._.js:2297
[54510067ms] [LOG] [Chat] Realtime conectado @ http://localhost:3000/_next/static/chunks/node_modules_next_dist_f3530cac._.js:2297
[54510067ms] [LOG] [Notificações] Realtime conectado @ http://localhost:3000/_next/static/chunks/node_modules_next_dist_f3530cac._.js:2297
[54512893ms] [WARNING] [Chat] Canal fechado, reconectando... @ http://localhost:3000/_next/static/chunks/node_modules_next_dist_f3530cac._.js:2297
[54512893ms] [WARNING] [Notificações] Canal fechado, reconectando... @ http://localhost:3000/_next/static/chunks/node_modules_next_dist_f3530cac._.js:2297
[54513029ms] [LOG] [Chat] Realtime conectado @ http://localhost:3000/_next/static/chunks/node_modules_next_dist_f3530cac._.js:2297
[54513140ms] [LOG] [Notificações] Realtime conectado @ http://localhost:3000/_next/static/chunks/node_modules_next_dist_f3530cac._.js:2297
[54515900ms] [WARNING] [Chat] Canal fechado, reconectando... @ http://localhost:3000/_next/static/chunks/node_modules_next_dist_f3530cac._.js:2297
[54515901ms] [WARNING] [Notificações] Canal fechado, reconectando... @ http://localhost:3000/_next/static/chunks/node_modules_next_dist_f3530cac._.js:2297
[54516044ms] [LOG] [Chat] Realtime conectado @ http://localhost:3000/_next/static/chunks/node_modules_next_dist_f3530cac._.js:2297
[54516045ms] [LOG] [Notificações] Realtime conectado @ http://localhost:3000/_next/static/chunks/node_modules_next_dist_f3530cac._.js:2297
[54518905ms] [WARNING] [Chat] Canal fechado, reconectando... @ http://localhost:3000/_next/static/chunks/node_modules_next_dist_f3530cac._.js:2297
[54518905ms] [WARNING] [Notificações] Canal fechado, reconectando... @ http://localhost:3000/_next/static/chunks/node_modules_next_dist_f3530cac._.js:2297
[54519033ms] [LOG] [Chat] Realtime conectado @ http://localhost:3000/_next/static/chunks/node_modules_next_dist_f3530cac._.js:2297
[54519035ms] [LOG] [Notificações] Realtime conectado @ http://localhost:3000/_next/static/chunks/node_modules_next_dist_f3530cac._.js:2297
[54521909ms] [WARNING] [Chat] Canal fechado, reconectando... @ http://localhost:3000/_next/static/chunks/node_modules_next_dist_f3530cac._.js:2297
[54521909ms] [WARNING] [Notificações] Canal fechado, reconectando... @ http://localhost:3000/_next/static/chunks/node_modules_next_dist_f3530cac._.js:2297
[54522040ms] [LOG] [Chat] Realtime conectado @ http://localhost:3000/_next/static/chunks/node_modules_next_dist_f3530cac._.js:2297
[54522054ms] [LOG] [Notificações] Realtime conectado @ http://localhost:3000/_next/static/chunks/node_modules_next_dist_f3530cac._.js:2297
[54524916ms] [WARNING] [Chat] Canal fechado, reconectando... @ http://localhost:3000/_next/static/chunks/node_modules_next_dist_f3530cac._.js:2297
[54524916ms] [WARNING] [Notificações] Canal fechado, reconectando... @ http://localhost:3000/_next/static/chunks/node_modules_next_dist_f3530cac._.js:2297
[54525046ms] [LOG] [Chat] Realtime conectado @ http://localhost:3000/_next/static/chunks/node_modules_next_dist_f3530cac._.js:2297
[54525051ms] [LOG] [Notificações] Realtime conectado @ http://localhost:3000/_next/static/chunks/node_modules_next_dist_f3530cac._.js:2297
[54527923ms] [WARNING] [Chat] Canal fechado, reconectando... @ http://localhost:3000/_next/static/chunks/node_modules_next_dist_f3530cac._.js:2297
[54527923ms] [WARNING] [Notificações] Canal fechado, reconectando... @ http://localhost:3000/_next/static/chunks/node_modules_next_dist_f3530cac._.js:2297
[54528052ms] [LOG] [Chat] Realtime conectado @ http://localhost:3000/_next/static/chunks/node_modules_next_dist_f3530cac._.js:2297
[54528056ms] [LOG] [Notificações] Realtime conectado @ http://localhost:3000/_next/static/chunks/node_modules_next_dist_f3530cac._.js:2297
[54530926ms] [WARNING] [Chat] Canal fechado, reconectando... @ http://localhost:3000/_next/static/chunks/node_modules_next_dist_f3530cac._.js:2297
[54530927ms] [WARNING] [Notificações] Canal fechado, reconectando... @ http://localhost:3000/_next/static/chunks/node_modules_next_dist_f3530cac._.js:2297
[54531059ms] [LOG] [Chat] Realtime conectado @ http://localhost:3000/_next/static/chunks/node_modules_next_dist_f3530cac._.js:2297
[54531061ms] [LOG] [Notificações] Realtime conectado @ http://localhost:3000/_next/static/chunks/node_modules_next_dist_f3530cac._.js:2297
[54533927ms] [WARNING] [Chat] Canal fechado, reconectando... @ http://localhost:3000/_next/static/chunks/node_modules_next_dist_f3530cac._.js:2297
[54533928ms] [WARNING] [Notificações] Canal fechado, reconectando... @ http://localhost:3000/_next/static/chunks/node_modules_next_dist_f3530cac._.js:2297
[54534075ms] [LOG] [Chat] Realtime conectado @ http://localhost:3000/_next/static/chunks/node_modules_next_dist_f3530cac._.js:2297
[54534076ms] [LOG] [Notificações] Realtime conectado @ http://localhost:3000/_next/static/chunks/node_modules_next_dist_f3530cac._.js:2297
[54535539ms] [LOG] [Fast Refresh] rebuilding @ http://localhost:3000/_next/static/chunks/node_modules_next_dist_f3530cac._.js:2297
[54535564ms] [LOG] [Fast Refresh] done in 129ms @ http://localhost:3000/_next/static/chunks/node_modules_next_dist_f3530cac._.js:2297
[54535677ms] [LOG] [Fast Refresh] rebuilding @ http://localhost:3000/_next/static/chunks/node_modules_next_dist_f3530cac._.js:2297
[54535721ms] [LOG] [Fast Refresh] done in 156ms @ http://localhost:3000/_next/static/chunks/node_modules_next_dist_f3530cac._.js:2297
[54536931ms] [WARNING] [Chat] Canal fechado, reconectando... @ http://localhost:3000/_next/static/chunks/node_modules_next_dist_f3530cac._.js:2297
[54536933ms] [WARNING] [Notificações] Canal fechado, reconectando... @ http://localhost:3000/_next/static/chunks/node_modules_next_dist_f3530cac._.js:2297
[54537064ms] [LOG] [Chat] Realtime conectado @ http://localhost:3000/_next/static/chunks/node_modules_next_dist_f3530cac._.js:2297
[54537065ms] [LOG] [Notificações] Realtime conectado @ http://localhost:3000/_next/static/chunks/node_modules_next_dist_f3530cac._.js:2297
[54539944ms] [WARNING] [Chat] Canal fechado, reconectando... @ http://localhost:3000/_next/static/chunks/node_modules_next_dist_f3530cac._.js:2297
[54539946ms] [WARNING] [Notificações] Canal fechado, reconectando... @ http://localhost:3000/_next/static/chunks/node_modules_next_dist_f3530cac._.js:2297
[54540076ms] [LOG] [Chat] Realtime conectado @ http://localhost:3000/_next/static/chunks/node_modules_next_dist_f3530cac._.js:2297
[54540080ms] [LOG] [Notificações] Realtime conectado @ http://localhost:3000/_next/static/chunks/node_modules_next_dist_f3530cac._.js:2297
[54542950ms] [WARNING] [Chat] Canal fechado, reconectando... @ http://localhost:3000/_next/static/chunks/node_modules_next_dist_f3530cac._.js:2297
[54542951ms] [WARNING] [Notificações] Canal fechado, reconectando... @ http://localhost:3000/_next/static/chunks/node_modules_next_dist_f3530cac._.js:2297
[54543081ms] [LOG] [Chat] Realtime conectado @ http://localhost:3000/_next/static/chunks/node_modules_next_dist_f3530cac._.js:2297
[54543085ms] [LOG] [Notificações] Realtime conectado @ http://localhost:3000/_next/static/chunks/node_modules_next_dist_f3530cac._.js:2297
[54545960ms] [WARNING] [Chat] Canal fechado, reconectando... @ http://localhost:3000/_next/static/chunks/node_modules_next_dist_f3530cac._.js:2297
[54545960ms] [WARNING] [Notificações] Canal fechado, reconectando... @ http://localhost:3000/_next/static/chunks/node_modules_next_dist_f3530cac._.js:2297
[54546092ms] [LOG] [Chat] Realtime conectado @ http://localhost:3000/_next/static/chunks/node_modules_next_dist_f3530cac._.js:2297
[54546095ms] [LOG] [Notificações] Realtime conectado @ http://localhost:3000/_next/static/chunks/node_modules_next_dist_f3530cac._.js:2297
[54548964ms] [WARNING] [Chat] Canal fechado, reconectando... @ http://localhost:3000/_next/static/chunks/node_modules_next_dist_f3530cac._.js:2297
[54548964ms] [WARNING] [Notificações] Canal fechado, reconectando... @ http://localhost:3000/_next/static/chunks/node_modules_next_dist_f3530cac._.js:2297
[54549097ms] [LOG] [Chat] Realtime conectado @ http://localhost:3000/_next/static/chunks/node_modules_next_dist_f3530cac._.js:2297
[54549098ms] [LOG] [Notificações] Realtime conectado @ http://localhost:3000/_next/static/chunks/node_modules_next_dist_f3530cac._.js:2297
[54551975ms] [WARNING] [Chat] Canal fechado, reconectando... @ http://localhost:3000/_next/static/chunks/node_modules_next_dist_f3530cac._.js:2297
[54551975ms] [WARNING] [Notificações] Canal fechado, reconectando... @ http://localhost:3000/_next/static/chunks/node_modules_next_dist_f3530cac._.js:2297
[54552105ms] [LOG] [Chat] Realtime conectado @ http://localhost:3000/_next/static/chunks/node_modules_next_dist_f3530cac._.js:2297
[54552108ms] [LOG] [Notificações] Realtime conectado @ http://localhost:3000/_next/static/chunks/node_modules_next_dist_f3530cac._.js:2297
[54554976ms] [WARNING] [Chat] Canal fechado, reconectando... @ http://localhost:3000/_next/static/chunks/node_modules_next_dist_f3530cac._.js:2297
[54554977ms] [WARNING] [Notificações] Canal fechado, reconectando... @ http://localhost:3000/_next/static/chunks/node_modules_next_dist_f3530cac._.js:2297
[54555106ms] [LOG] [Chat] Realtime conectado @ http://localhost:3000/_next/static/chunks/node_modules_next_dist_f3530cac._.js:2297
[54555110ms] [LOG] [Notificações] Realtime conectado @ http://localhost:3000/_next/static/chunks/node_modules_next_dist_f3530cac._.js:2297
[54557983ms] [WARNING] [Chat] Canal fechado, reconectando... @ http://localhost:3000/_next/static/chunks/node_modules_next_dist_f3530cac._.js:2297
[54557984ms] [WARNING] [Notificações] Canal fechado, reconectando... @ http://localhost:3000/_next/static/chunks/node_modules_next_dist_f3530cac._.js:2297
[54558104ms] [LOG] [Fast Refresh] rebuilding @ http://localhost:3000/_next/static/chunks/node_modules_next_dist_f3530cac._.js:2297
[54558112ms] [LOG] [Fast Refresh] done in 112ms @ http://localhost:3000/_next/static/chunks/node_modules_next_dist_f3530cac._.js:2297
[54558120ms] [LOG] [Chat] Realtime conectado @ http://localhost:3000/_next/static/chunks/node_modules_next_dist_f3530cac._.js:2297
[54558121ms] [LOG] [Notificações] Realtime conectado @ http://localhost:3000/_next/static/chunks/node_modules_next_dist_f3530cac._.js:2297
[54558226ms] [LOG] [Fast Refresh] rebuilding @ http://localhost:3000/_next/static/chunks/node_modules_next_dist_f3530cac._.js:2297
[54558289ms] [LOG] [Fast Refresh] done in 164ms @ http://localhost:3000/_next/static/chunks/node_modules_next_dist_f3530cac._.js:2297
[54560992ms] [WARNING] [Chat] Canal fechado, reconectando... @ http://localhost:3000/_next/static/chunks/node_modules_next_dist_f3530cac._.js:2297
[54560993ms] [WARNING] [Notificações] Canal fechado, reconectando... @ http://localhost:3000/_next/static/chunks/node_modules_next_dist_f3530cac._.js:2297
[54561125ms] [LOG] [Fast Refresh] rebuilding @ http://localhost:3000/_next/static/chunks/node_modules_next_dist_f3530cac._.js:2297
[54561126ms] [LOG] [Chat] Realtime conectado @ http://localhost:3000/_next/static/chunks/node_modules_next_dist_f3530cac._.js:2297
[54561127ms] [LOG] [Notificações] Realtime conectado @ http://localhost:3000/_next/static/chunks/node_modules_next_dist_f3530cac._.js:2297
[54561283ms] [LOG] [Fast Refresh] done in 262ms @ http://localhost:3000/_next/static/chunks/node_modules_next_dist_f3530cac._.js:2297
[54561402ms] [LOG] [Fast Refresh] rebuilding @ http://localhost:3000/_next/static/chunks/node_modules_next_dist_f3530cac._.js:2297
[54561717ms] [LOG] [Fast Refresh] done in 419ms @ http://localhost:3000/_next/static/chunks/node_modules_next_dist_f3530cac._.js:2297
[54561943ms] [LOG] [Fast Refresh] rebuilding @ http://localhost:3000/_next/static/chunks/node_modules_next_dist_f3530cac._.js:2297
[54561979ms] [LOG] [Fast Refresh] done in 142ms @ http://localhost:3000/_next/static/chunks/node_modules_next_dist_f3530cac._.js:2297
[54564009ms] [WARNING] [Chat] Canal fechado, reconectando... @ http://localhost:3000/_next/static/chunks/node_modules_next_dist_f3530cac._.js:2297
[54564009ms] [WARNING] [Notificações] Canal fechado, reconectando... @ http://localhost:3000/_next/static/chunks/node_modules_next_dist_f3530cac._.js:2297
[54564144ms] [LOG] [Chat] Realtime conectado @ http://localhost:3000/_next/static/chunks/node_modules_next_dist_f3530cac._.js:2297
[54564145ms] [LOG] [Notificações] Realtime conectado @ http://localhost:3000/_next/static/chunks/node_modules_next_dist_f3530cac._.js:2297
[54567010ms] [WARNING] [Chat] Canal fechado, reconectando... @ http://localhost:3000/_next/static/chunks/node_modules_next_dist_f3530cac._.js:2297
[54567011ms] [WARNING] [Notificações] Canal fechado, reconectando... @ http://localhost:3000/_next/static/chunks/node_modules_next_dist_f3530cac._.js:2297
[54567161ms] [LOG] [Chat] Realtime conectado @ http://localhost:3000/_next/static/chunks/node_modules_next_dist_f3530cac._.js:2297
[54567161ms] [LOG] [Notificações] Realtime conectado @ http://localhost:3000/_next/static/chunks/node_modules_next_dist_f3530cac._.js:2297
[54567397ms] [LOG] [Fast Refresh] rebuilding @ http://localhost:3000/_next/static/chunks/node_modules_next_dist_f3530cac._.js:2297
[54567788ms] [LOG] [Fast Refresh] done in 491ms @ http://localhost:3000/_next/static/chunks/node_modules_next_dist_f3530cac._.js:2297
[54567893ms] [LOG] [Fast Refresh] rebuilding @ http://localhost:3000/_next/static/chunks/node_modules_next_dist_f3530cac._.js:2297
[54568267ms] [LOG] [Fast Refresh] done in 477ms @ http://localhost:3000/_next/static/chunks/node_modules_next_dist_f3530cac._.js:2297
[54568449ms] [LOG] [Fast Refresh] rebuilding @ http://localhost:3000/_next/static/chunks/node_modules_next_dist_f3530cac._.js:2297
[54569011ms] [LOG] [Fast Refresh] done in 666ms @ http://localhost:3000/_next/static/chunks/node_modules_next_dist_f3530cac._.js:2297
[54569510ms] [LOG] [Fast Refresh] rebuilding @ http://localhost:3000/_next/static/chunks/node_modules_next_dist_f3530cac._.js:2297
[54570013ms] [WARNING] [Chat] Canal fechado, reconectando... @ http://localhost:3000/_next/static/chunks/node_modules_next_dist_f3530cac._.js:2297
[54570014ms] [WARNING] [Notificações] Canal fechado, reconectando... @ http://localhost:3000/_next/static/chunks/node_modules_next_dist_f3530cac._.js:2297
[54570155ms] [LOG] [Chat] Realtime conectado @ http://localhost:3000/_next/static/chunks/node_modules_next_dist_f3530cac._.js:2297
[54570156ms] [LOG] [Notificações] Realtime conectado @ http://localhost:3000/_next/static/chunks/node_modules_next_dist_f3530cac._.js:2297
[54570179ms] [LOG] [Fast Refresh] done in 781ms @ http://localhost:3000/_next/static/chunks/node_modules_next_dist_f3530cac._.js:2297
[54570425ms] [LOG] [Fast Refresh] rebuilding @ http://localhost:3000/_next/static/chunks/node_modules_next_dist_f3530cac._.js:2297
[54570585ms] [LOG] [Fast Refresh] done in 267ms @ http://localhost:3000/_next/static/chunks/node_modules_next_dist_f3530cac._.js:2297
[54573025ms] [WARNING] [Chat] Canal fechado, reconectando... @ http://localhost:3000/_next/static/chunks/node_modules_next_dist_f3530cac._.js:2297
[54573026ms] [WARNING] [Notificações] Canal fechado, reconectando... @ http://localhost:3000/_next/static/chunks/node_modules_next_dist_f3530cac._.js:2297
[54573154ms] [LOG] [Chat] Realtime conectado @ http://localhost:3000/_next/static/chunks/node_modules_next_dist_f3530cac._.js:2297
[54573158ms] [LOG] [Notificações] Realtime conectado @ http://localhost:3000/_next/static/chunks/node_modules_next_dist_f3530cac._.js:2297
[54576029ms] [WARNING] [Chat] Canal fechado, reconectando... @ http://localhost:3000/_next/static/chunks/node_modules_next_dist_f3530cac._.js:2297
[54576030ms] [WARNING] [Notificações] Canal fechado, reconectando... @ http://localhost:3000/_next/static/chunks/node_modules_next_dist_f3530cac._.js:2297
[54576159ms] [LOG] [Chat] Realtime conectado @ http://localhost:3000/_next/static/chunks/node_modules_next_dist_f3530cac._.js:2297
[54576163ms] [LOG] [Notificações] Realtime conectado @ http://localhost:3000/_next/static/chunks/node_modules_next_dist_f3530cac._.js:2297
[54579033ms] [WARNING] [Chat] Canal fechado, reconectando... @ http://localhost:3000/_next/static/chunks/node_modules_next_dist_f3530cac._.js:2297
[54579034ms] [WARNING] [Notificações] Canal fechado, reconectando... @ http://localhost:3000/_next/static/chunks/node_modules_next_dist_f3530cac._.js:2297
[54579198ms] [LOG] [Chat] Realtime conectado @ http://localhost:3000/_next/static/chunks/node_modules_next_dist_f3530cac._.js:2297
[54579198ms] [LOG] [Notificações] Realtime conectado @ http://localhost:3000/_next/static/chunks/node_modules_next_dist_f3530cac._.js:2297
[54582043ms] [WARNING] [Chat] Canal fechado, reconectando... @ http://localhost:3000/_next/static/chunks/node_modules_next_dist_f3530cac._.js:2297
[54582043ms] [WARNING] [Notificações] Canal fechado, reconectando... @ http://localhost:3000/_next/static/chunks/node_modules_next_dist_f3530cac._.js:2297
[54582167ms] [LOG] [Fast Refresh] rebuilding @ http://localhost:3000/_next/static/chunks/node_modules_next_dist_f3530cac._.js:2297
[54582176ms] [LOG] [Chat] Realtime conectado @ http://localhost:3000/_next/static/chunks/node_modules_next_dist_f3530cac._.js:2297
[54582177ms] [LOG] [Fast Refresh] done in 117ms @ http://localhost:3000/_next/static/chunks/node_modules_next_dist_f3530cac._.js:2297
[54582178ms] [LOG] [Notificações] Realtime conectado @ http://localhost:3000/_next/static/chunks/node_modules_next_dist_f3530cac._.js:2297
[54585059ms] [WARNING] [Chat] Canal fechado, reconectando... @ http://localhost:3000/_next/static/chunks/node_modules_next_dist_f3530cac._.js:2297
[54585060ms] [WARNING] [Notificações] Canal fechado, reconectando... @ http://localhost:3000/_next/static/chunks/node_modules_next_dist_f3530cac._.js:2297
[54585189ms] [LOG] [Chat] Realtime conectado @ http://localhost:3000/_next/static/chunks/node_modules_next_dist_f3530cac._.js:2297
[54585193ms] [LOG] [Notificações] Realtime conectado @ http://localhost:3000/_next/static/chunks/node_modules_next_dist_f3530cac._.js:2297
[54588064ms] [WARNING] [Chat] Canal fechado, reconectando... @ http://localhost:3000/_next/static/chunks/node_modules_next_dist_f3530cac._.js:2297
[54588065ms] [WARNING] [Notificações] Canal fechado, reconectando... @ http://localhost:3000/_next/static/chunks/node_modules_next_dist_f3530cac._.js:2297
[54588202ms] [LOG] [Chat] Realtime conectado @ http://localhost:3000/_next/static/chunks/node_modules_next_dist_f3530cac._.js:2297
[54588202ms] [LOG] [Notificações] Realtime conectado @ http://localhost:3000/_next/static/chunks/node_modules_next_dist_f3530cac._.js:2297
[54591075ms] [WARNING] [Chat] Canal fechado, reconectando... @ http://localhost:3000/_next/static/chunks/node_modules_next_dist_f3530cac._.js:2297
[54591076ms] [WARNING] [Notificações] Canal fechado, reconectando... @ http://localhost:3000/_next/static/chunks/node_modules_next_dist_f3530cac._.js:2297
[54591209ms] [LOG] [Chat] Realtime conectado @ http://localhost:3000/_next/static/chunks/node_modules_next_dist_f3530cac._.js:2297
[54591214ms] [LOG] [Notificações] Realtime conectado @ http://localhost:3000/_next/static/chunks/node_modules_next_dist_f3530cac._.js:2297
[54594080ms] [WARNING] [Chat] Canal fechado, reconectando... @ http://localhost:3000/_next/static/chunks/node_modules_next_dist_f3530cac._.js:2297
[54594081ms] [WARNING] [Notificações] Canal fechado, reconectando... @ http://localhost:3000/_next/static/chunks/node_modules_next_dist_f3530cac._.js:2297
[54594210ms] [LOG] [Chat] Realtime conectado @ http://localhost:3000/_next/static/chunks/node_modules_next_dist_f3530cac._.js:2297
[54594214ms] [LOG] [Notificações] Realtime conectado @ http://localhost:3000/_next/static/chunks/node_modules_next_dist_f3530cac._.js:2297
[54597082ms] [WARNING] [Chat] Canal fechado, reconectando... @ http://localhost:3000/_next/static/chunks/node_modules_next_dist_f3530cac._.js:2297
[54597082ms] [WARNING] [Notificações] Canal fechado, reconectando... @ http://localhost:3000/_next/static/chunks/node_modules_next_dist_f3530cac._.js:2297
[54597211ms] [LOG] [Chat] Realtime conectado @ http://localhost:3000/_next/static/chunks/node_modules_next_dist_f3530cac._.js:2297
[54597216ms] [LOG] [Notificações] Realtime conectado @ http://localhost:3000/_next/static/chunks/node_modules_next_dist_f3530cac._.js:2297
[54600091ms] [WARNING] [Chat] Canal fechado, reconectando... @ http://localhost:3000/_next/static/chunks/node_modules_next_dist_f3530cac._.js:2297
[54600092ms] [WARNING] [Notificações] Canal fechado, reconectando... @ http://localhost:3000/_next/static/chunks/node_modules_next_dist_f3530cac._.js:2297
[54600232ms] [LOG] [Chat] Realtime conectado @ http://localhost:3000/_next/static/chunks/node_modules_next_dist_f3530cac._.js:2297
[54600236ms] [LOG] [Notificações] Realtime conectado @ http://localhost:3000/_next/static/chunks/node_modules_next_dist_f3530cac._.js:2297
[54603098ms] [WARNING] [Chat] Canal fechado, reconectando... @ http://localhost:3000/_next/static/chunks/node_modules_next_dist_f3530cac._.js:2297
[54603099ms] [WARNING] [Notificações] Canal fechado, reconectando... @ http://localhost:3000/_next/static/chunks/node_modules_next_dist_f3530cac._.js:2297
[54603229ms] [LOG] [Chat] Realtime conectado @ http://localhost:3000/_next/static/chunks/node_modules_next_dist_f3530cac._.js:2297
[54603232ms] [LOG] [Notificações] Realtime conectado @ http://localhost:3000/_next/static/chunks/node_modules_next_dist_f3530cac._.js:2297
[54606108ms] [WARNING] [Chat] Canal fechado, reconectando... @ http://localhost:3000/_next/static/chunks/node_modules_next_dist_f3530cac._.js:2297
[54606109ms] [WARNING] [Notificações] Canal fechado, reconectando... @ http://localhost:3000/_next/static/chunks/node_modules_next_dist_f3530cac._.js:2297
[54606237ms] [LOG] [Chat] Realtime conectado @ http://localhost:3000/_next/static/chunks/node_modules_next_dist_f3530cac._.js:2297
[54606241ms] [LOG] [Notificações] Realtime conectado @ http://localhost:3000/_next/static/chunks/node_modules_next_dist_f3530cac._.js:2297
[54609109ms] [WARNING] [Chat] Canal fechado, reconectando... @ http://localhost:3000/_next/static/chunks/node_modules_next_dist_f3530cac._.js:2297
[54609109ms] [WARNING] [Notificações] Canal fechado, reconectando... @ http://localhost:3000/_next/static/chunks/node_modules_next_dist_f3530cac._.js:2297
[54609236ms] [LOG] [Chat] Realtime conectado @ http://localhost:3000/_next/static/chunks/node_modules_next_dist_f3530cac._.js:2297
[54609238ms] [LOG] [Notificações] Realtime conectado @ http://localhost:3000/_next/static/chunks/node_modules_next_dist_f3530cac._.js:2297
[54612124ms] [WARNING] [Chat] Canal fechado, reconectando... @ http://localhost:3000/_next/static/chunks/node_modules_next_dist_f3530cac._.js:2297
[54612125ms] [WARNING] [Notificações] Canal fechado, reconectando... @ http://localhost:3000/_next/static/chunks/node_modules_next_dist_f3530cac._.js:2297
[54612251ms] [LOG] [Chat] Realtime conectado @ http://localhost:3000/_next/static/chunks/node_modules_next_dist_f3530cac._.js:2297
[54612253ms] [LOG] [Notificações] Realtime conectado @ http://localhost:3000/_next/static/chunks/node_modules_next_dist_f3530cac._.js:2297
[54614730ms] [LOG] [Fast Refresh] rebuilding @ http://localhost:3000/_next/static/chunks/node_modules_next_dist_f3530cac._.js:2297
[54615058ms] [LOG] [Fast Refresh] done in 429ms @ http://localhost:3000/_next/static/chunks/node_modules_next_dist_f3530cac._.js:2297
[54615125ms] [WARNING] [Chat] Canal fechado, reconectando... @ http://localhost:3000/_next/static/chunks/node_modules_next_dist_f3530cac._.js:2297
[54615126ms] [WARNING] [Notificações] Canal fechado, reconectando... @ http://localhost:3000/_next/static/chunks/node_modules_next_dist_f3530cac._.js:2297
[54615262ms] [LOG] [Chat] Realtime conectado @ http://localhost:3000/_next/static/chunks/node_modules_next_dist_f3530cac._.js:2297
[54615266ms] [LOG] [Notificações] Realtime conectado @ http://localhost:3000/_next/static/chunks/node_modules_next_dist_f3530cac._.js:2297
[54618135ms] [WARNING] [Chat] Canal fechado, reconectando... @ http://localhost:3000/_next/static/chunks/node_modules_next_dist_f3530cac._.js:2297
[54618136ms] [WARNING] [Notificações] Canal fechado, reconectando... @ http://localhost:3000/_next/static/chunks/node_modules_next_dist_f3530cac._.js:2297
[54618288ms] [LOG] [Chat] Realtime conectado @ http://localhost:3000/_next/static/chunks/node_modules_next_dist_f3530cac._.js:2297
[54618288ms] [LOG] [Notificações] Realtime conectado @ http://localhost:3000/_next/static/chunks/node_modules_next_dist_f3530cac._.js:2297
[54621137ms] [WARNING] [Chat] Canal fechado, reconectando... @ http://localhost:3000/_next/static/chunks/node_modules_next_dist_f3530cac._.js:2297
[54621137ms] [WARNING] [Notificações] Canal fechado, reconectando... @ http://localhost:3000/_next/static/chunks/node_modules_next_dist_f3530cac._.js:2297
[54621286ms] [LOG] [Chat] Realtime conectado @ http://localhost:3000/_next/static/chunks/node_modules_next_dist_f3530cac._.js:2297
[54621287ms] [LOG] [Notificações] Realtime conectado @ http://localhost:3000/_next/static/chunks/node_modules_next_dist_f3530cac._.js:2297
[54624141ms] [WARNING] [Chat] Canal fechado, reconectando... @ http://localhost:3000/_next/static/chunks/node_modules_next_dist_f3530cac._.js:2297
[54624142ms] [WARNING] [Notificações] Canal fechado, reconectando... @ http://localhost:3000/_next/static/chunks/node_modules_next_dist_f3530cac._.js:2297
[54624274ms] [LOG] [Chat] Realtime conectado @ http://localhost:3000/_next/static/chunks/node_modules_next_dist_f3530cac._.js:2297
[54624278ms] [LOG] [Notificações] Realtime conectado @ http://localhost:3000/_next/static/chunks/node_modules_next_dist_f3530cac._.js:2297
[54627143ms] [WARNING] [Chat] Canal fechado, reconectando... @ http://localhost:3000/_next/static/chunks/node_modules_next_dist_f3530cac._.js:2297
[54627144ms] [WARNING] [Notificações] Canal fechado, reconectando... @ http://localhost:3000/_next/static/chunks/node_modules_next_dist_f3530cac._.js:2297
[54627299ms] [LOG] [Chat] Realtime conectado @ http://localhost:3000/_next/static/chunks/node_modules_next_dist_f3530cac._.js:2297
[54627302ms] [LOG] [Notificações] Realtime conectado @ http://localhost:3000/_next/static/chunks/node_modules_next_dist_f3530cac._.js:2297
[54630146ms] [WARNING] [Chat] Canal fechado, reconectando... @ http://localhost:3000/_next/static/chunks/node_modules_next_dist_f3530cac._.js:2297
[54630147ms] [WARNING] [Notificações] Canal fechado, reconectando... @ http://localhost:3000/_next/static/chunks/node_modules_next_dist_f3530cac._.js:2297
[54630278ms] [LOG] [Chat] Realtime conectado @ http://localhost:3000/_next/static/chunks/node_modules_next_dist_f3530cac._.js:2297
[54630281ms] [LOG] [Notificações] Realtime conectado @ http://localhost:3000/_next/static/chunks/node_modules_next_dist_f3530cac._.js:2297
[54633154ms] [WARNING] [Chat] Canal fechado, reconectando... @ http://localhost:3000/_next/static/chunks/node_modules_next_dist_f3530cac._.js:2297
[54633155ms] [WARNING] [Notificações] Canal fechado, reconectando... @ http://localhost:3000/_next/static/chunks/node_modules_next_dist_f3530cac._.js:2297
[54633286ms] [LOG] [Chat] Realtime conectado @ http://localhost:3000/_next/static/chunks/node_modules_next_dist_f3530cac._.js:2297
[54633287ms] [LOG] [Notificações] Realtime conectado @ http://localhost:3000/_next/static/chunks/node_modules_next_dist_f3530cac._.js:2297
[54633295ms] [LOG] [Fast Refresh] rebuilding @ http://localhost:3000/_next/static/chunks/node_modules_next_dist_f3530cac._.js:2297
[54633299ms] [LOG] [Fast Refresh] done in 106ms @ http://localhost:3000/_next/static/chunks/node_modules_next_dist_f3530cac._.js:2297
[54633407ms] [LOG] [Fast Refresh] rebuilding @ http://localhost:3000/_next/static/chunks/node_modules_next_dist_f3530cac._.js:2297
[54633421ms] [LOG] [Fast Refresh] done in 121ms @ http://localhost:3000/_next/static/chunks/node_modules_next_dist_f3530cac._.js:2297
[54636158ms] [WARNING] [Chat] Canal fechado, reconectando... @ http://localhost:3000/_next/static/chunks/node_modules_next_dist_f3530cac._.js:2297
[54636159ms] [WARNING] [Notificações] Canal fechado, reconectando... @ http://localhost:3000/_next/static/chunks/node_modules_next_dist_f3530cac._.js:2297
[54636292ms] [LOG] [Chat] Realtime conectado @ http://localhost:3000/_next/static/chunks/node_modules_next_dist_f3530cac._.js:2297
[54636293ms] [LOG] [Notificações] Realtime conectado @ http://localhost:3000/_next/static/chunks/node_modules_next_dist_f3530cac._.js:2297
[54639169ms] [WARNING] [Chat] Canal fechado, reconectando... @ http://localhost:3000/_next/static/chunks/node_modules_next_dist_f3530cac._.js:2297
[54639170ms] [WARNING] [Notificações] Canal fechado, reconectando... @ http://localhost:3000/_next/static/chunks/node_modules_next_dist_f3530cac._.js:2297
[54639298ms] [LOG] [Chat] Realtime conectado @ http://localhost:3000/_next/static/chunks/node_modules_next_dist_f3530cac._.js:2297
[54639300ms] [LOG] [Notificações] Realtime conectado @ http://localhost:3000/_next/static/chunks/node_modules_next_dist_f3530cac._.js:2297
[54642175ms] [WARNING] [Chat] Canal fechado, reconectando... @ http://localhost:3000/_next/static/chunks/node_modules_next_dist_f3530cac._.js:2297
[54642176ms] [WARNING] [Notificações] Canal fechado, reconectando... @ http://localhost:3000/_next/static/chunks/node_modules_next_dist_f3530cac._.js:2297
[54642307ms] [LOG] [Chat] Realtime conectado @ http://localhost:3000/_next/static/chunks/node_modules_next_dist_f3530cac._.js:2297
[54642311ms] [LOG] [Notificações] Realtime conectado @ http://localhost:3000/_next/static/chunks/node_modules_next_dist_f3530cac._.js:2297
[54645185ms] [WARNING] [Chat] Canal fechado, reconectando... @ http://localhost:3000/_next/static/chunks/node_modules_next_dist_f3530cac._.js:2297
[54645186ms] [WARNING] [Notificações] Canal fechado, reconectando... @ http://localhost:3000/_next/static/chunks/node_modules_next_dist_f3530cac._.js:2297
[54645367ms] [LOG] [Chat] Realtime conectado @ http://localhost:3000/_next/static/chunks/node_modules_next_dist_f3530cac._.js:2297
[54645368ms] [LOG] [Notificações] Realtime conectado @ http://localhost:3000/_next/static/chunks/node_modules_next_dist_f3530cac._.js:2297
[54648186ms] [WARNING] [Chat] Canal fechado, reconectando... @ http://localhost:3000/_next/static/chunks/node_modules_next_dist_f3530cac._.js:2297
[54648188ms] [WARNING] [Notificações] Canal fechado, reconectando... @ http://localhost:3000/_next/static/chunks/node_modules_next_dist_f3530cac._.js:2297
[54648334ms] [LOG] [Chat] Realtime conectado @ http://localhost:3000/_next/static/chunks/node_modules_next_dist_f3530cac._.js:2297
[54648353ms] [LOG] [Notificações] Realtime conectado @ http://localhost:3000/_next/static/chunks/node_modules_next_dist_f3530cac._.js:2297
[54650759ms] [LOG] [Fast Refresh] rebuilding @ http://localhost:3000/_next/static/chunks/node_modules_next_dist_f3530cac._.js:2297
[54651064ms] [LOG] [Fast Refresh] done in 412ms @ http://localhost:3000/_next/static/chunks/node_modules_next_dist_f3530cac._.js:2297
[54651191ms] [WARNING] [Chat] Canal fechado, reconectando... @ http://localhost:3000/_next/static/chunks/node_modules_next_dist_f3530cac._.js:2297
[54651192ms] [WARNING] [Notificações] Canal fechado, reconectando... @ http://localhost:3000/_next/static/chunks/node_modules_next_dist_f3530cac._.js:2297
[54651258ms] [LOG] [Fast Refresh] rebuilding @ http://localhost:3000/_next/static/chunks/node_modules_next_dist_f3530cac._.js:2297
[54651289ms] [LOG] [Fast Refresh] done in 139ms @ http://localhost:3000/_next/static/chunks/node_modules_next_dist_f3530cac._.js:2297
[54651319ms] [LOG] [Chat] Realtime conectado @ http://localhost:3000/_next/static/chunks/node_modules_next_dist_f3530cac._.js:2297
[54651344ms] [LOG] [Notificações] Realtime conectado @ http://localhost:3000/_next/static/chunks/node_modules_next_dist_f3530cac._.js:2297
[54654202ms] [WARNING] [Chat] Canal fechado, reconectando... @ http://localhost:3000/_next/static/chunks/node_modules_next_dist_f3530cac._.js:2297
[54654203ms] [WARNING] [Notificações] Canal fechado, reconectando... @ http://localhost:3000/_next/static/chunks/node_modules_next_dist_f3530cac._.js:2297
[54654343ms] [LOG] [Fast Refresh] rebuilding @ http://localhost:3000/_next/static/chunks/node_modules_next_dist_f3530cac._.js:2297
[54654363ms] [LOG] [Chat] Realtime conectado @ http://localhost:3000/_next/static/chunks/node_modules_next_dist_f3530cac._.js:2297
[54654364ms] [LOG] [Notificações] Realtime conectado @ http://localhost:3000/_next/static/chunks/node_modules_next_dist_f3530cac._.js:2297
[54654391ms] [LOG] [Fast Refresh] done in 159ms @ http://localhost:3000/_next/static/chunks/node_modules_next_dist_f3530cac._.js:2297
[54657209ms] [WARNING] [Chat] Canal fechado, reconectando... @ http://localhost:3000/_next/static/chunks/node_modules_next_dist_f3530cac._.js:2297
[54657209ms] [WARNING] [Notificações] Canal fechado, reconectando... @ http://localhost:3000/_next/static/chunks/node_modules_next_dist_f3530cac._.js:2297
[54657462ms] [LOG] [Chat] Realtime conectado @ http://localhost:3000/_next/static/chunks/node_modules_next_dist_f3530cac._.js:2297
[54657462ms] [LOG] [Notificações] Realtime conectado @ http://localhost:3000/_next/static/chunks/node_modules_next_dist_f3530cac._.js:2297
[54660211ms] [WARNING] [Chat] Canal fechado, reconectando... @ http://localhost:3000/_next/static/chunks/node_modules_next_dist_f3530cac._.js:2297
[54660212ms] [WARNING] [Notificações] Canal fechado, reconectando... @ http://localhost:3000/_next/static/chunks/node_modules_next_dist_f3530cac._.js:2297
[54660341ms] [LOG] [Chat] Realtime conectado @ http://localhost:3000/_next/static/chunks/node_modules_next_dist_f3530cac._.js:2297
[54660344ms] [LOG] [Notificações] Realtime conectado @ http://localhost:3000/_next/static/chunks/node_modules_next_dist_f3530cac._.js:2297
[54663216ms] [WARNING] [Chat] Canal fechado, reconectando... @ http://localhost:3000/_next/static/chunks/node_modules_next_dist_f3530cac._.js:2297
[54663216ms] [WARNING] [Notificações] Canal fechado, reconectando... @ http://localhost:3000/_next/static/chunks/node_modules_next_dist_f3530cac._.js:2297
[54663345ms] [LOG] [Chat] Realtime conectado @ http://localhost:3000/_next/static/chunks/node_modules_next_dist_f3530cac._.js:2297
[54663348ms] [LOG] [Notificações] Realtime conectado @ http://localhost:3000/_next/static/chunks/node_modules_next_dist_f3530cac._.js:2297
[54666224ms] [WARNING] [Chat] Canal fechado, reconectando... @ http://localhost:3000/_next/static/chunks/node_modules_next_dist_f3530cac._.js:2297
[54666225ms] [WARNING] [Notificações] Canal fechado, reconectando... @ http://localhost:3000/_next/static/chunks/node_modules_next_dist_f3530cac._.js:2297
[54666357ms] [LOG] [Chat] Realtime conectado @ http://localhost:3000/_next/static/chunks/node_modules_next_dist_f3530cac._.js:2297
[54666360ms] [LOG] [Notificações] Realtime conectado @ http://localhost:3000/_next/static/chunks/node_modules_next_dist_f3530cac._.js:2297
[54669225ms] [WARNING] [Chat] Canal fechado, reconectando... @ http://localhost:3000/_next/static/chunks/node_modules_next_dist_f3530cac._.js:2297
[54669237ms] [WARNING] [Notificações] Canal fechado, reconectando... @ http://localhost:3000/_next/static/chunks/node_modules_next_dist_f3530cac._.js:2297
[54669359ms] [LOG] [Chat] Realtime conectado @ http://localhost:3000/_next/static/chunks/node_modules_next_dist_f3530cac._.js:2297
[54669367ms] [LOG] [Notificações] Realtime conectado @ http://localhost:3000/_next/static/chunks/node_modules_next_dist_f3530cac._.js:2297
[54672226ms] [WARNING] [Chat] Canal fechado, reconectando... @ http://localhost:3000/_next/static/chunks/node_modules_next_dist_f3530cac._.js:2297
[54672240ms] [WARNING] [Notificações] Canal fechado, reconectando... @ http://localhost:3000/_next/static/chunks/node_modules_next_dist_f3530cac._.js:2297
[54672359ms] [LOG] [Chat] Realtime conectado @ http://localhost:3000/_next/static/chunks/node_modules_next_dist_f3530cac._.js:2297
[54672367ms] [LOG] [Notificações] Realtime conectado @ http://localhost:3000/_next/static/chunks/node_modules_next_dist_f3530cac._.js:2297
[54675238ms] [WARNING] [Chat] Canal fechado, reconectando... @ http://localhost:3000/_next/static/chunks/node_modules_next_dist_f3530cac._.js:2297
[54675243ms] [WARNING] [Notificações] Canal fechado, reconectando... @ http://localhost:3000/_next/static/chunks/node_modules_next_dist_f3530cac._.js:2297
[54675366ms] [LOG] [Chat] Realtime conectado @ http://localhost:3000/_next/static/chunks/node_modules_next_dist_f3530cac._.js:2297
[54675375ms] [LOG] [Notificações] Realtime conectado @ http://localhost:3000/_next/static/chunks/node_modules_next_dist_f3530cac._.js:2297
[54678240ms] [WARNING] [Chat] Canal fechado, reconectando... @ http://localhost:3000/_next/static/chunks/node_modules_next_dist_f3530cac._.js:2297
[54678245ms] [WARNING] [Notificações] Canal fechado, reconectando... @ http://localhost:3000/_next/static/chunks/node_modules_next_dist_f3530cac._.js:2297
[54678369ms] [LOG] [Chat] Realtime conectado @ http://localhost:3000/_next/static/chunks/node_modules_next_dist_f3530cac._.js:2297
[54678372ms] [LOG] [Notificações] Realtime conectado @ http://localhost:3000/_next/static/chunks/node_modules_next_dist_f3530cac._.js:2297
[54681241ms] [WARNING] [Chat] Canal fechado, reconectando... @ http://localhost:3000/_next/static/chunks/node_modules_next_dist_f3530cac._.js:2297
[54681256ms] [WARNING] [Notificações] Canal fechado, reconectando... @ http://localhost:3000/_next/static/chunks/node_modules_next_dist_f3530cac._.js:2297
[54681370ms] [LOG] [Chat] Realtime conectado @ http://localhost:3000/_next/static/chunks/node_modules_next_dist_f3530cac._.js:2297
[54681386ms] [LOG] [Notificações] Realtime conectado @ http://localhost:3000/_next/static/chunks/node_modules_next_dist_f3530cac._.js:2297
[54684253ms] [WARNING] [Chat] Canal fechado, reconectando... @ http://localhost:3000/_next/static/chunks/node_modules_next_dist_f3530cac._.js:2297
[54684269ms] [WARNING] [Notificações] Canal fechado, reconectando... @ http://localhost:3000/_next/static/chunks/node_modules_next_dist_f3530cac._.js:2297
[54684386ms] [LOG] [Chat] Realtime conectado @ http://localhost:3000/_next/static/chunks/node_modules_next_dist_f3530cac._.js:2297
[54684398ms] [LOG] [Notificações] Realtime conectado @ http://localhost:3000/_next/static/chunks/node_modules_next_dist_f3530cac._.js:2297
[54687257ms] [WARNING] [Chat] Canal fechado, reconectando... @ http://localhost:3000/_next/static/chunks/node_modules_next_dist_f3530cac._.js:2297
[54687274ms] [WARNING] [Notificações] Canal fechado, reconectando... @ http://localhost:3000/_next/static/chunks/node_modules_next_dist_f3530cac._.js:2297
[54687387ms] [LOG] [Chat] Realtime conectado @ http://localhost:3000/_next/static/chunks/node_modules_next_dist_f3530cac._.js:2297
[54687403ms] [LOG] [Notificações] Realtime conectado @ http://localhost:3000/_next/static/chunks/node_modules_next_dist_f3530cac._.js:2297
[54690257ms] [WARNING] [Chat] Canal fechado, reconectando... @ http://localhost:3000/_next/static/chunks/node_modules_next_dist_f3530cac._.js:2297
[54690275ms] [WARNING] [Notificações] Canal fechado, reconectando... @ http://localhost:3000/_next/static/chunks/node_modules_next_dist_f3530cac._.js:2297
[54690386ms] [LOG] [Chat] Realtime conectado @ http://localhost:3000/_next/static/chunks/node_modules_next_dist_f3530cac._.js:2297
[54690403ms] [LOG] [Notificações] Realtime conectado @ http://localhost:3000/_next/static/chunks/node_modules_next_dist_f3530cac._.js:2297
[54693262ms] [WARNING] [Chat] Canal fechado, reconectando... @ http://localhost:3000/_next/static/chunks/node_modules_next_dist_f3530cac._.js:2297
[54693277ms] [WARNING] [Notificações] Canal fechado, reconectando... @ http://localhost:3000/_next/static/chunks/node_modules_next_dist_f3530cac._.js:2297
[54693393ms] [LOG] [Chat] Realtime conectado @ http://localhost:3000/_next/static/chunks/node_modules_next_dist_f3530cac._.js:2297
[54693407ms] [LOG] [Notificações] Realtime conectado @ http://localhost:3000/_next/static/chunks/node_modules_next_dist_f3530cac._.js:2297
[54696274ms] [WARNING] [Chat] Canal fechado, reconectando... @ http://localhost:3000/_next/static/chunks/node_modules_next_dist_f3530cac._.js:2297
[54696291ms] [WARNING] [Notificações] Canal fechado, reconectando... @ http://localhost:3000/_next/static/chunks/node_modules_next_dist_f3530cac._.js:2297
[54696407ms] [LOG] [Chat] Realtime conectado @ http://localhost:3000/_next/static/chunks/node_modules_next_dist_f3530cac._.js:2297
[54696425ms] [LOG] [Notificações] Realtime conectado @ http://localhost:3000/_next/static/chunks/node_modules_next_dist_f3530cac._.js:2297
[54699283ms] [WARNING] [Chat] Canal fechado, reconectando... @ http://localhost:3000/_next/static/chunks/node_modules_next_dist_f3530cac._.js:2297
[54699297ms] [WARNING] [Notificações] Canal fechado, reconectando... @ http://localhost:3000/_next/static/chunks/node_modules_next_dist_f3530cac._.js:2297
[54699415ms] [LOG] [Chat] Realtime conectado @ http://localhost:3000/_next/static/chunks/node_modules_next_dist_f3530cac._.js:2297
[54699428ms] [LOG] [Notificações] Realtime conectado @ http://localhost:3000/_next/static/chunks/node_modules_next_dist_f3530cac._.js:2297
[54702290ms] [WARNING] [Chat] Canal fechado, reconectando... @ http://localhost:3000/_next/static/chunks/node_modules_next_dist_f3530cac._.js:2297
[54702307ms] [WARNING] [Notificações] Canal fechado, reconectando... @ http://localhost:3000/_next/static/chunks/node_modules_next_dist_f3530cac._.js:2297
[54702423ms] [LOG] [Chat] Realtime conectado @ http://localhost:3000/_next/static/chunks/node_modules_next_dist_f3530cac._.js:2297
[54702437ms] [LOG] [Notificações] Realtime conectado @ http://localhost:3000/_next/static/chunks/node_modules_next_dist_f3530cac._.js:2297
[54705298ms] [WARNING] [Chat] Canal fechado, reconectando... @ http://localhost:3000/_next/static/chunks/node_modules_next_dist_f3530cac._.js:2297
[54705314ms] [WARNING] [Notificações] Canal fechado, reconectando... @ http://localhost:3000/_next/static/chunks/node_modules_next_dist_f3530cac._.js:2297
[54705427ms] [LOG] [Chat] Realtime conectado @ http://localhost:3000/_next/static/chunks/node_modules_next_dist_f3530cac._.js:2297
[54705447ms] [LOG] [Notificações] Realtime conectado @ http://localhost:3000/_next/static/chunks/node_modules_next_dist_f3530cac._.js:2297
[54708301ms] [WARNING] [Chat] Canal fechado, reconectando... @ http://localhost:3000/_next/static/chunks/node_modules_next_dist_f3530cac._.js:2297
[54708317ms] [WARNING] [Notificações] Canal fechado, reconectando... @ http://localhost:3000/_next/static/chunks/node_modules_next_dist_f3530cac._.js:2297
[54708431ms] [LOG] [Chat] Realtime conectado @ http://localhost:3000/_next/static/chunks/node_modules_next_dist_f3530cac._.js:2297
[54708451ms] [LOG] [Notificações] Realtime conectado @ http://localhost:3000/_next/static/chunks/node_modules_next_dist_f3530cac._.js:2297
[54711307ms] [WARNING] [Chat] Canal fechado, reconectando... @ http://localhost:3000/_next/static/chunks/node_modules_next_dist_f3530cac._.js:2297
[54711319ms] [WARNING] [Notificações] Canal fechado, reconectando... @ http://localhost:3000/_next/static/chunks/node_modules_next_dist_f3530cac._.js:2297
[54711441ms] [LOG] [Chat] Realtime conectado @ http://localhost:3000/_next/static/chunks/node_modules_next_dist_f3530cac._.js:2297
[54711449ms] [LOG] [Notificações] Realtime conectado @ http://localhost:3000/_next/static/chunks/node_modules_next_dist_f3530cac._.js:2297
[54714321ms] [WARNING] [Chat] Canal fechado, reconectando... @ http://localhost:3000/_next/static/chunks/node_modules_next_dist_f3530cac._.js:2297
[54714322ms] [WARNING] [Notificações] Canal fechado, reconectando... @ http://localhost:3000/_next/static/chunks/node_modules_next_dist_f3530cac._.js:2297
[54714450ms] [LOG] [Chat] Realtime conectado @ http://localhost:3000/_next/static/chunks/node_modules_next_dist_f3530cac._.js:2297
[54714453ms] [LOG] [Notificações] Realtime conectado @ http://localhost:3000/_next/static/chunks/node_modules_next_dist_f3530cac._.js:2297
[54717323ms] [WARNING] [Chat] Canal fechado, reconectando... @ http://localhost:3000/_next/static/chunks/node_modules_next_dist_f3530cac._.js:2297
[54717323ms] [WARNING] [Notificações] Canal fechado, reconectando... @ http://localhost:3000/_next/static/chunks/node_modules_next_dist_f3530cac._.js:2297
[54717456ms] [LOG] [Chat] Realtime conectado @ http://localhost:3000/_next/static/chunks/node_modules_next_dist_f3530cac._.js:2297
[54717458ms] [LOG] [Notificações] Realtime conectado @ http://localhost:3000/_next/static/chunks/node_modules_next_dist_f3530cac._.js:2297
[54720324ms] [WARNING] [Chat] Canal fechado, reconectando... @ http://localhost:3000/_next/static/chunks/node_modules_next_dist_f3530cac._.js:2297
[54720324ms] [WARNING] [Notificações] Canal fechado, reconectando... @ http://localhost:3000/_next/static/chunks/node_modules_next_dist_f3530cac._.js:2297
[54720452ms] [LOG] [Chat] Realtime conectado @ http://localhost:3000/_next/static/chunks/node_modules_next_dist_f3530cac._.js:2297
[54720458ms] [LOG] [Notificações] Realtime conectado @ http://localhost:3000/_next/static/chunks/node_modules_next_dist_f3530cac._.js:2297
[54723327ms] [WARNING] [Chat] Canal fechado, reconectando... @ http://localhost:3000/_next/static/chunks/node_modules_next_dist_f3530cac._.js:2297
[54723327ms] [WARNING] [Notificações] Canal fechado, reconectando... @ http://localhost:3000/_next/static/chunks/node_modules_next_dist_f3530cac._.js:2297
[54723456ms] [LOG] [Chat] Realtime conectado @ http://localhost:3000/_next/static/chunks/node_modules_next_dist_f3530cac._.js:2297
[54723460ms] [LOG] [Notificações] Realtime conectado @ http://localhost:3000/_next/static/chunks/node_modules_next_dist_f3530cac._.js:2297
[54726337ms] [WARNING] [Chat] Canal fechado, reconectando... @ http://localhost:3000/_next/static/chunks/node_modules_next_dist_f3530cac._.js:2297
[54726338ms] [WARNING] [Notificações] Canal fechado, reconectando... @ http://localhost:3000/_next/static/chunks/node_modules_next_dist_f3530cac._.js:2297
[54726466ms] [LOG] [Chat] Realtime conectado @ http://localhost:3000/_next/static/chunks/node_modules_next_dist_f3530cac._.js:2297
[54726469ms] [LOG] [Notificações] Realtime conectado @ http://localhost:3000/_next/static/chunks/node_modules_next_dist_f3530cac._.js:2297
[54729339ms] [WARNING] [Chat] Canal fechado, reconectando... @ http://localhost:3000/_next/static/chunks/node_modules_next_dist_f3530cac._.js:2297
[54729340ms] [WARNING] [Notificações] Canal fechado, reconectando... @ http://localhost:3000/_next/static/chunks/node_modules_next_dist_f3530cac._.js:2297
[54729468ms] [LOG] [Chat] Realtime conectado @ http://localhost:3000/_next/static/chunks/node_modules_next_dist_f3530cac._.js:2297
[54729474ms] [LOG] [Notificações] Realtime conectado @ http://localhost:3000/_next/static/chunks/node_modules_next_dist_f3530cac._.js:2297
[54732353ms] [WARNING] [Chat] Canal fechado, reconectando... @ http://localhost:3000/_next/static/chunks/node_modules_next_dist_f3530cac._.js:2297
[54732354ms] [WARNING] [Notificações] Canal fechado, reconectando... @ http://localhost:3000/_next/static/chunks/node_modules_next_dist_f3530cac._.js:2297
[54732482ms] [LOG] [Chat] Realtime conectado @ http://localhost:3000/_next/static/chunks/node_modules_next_dist_f3530cac._.js:2297
[54732486ms] [LOG] [Notificações] Realtime conectado @ http://localhost:3000/_next/static/chunks/node_modules_next_dist_f3530cac._.js:2297
[54735356ms] [WARNING] [Chat] Canal fechado, reconectando... @ http://localhost:3000/_next/static/chunks/node_modules_next_dist_f3530cac._.js:2297
[54735357ms] [WARNING] [Notificações] Canal fechado, reconectando... @ http://localhost:3000/_next/static/chunks/node_modules_next_dist_f3530cac._.js:2297
[54735485ms] [LOG] [Chat] Realtime conectado @ http://localhost:3000/_next/static/chunks/node_modules_next_dist_f3530cac._.js:2297
[54735491ms] [LOG] [Notificações] Realtime conectado @ http://localhost:3000/_next/static/chunks/node_modules_next_dist_f3530cac._.js:2297
[54738369ms] [WARNING] [Chat] Canal fechado, reconectando... @ http://localhost:3000/_next/static/chunks/node_modules_next_dist_f3530cac._.js:2297
[54738369ms] [WARNING] [Notificações] Canal fechado, reconectando... @ http://localhost:3000/_next/static/chunks/node_modules_next_dist_f3530cac._.js:2297
[54738497ms] [LOG] [Chat] Realtime conectado @ http://localhost:3000/_next/static/chunks/node_modules_next_dist_f3530cac._.js:2297
[54738501ms] [LOG] [Notificações] Realtime conectado @ http://localhost:3000/_next/static/chunks/node_modules_next_dist_f3530cac._.js:2297
[54741373ms] [WARNING] [Chat] Canal fechado, reconectando... @ http://localhost:3000/_next/static/chunks/node_modules_next_dist_f3530cac._.js:2297
[54741374ms] [WARNING] [Notificações] Canal fechado, reconectando... @ http://localhost:3000/_next/static/chunks/node_modules_next_dist_f3530cac._.js:2297
[54741509ms] [LOG] [Chat] Realtime conectado @ http://localhost:3000/_next/static/chunks/node_modules_next_dist_f3530cac._.js:2297
[54741511ms] [LOG] [Notificações] Realtime conectado @ http://localhost:3000/_next/static/chunks/node_modules_next_dist_f3530cac._.js:2297
[54744379ms] [WARNING] [Chat] Canal fechado, reconectando... @ http://localhost:3000/_next/static/chunks/node_modules_next_dist_f3530cac._.js:2297
[54744379ms] [WARNING] [Notificações] Canal fechado, reconectando... @ http://localhost:3000/_next/static/chunks/node_modules_next_dist_f3530cac._.js:2297
[54744510ms] [LOG] [Chat] Realtime conectado @ http://localhost:3000/_next/static/chunks/node_modules_next_dist_f3530cac._.js:2297
[54744515ms] [LOG] [Notificações] Realtime conectado @ http://localhost:3000/_next/static/chunks/node_modules_next_dist_f3530cac._.js:2297
[54747390ms] [WARNING] [Chat] Canal fechado, reconectando... @ http://localhost:3000/_next/static/chunks/node_modules_next_dist_f3530cac._.js:2297
[54747391ms] [WARNING] [Notificações] Canal fechado, reconectando... @ http://localhost:3000/_next/static/chunks/node_modules_next_dist_f3530cac._.js:2297
[54747520ms] [LOG] [Chat] Realtime conectado @ http://localhost:3000/_next/static/chunks/node_modules_next_dist_f3530cac._.js:2297
[54747525ms] [LOG] [Notificações] Realtime conectado @ http://localhost:3000/_next/static/chunks/node_modules_next_dist_f3530cac._.js:2297
[54747646ms] [LOG] [Fast Refresh] rebuilding @ http://localhost:3000/_next/static/chunks/node_modules_next_dist_f3530cac._.js:2297
[54747670ms] [LOG] [Fast Refresh] done in 134ms @ http://localhost:3000/_next/static/chunks/node_modules_next_dist_f3530cac._.js:2297
[54750403ms] [WARNING] [Chat] Canal fechado, reconectando... @ http://localhost:3000/_next/static/chunks/node_modules_next_dist_f3530cac._.js:2297
[54750404ms] [WARNING] [Notificações] Canal fechado, reconectando... @ http://localhost:3000/_next/static/chunks/node_modules_next_dist_f3530cac._.js:2297
[54750541ms] [LOG] [Chat] Realtime conectado @ http://localhost:3000/_next/static/chunks/node_modules_next_dist_f3530cac._.js:2297
[54750544ms] [LOG] [Notificações] Realtime conectado @ http://localhost:3000/_next/static/chunks/node_modules_next_dist_f3530cac._.js:2297
[54753406ms] [WARNING] [Chat] Canal fechado, reconectando... @ http://localhost:3000/_next/static/chunks/node_modules_next_dist_f3530cac._.js:2297
[54753406ms] [WARNING] [Notificações] Canal fechado, reconectando... @ http://localhost:3000/_next/static/chunks/node_modules_next_dist_f3530cac._.js:2297
[54753540ms] [LOG] [Chat] Realtime conectado @ http://localhost:3000/_next/static/chunks/node_modules_next_dist_f3530cac._.js:2297
[54753543ms] [LOG] [Notificações] Realtime conectado @ http://localhost:3000/_next/static/chunks/node_modules_next_dist_f3530cac._.js:2297
[54756409ms] [WARNING] [Chat] Canal fechado, reconectando... @ http://localhost:3000/_next/static/chunks/node_modules_next_dist_f3530cac._.js:2297
[54756410ms] [WARNING] [Notificações] Canal fechado, reconectando... @ http://localhost:3000/_next/static/chunks/node_modules_next_dist_f3530cac._.js:2297
[54756545ms] [LOG] [Chat] Realtime conectado @ http://localhost:3000/_next/static/chunks/node_modules_next_dist_f3530cac._.js:2297
[54756546ms] [LOG] [Notificações] Realtime conectado @ http://localhost:3000/_next/static/chunks/node_modules_next_dist_f3530cac._.js:2297
[54759415ms] [WARNING] [Chat] Canal fechado, reconectando... @ http://localhost:3000/_next/static/chunks/node_modules_next_dist_f3530cac._.js:2297
[54759415ms] [WARNING] [Notificações] Canal fechado, reconectando... @ http://localhost:3000/_next/static/chunks/node_modules_next_dist_f3530cac._.js:2297
[54759549ms] [LOG] [Chat] Realtime conectado @ http://localhost:3000/_next/static/chunks/node_modules_next_dist_f3530cac._.js:2297
[54759552ms] [LOG] [Notificações] Realtime conectado @ http://localhost:3000/_next/static/chunks/node_modules_next_dist_f3530cac._.js:2297
[54762422ms] [WARNING] [Chat] Canal fechado, reconectando... @ http://localhost:3000/_next/static/chunks/node_modules_next_dist_f3530cac._.js:2297
[54762422ms] [WARNING] [Notificações] Canal fechado, reconectando... @ http://localhost:3000/_next/static/chunks/node_modules_next_dist_f3530cac._.js:2297
[54762553ms] [LOG] [Chat] Realtime conectado @ http://localhost:3000/_next/static/chunks/node_modules_next_dist_f3530cac._.js:2297
[54762556ms] [LOG] [Notificações] Realtime conectado @ http://localhost:3000/_next/static/chunks/node_modules_next_dist_f3530cac._.js:2297
[54765431ms] [WARNING] [Chat] Canal fechado, reconectando... @ http://localhost:3000/_next/static/chunks/node_modules_next_dist_f3530cac._.js:2297
[54765432ms] [WARNING] [Notificações] Canal fechado, reconectando... @ http://localhost:3000/_next/static/chunks/node_modules_next_dist_f3530cac._.js:2297
[54765560ms] [LOG] [Chat] Realtime conectado @ http://localhost:3000/_next/static/chunks/node_modules_next_dist_f3530cac._.js:2297
[54765563ms] [LOG] [Notificações] Realtime conectado @ http://localhost:3000/_next/static/chunks/node_modules_next_dist_f3530cac._.js:2297
[54768436ms] [WARNING] [Chat] Canal fechado, reconectando... @ http://localhost:3000/_next/static/chunks/node_modules_next_dist_f3530cac._.js:2297
[54768436ms] [WARNING] [Notificações] Canal fechado, reconectando... @ http://localhost:3000/_next/static/chunks/node_modules_next_dist_f3530cac._.js:2297
[54768570ms] [LOG] [Chat] Realtime conectado @ http://localhost:3000/_next/static/chunks/node_modules_next_dist_f3530cac._.js:2297
[54768573ms] [LOG] [Notificações] Realtime conectado @ http://localhost:3000/_next/static/chunks/node_modules_next_dist_f3530cac._.js:2297
[54771439ms] [WARNING] [Chat] Canal fechado, reconectando... @ http://localhost:3000/_next/static/chunks/node_modules_next_dist_f3530cac._.js:2297
[54771439ms] [WARNING] [Notificações] Canal fechado, reconectando... @ http://localhost:3000/_next/static/chunks/node_modules_next_dist_f3530cac._.js:2297
[54771568ms] [LOG] [Chat] Realtime conectado @ http://localhost:3000/_next/static/chunks/node_modules_next_dist_f3530cac._.js:2297
[54771572ms] [LOG] [Notificações] Realtime conectado @ http://localhost:3000/_next/static/chunks/node_modules_next_dist_f3530cac._.js:2297
[54774439ms] [WARNING] [Chat] Canal fechado, reconectando... @ http://localhost:3000/_next/static/chunks/node_modules_next_dist_f3530cac._.js:2297
[54774440ms] [WARNING] [Notificações] Canal fechado, reconectando... @ http://localhost:3000/_next/static/chunks/node_modules_next_dist_f3530cac._.js:2297
[54774573ms] [LOG] [Chat] Realtime conectado @ http://localhost:3000/_next/static/chunks/node_modules_next_dist_f3530cac._.js:2297
[54774574ms] [LOG] [Notificações] Realtime conectado @ http://localhost:3000/_next/static/chunks/node_modules_next_dist_f3530cac._.js:2297
[54777446ms] [WARNING] [Chat] Canal fechado, reconectando... @ http://localhost:3000/_next/static/chunks/node_modules_next_dist_f3530cac._.js:2297
[54777447ms] [WARNING] [Notificações] Canal fechado, reconectando... @ http://localhost:3000/_next/static/chunks/node_modules_next_dist_f3530cac._.js:2297
[54777576ms] [LOG] [Chat] Realtime conectado @ http://localhost:3000/_next/static/chunks/node_modules_next_dist_f3530cac._.js:2297
[54777581ms] [LOG] [Notificações] Realtime conectado @ http://localhost:3000/_next/static/chunks/node_modules_next_dist_f3530cac._.js:2297
[54780450ms] [WARNING] [Chat] Canal fechado, reconectando... @ http://localhost:3000/_next/static/chunks/node_modules_next_dist_f3530cac._.js:2297
[54780450ms] [WARNING] [Notificações] Canal fechado, reconectando... @ http://localhost:3000/_next/static/chunks/node_modules_next_dist_f3530cac._.js:2297
[54780587ms] [LOG] [Chat] Realtime conectado @ http://localhost:3000/_next/static/chunks/node_modules_next_dist_f3530cac._.js:2297
[54780591ms] [LOG] [Notificações] Realtime conectado @ http://localhost:3000/_next/static/chunks/node_modules_next_dist_f3530cac._.js:2297
[54783455ms] [WARNING] [Chat] Canal fechado, reconectando... @ http://localhost:3000/_next/static/chunks/node_modules_next_dist_f3530cac._.js:2297
[54783456ms] [WARNING] [Notificações] Canal fechado, reconectando... @ http://localhost:3000/_next/static/chunks/node_modules_next_dist_f3530cac._.js:2297
[54783585ms] [LOG] [Chat] Realtime conectado @ http://localhost:3000/_next/static/chunks/node_modules_next_dist_f3530cac._.js:2297
[54783589ms] [LOG] [Notificações] Realtime conectado @ http://localhost:3000/_next/static/chunks/node_modules_next_dist_f3530cac._.js:2297
[54786468ms] [WARNING] [Chat] Canal fechado, reconectando... @ http://localhost:3000/_next/static/chunks/node_modules_next_dist_f3530cac._.js:2297
[54786468ms] [WARNING] [Notificações] Canal fechado, reconectando... @ http://localhost:3000/_next/static/chunks/node_modules_next_dist_f3530cac._.js:2297
[54786597ms] [LOG] [Chat] Realtime conectado @ http://localhost:3000/_next/static/chunks/node_modules_next_dist_f3530cac._.js:2297
[54786602ms] [LOG] [Notificações] Realtime conectado @ http://localhost:3000/_next/static/chunks/node_modules_next_dist_f3530cac._.js:2297
[54789473ms] [WARNING] [Chat] Canal fechado, reconectando... @ http://localhost:3000/_next/static/chunks/node_modules_next_dist_f3530cac._.js:2297
[54789474ms] [WARNING] [Notificações] Canal fechado, reconectando... @ http://localhost:3000/_next/static/chunks/node_modules_next_dist_f3530cac._.js:2297
[54789606ms] [LOG] [Chat] Realtime conectado @ http://localhost:3000/_next/static/chunks/node_modules_next_dist_f3530cac._.js:2297
[54789609ms] [LOG] [Notificações] Realtime conectado @ http://localhost:3000/_next/static/chunks/node_modules_next_dist_f3530cac._.js:2297
[54791522ms] [LOG] [Fast Refresh] rebuilding @ http://localhost:3000/_next/static/chunks/node_modules_next_dist_f3530cac._.js:2297
[54791603ms] [LOG] [Fast Refresh] done in 184ms @ http://localhost:3000/_next/static/chunks/node_modules_next_dist_f3530cac._.js:2297
[54792478ms] [WARNING] [Chat] Canal fechado, reconectando... @ http://localhost:3000/_next/static/chunks/node_modules_next_dist_f3530cac._.js:2297
[54792479ms] [WARNING] [Notificações] Canal fechado, reconectando... @ http://localhost:3000/_next/static/chunks/node_modules_next_dist_f3530cac._.js:2297
[54792607ms] [LOG] [Chat] Realtime conectado @ http://localhost:3000/_next/static/chunks/node_modules_next_dist_f3530cac._.js:2297
[54792613ms] [LOG] [Notificações] Realtime conectado @ http://localhost:3000/_next/static/chunks/node_modules_next_dist_f3530cac._.js:2297
[54795480ms] [WARNING] [Chat] Canal fechado, reconectando... @ http://localhost:3000/_next/static/chunks/node_modules_next_dist_f3530cac._.js:2297
[54795481ms] [WARNING] [Notificações] Canal fechado, reconectando... @ http://localhost:3000/_next/static/chunks/node_modules_next_dist_f3530cac._.js:2297
[54795615ms] [LOG] [Chat] Realtime conectado @ http://localhost:3000/_next/static/chunks/node_modules_next_dist_f3530cac._.js:2297
[54795619ms] [LOG] [Notificações] Realtime conectado @ http://localhost:3000/_next/static/chunks/node_modules_next_dist_f3530cac._.js:2297
[54798484ms] [WARNING] [Chat] Canal fechado, reconectando... @ http://localhost:3000/_next/static/chunks/node_modules_next_dist_f3530cac._.js:2297
[54798484ms] [WARNING] [Notificações] Canal fechado, reconectando... @ http://localhost:3000/_next/static/chunks/node_modules_next_dist_f3530cac._.js:2297
[54798618ms] [LOG] [Chat] Realtime conectado @ http://localhost:3000/_next/static/chunks/node_modules_next_dist_f3530cac._.js:2297
[54798624ms] [LOG] [Notificações] Realtime conectado @ http://localhost:3000/_next/static/chunks/node_modules_next_dist_f3530cac._.js:2297
[54801489ms] [WARNING] [Chat] Canal fechado, reconectando... @ http://localhost:3000/_next/static/chunks/node_modules_next_dist_f3530cac._.js:2297
[54801490ms] [WARNING] [Notificações] Canal fechado, reconectando... @ http://localhost:3000/_next/static/chunks/node_modules_next_dist_f3530cac._.js:2297
[54801619ms] [LOG] [Chat] Realtime conectado @ http://localhost:3000/_next/static/chunks/node_modules_next_dist_f3530cac._.js:2297
[54801624ms] [LOG] [Notificações] Realtime conectado @ http://localhost:3000/_next/static/chunks/node_modules_next_dist_f3530cac._.js:2297
[54804490ms] [WARNING] [Chat] Canal fechado, reconectando... @ http://localhost:3000/_next/static/chunks/node_modules_next_dist_f3530cac._.js:2297
[54804490ms] [WARNING] [Notificações] Canal fechado, reconectando... @ http://localhost:3000/_next/static/chunks/node_modules_next_dist_f3530cac._.js:2297
[54804630ms] [LOG] [Chat] Realtime conectado @ http://localhost:3000/_next/static/chunks/node_modules_next_dist_f3530cac._.js:2297
[54804635ms] [LOG] [Notificações] Realtime conectado @ http://localhost:3000/_next/static/chunks/node_modules_next_dist_f3530cac._.js:2297
[54807497ms] [WARNING] [Chat] Canal fechado, reconectando... @ http://localhost:3000/_next/static/chunks/node_modules_next_dist_f3530cac._.js:2297
[54807497ms] [WARNING] [Notificações] Canal fechado, reconectando... @ http://localhost:3000/_next/static/chunks/node_modules_next_dist_f3530cac._.js:2297
[54807627ms] [LOG] [Chat] Realtime conectado @ http://localhost:3000/_next/static/chunks/node_modules_next_dist_f3530cac._.js:2297
[54807632ms] [LOG] [Notificações] Realtime conectado @ http://localhost:3000/_next/static/chunks/node_modules_next_dist_f3530cac._.js:2297
[54810499ms] [WARNING] [Chat] Canal fechado, reconectando... @ http://localhost:3000/_next/static/chunks/node_modules_next_dist_f3530cac._.js:2297
[54810500ms] [WARNING] [Notificações] Canal fechado, reconectando... @ http://localhost:3000/_next/static/chunks/node_modules_next_dist_f3530cac._.js:2297
[54810631ms] [LOG] [Chat] Realtime conectado @ http://localhost:3000/_next/static/chunks/node_modules_next_dist_f3530cac._.js:2297
[54810632ms] [LOG] [Notificações] Realtime conectado @ http://localhost:3000/_next/static/chunks/node_modules_next_dist_f3530cac._.js:2297
[54813506ms] [WARNING] [Chat] Canal fechado, reconectando... @ http://localhost:3000/_next/static/chunks/node_modules_next_dist_f3530cac._.js:2297
[54813506ms] [WARNING] [Notificações] Canal fechado, reconectando... @ http://localhost:3000/_next/static/chunks/node_modules_next_dist_f3530cac._.js:2297
[54813634ms] [LOG] [Chat] Realtime conectado @ http://localhost:3000/_next/static/chunks/node_modules_next_dist_f3530cac._.js:2297
[54813641ms] [LOG] [Notificações] Realtime conectado @ http://localhost:3000/_next/static/chunks/node_modules_next_dist_f3530cac._.js:2297
[54816508ms] [WARNING] [Chat] Canal fechado, reconectando... @ http://localhost:3000/_next/static/chunks/node_modules_next_dist_f3530cac._.js:2297
[54816508ms] [WARNING] [Notificações] Canal fechado, reconectando... @ http://localhost:3000/_next/static/chunks/node_modules_next_dist_f3530cac._.js:2297
[54816640ms] [LOG] [Chat] Realtime conectado @ http://localhost:3000/_next/static/chunks/node_modules_next_dist_f3530cac._.js:2297
[54816640ms] [LOG] [Notificações] Realtime conectado @ http://localhost:3000/_next/static/chunks/node_modules_next_dist_f3530cac._.js:2297
[54819513ms] [WARNING] [Chat] Canal fechado, reconectando... @ http://localhost:3000/_next/static/chunks/node_modules_next_dist_f3530cac._.js:2297
[54819513ms] [WARNING] [Notificações] Canal fechado, reconectando... @ http://localhost:3000/_next/static/chunks/node_modules_next_dist_f3530cac._.js:2297
[54819641ms] [LOG] [Chat] Realtime conectado @ http://localhost:3000/_next/static/chunks/node_modules_next_dist_f3530cac._.js:2297
[54819643ms] [LOG] [Notificações] Realtime conectado @ http://localhost:3000/_next/static/chunks/node_modules_next_dist_f3530cac._.js:2297
[54822515ms] [WARNING] [Chat] Canal fechado, reconectando... @ http://localhost:3000/_next/static/chunks/node_modules_next_dist_f3530cac._.js:2297
[54822516ms] [WARNING] [Notificações] Canal fechado, reconectando... @ http://localhost:3000/_next/static/chunks/node_modules_next_dist_f3530cac._.js:2297
[54822646ms] [LOG] [Chat] Realtime conectado @ http://localhost:3000/_next/static/chunks/node_modules_next_dist_f3530cac._.js:2297
[54822650ms] [LOG] [Notificações] Realtime conectado @ http://localhost:3000/_next/static/chunks/node_modules_next_dist_f3530cac._.js:2297
[54825517ms] [WARNING] [Chat] Canal fechado, reconectando... @ http://localhost:3000/_next/static/chunks/node_modules_next_dist_f3530cac._.js:2297
[54825518ms] [WARNING] [Notificações] Canal fechado, reconectando... @ http://localhost:3000/_next/static/chunks/node_modules_next_dist_f3530cac._.js:2297
[54825650ms] [LOG] [Chat] Realtime conectado @ http://localhost:3000/_next/static/chunks/node_modules_next_dist_f3530cac._.js:2297
[54825655ms] [LOG] [Notificações] Realtime conectado @ http://localhost:3000/_next/static/chunks/node_modules_next_dist_f3530cac._.js:2297
[54828522ms] [WARNING] [Chat] Canal fechado, reconectando... @ http://localhost:3000/_next/static/chunks/node_modules_next_dist_f3530cac._.js:2297
[54828522ms] [WARNING] [Notificações] Canal fechado, reconectando... @ http://localhost:3000/_next/static/chunks/node_modules_next_dist_f3530cac._.js:2297
[54828650ms] [LOG] [Chat] Realtime conectado @ http://localhost:3000/_next/static/chunks/node_modules_next_dist_f3530cac._.js:2297
[54828655ms] [LOG] [Notificações] Realtime conectado @ http://localhost:3000/_next/static/chunks/node_modules_next_dist_f3530cac._.js:2297
[54831525ms] [WARNING] [Chat] Canal fechado, reconectando... @ http://localhost:3000/_next/static/chunks/node_modules_next_dist_f3530cac._.js:2297
[54831527ms] [WARNING] [Notificações] Canal fechado, reconectando... @ http://localhost:3000/_next/static/chunks/node_modules_next_dist_f3530cac._.js:2297
[54831660ms] [LOG] [Chat] Realtime conectado @ http://localhost:3000/_next/static/chunks/node_modules_next_dist_f3530cac._.js:2297
[54831663ms] [LOG] [Notificações] Realtime conectado @ http://localhost:3000/_next/static/chunks/node_modules_next_dist_f3530cac._.js:2297
[54834527ms] [WARNING] [Chat] Canal fechado, reconectando... @ http://localhost:3000/_next/static/chunks/node_modules_next_dist_f3530cac._.js:2297
[54834527ms] [WARNING] [Notificações] Canal fechado, reconectando... @ http://localhost:3000/_next/static/chunks/node_modules_next_dist_f3530cac._.js:2297
[54834672ms] [LOG] [Chat] Realtime conectado @ http://localhost:3000/_next/static/chunks/node_modules_next_dist_f3530cac._.js:2297
[54834673ms] [LOG] [Notificações] Realtime conectado @ http://localhost:3000/_next/static/chunks/node_modules_next_dist_f3530cac._.js:2297
[54837529ms] [WARNING] [Chat] Canal fechado, reconectando... @ http://localhost:3000/_next/static/chunks/node_modules_next_dist_f3530cac._.js:2297
[54837530ms] [WARNING] [Notificações] Canal fechado, reconectando... @ http://localhost:3000/_next/static/chunks/node_modules_next_dist_f3530cac._.js:2297
[54837659ms] [LOG] [Chat] Realtime conectado @ http://localhost:3000/_next/static/chunks/node_modules_next_dist_f3530cac._.js:2297
[54837663ms] [LOG] [Notificações] Realtime conectado @ http://localhost:3000/_next/static/chunks/node_modules_next_dist_f3530cac._.js:2297
[54840533ms] [WARNING] [Chat] Canal fechado, reconectando... @ http://localhost:3000/_next/static/chunks/node_modules_next_dist_f3530cac._.js:2297
[54840534ms] [WARNING] [Notificações] Canal fechado, reconectando... @ http://localhost:3000/_next/static/chunks/node_modules_next_dist_f3530cac._.js:2297
[54840663ms] [LOG] [Chat] Realtime conectado @ http://localhost:3000/_next/static/chunks/node_modules_next_dist_f3530cac._.js:2297
[54840667ms] [LOG] [Notificações] Realtime conectado @ http://localhost:3000/_next/static/chunks/node_modules_next_dist_f3530cac._.js:2297
[54843539ms] [WARNING] [Chat] Canal fechado, reconectando... @ http://localhost:3000/_next/static/chunks/node_modules_next_dist_f3530cac._.js:2297
[54843539ms] [WARNING] [Notificações] Canal fechado, reconectando... @ http://localhost:3000/_next/static/chunks/node_modules_next_dist_f3530cac._.js:2297
[54843670ms] [LOG] [Chat] Realtime conectado @ http://localhost:3000/_next/static/chunks/node_modules_next_dist_f3530cac._.js:2297
[54843674ms] [LOG] [Notificações] Realtime conectado @ http://localhost:3000/_next/static/chunks/node_modules_next_dist_f3530cac._.js:2297
[54846555ms] [WARNING] [Chat] Canal fechado, reconectando... @ http://localhost:3000/_next/static/chunks/node_modules_next_dist_f3530cac._.js:2297
[54846555ms] [WARNING] [Notificações] Canal fechado, reconectando... @ http://localhost:3000/_next/static/chunks/node_modules_next_dist_f3530cac._.js:2297
[54846684ms] [LOG] [Chat] Realtime conectado @ http://localhost:3000/_next/static/chunks/node_modules_next_dist_f3530cac._.js:2297
[54846688ms] [LOG] [Notificações] Realtime conectado @ http://localhost:3000/_next/static/chunks/node_modules_next_dist_f3530cac._.js:2297
[54849555ms] [WARNING] [Chat] Canal fechado, reconectando... @ http://localhost:3000/_next/static/chunks/node_modules_next_dist_f3530cac._.js:2297
[54849555ms] [WARNING] [Notificações] Canal fechado, reconectando... @ http://localhost:3000/_next/static/chunks/node_modules_next_dist_f3530cac._.js:2297
[54849685ms] [LOG] [Chat] Realtime conectado @ http://localhost:3000/_next/static/chunks/node_modules_next_dist_f3530cac._.js:2297
[54849688ms] [LOG] [Notificações] Realtime conectado @ http://localhost:3000/_next/static/chunks/node_modules_next_dist_f3530cac._.js:2297
[54852566ms] [WARNING] [Chat] Canal fechado, reconectando... @ http://localhost:3000/_next/static/chunks/node_modules_next_dist_f3530cac._.js:2297
[54852567ms] [WARNING] [Notificações] Canal fechado, reconectando... @ http://localhost:3000/_next/static/chunks/node_modules_next_dist_f3530cac._.js:2297
[54852698ms] [LOG] [Chat] Realtime conectado @ http://localhost:3000/_next/static/chunks/node_modules_next_dist_f3530cac._.js:2297
[54852700ms] [LOG] [Notificações] Realtime conectado @ http://localhost:3000/_next/static/chunks/node_modules_next_dist_f3530cac._.js:2297
[54855572ms] [WARNING] [Chat] Canal fechado, reconectando... @ http://localhost:3000/_next/static/chunks/node_modules_next_dist_f3530cac._.js:2297
[54855572ms] [WARNING] [Notificações] Canal fechado, reconectando... @ http://localhost:3000/_next/static/chunks/node_modules_next_dist_f3530cac._.js:2297
[54855701ms] [LOG] [Chat] Realtime conectado @ http://localhost:3000/_next/static/chunks/node_modules_next_dist_f3530cac._.js:2297
[54855705ms] [LOG] [Notificações] Realtime conectado @ http://localhost:3000/_next/static/chunks/node_modules_next_dist_f3530cac._.js:2297
[54858580ms] [WARNING] [Chat] Canal fechado, reconectando... @ http://localhost:3000/_next/static/chunks/node_modules_next_dist_f3530cac._.js:2297
[54858581ms] [WARNING] [Notificações] Canal fechado, reconectando... @ http://localhost:3000/_next/static/chunks/node_modules_next_dist_f3530cac._.js:2297
[54858709ms] [LOG] [Chat] Realtime conectado @ http://localhost:3000/_next/static/chunks/node_modules_next_dist_f3530cac._.js:2297
[54858712ms] [LOG] [Notificações] Realtime conectado @ http://localhost:3000/_next/static/chunks/node_modules_next_dist_f3530cac._.js:2297
[54861582ms] [WARNING] [Chat] Canal fechado, reconectando... @ http://localhost:3000/_next/static/chunks/node_modules_next_dist_f3530cac._.js:2297
[54861583ms] [WARNING] [Notificações] Canal fechado, reconectando... @ http://localhost:3000/_next/static/chunks/node_modules_next_dist_f3530cac._.js:2297
[54861711ms] [LOG] [Chat] Realtime conectado @ http://localhost:3000/_next/static/chunks/node_modules_next_dist_f3530cac._.js:2297
[54861715ms] [LOG] [Notificações] Realtime conectado @ http://localhost:3000/_next/static/chunks/node_modules_next_dist_f3530cac._.js:2297
[54864585ms] [WARNING] [Chat] Canal fechado, reconectando... @ http://localhost:3000/_next/static/chunks/node_modules_next_dist_f3530cac._.js:2297
[54864586ms] [WARNING] [Notificações] Canal fechado, reconectando... @ http://localhost:3000/_next/static/chunks/node_modules_next_dist_f3530cac._.js:2297
[54864714ms] [LOG] [Chat] Realtime conectado @ http://localhost:3000/_next/static/chunks/node_modules_next_dist_f3530cac._.js:2297
[54864718ms] [LOG] [Notificações] Realtime conectado @ http://localhost:3000/_next/static/chunks/node_modules_next_dist_f3530cac._.js:2297
[54867588ms] [WARNING] [Chat] Canal fechado, reconectando... @ http://localhost:3000/_next/static/chunks/node_modules_next_dist_f3530cac._.js:2297
[54867589ms] [WARNING] [Notificações] Canal fechado, reconectando... @ http://localhost:3000/_next/static/chunks/node_modules_next_dist_f3530cac._.js:2297
[54867718ms] [LOG] [Chat] Realtime conectado @ http://localhost:3000/_next/static/chunks/node_modules_next_dist_f3530cac._.js:2297
[54867723ms] [LOG] [Notificações] Realtime conectado @ http://localhost:3000/_next/static/chunks/node_modules_next_dist_f3530cac._.js:2297
[54870605ms] [WARNING] [Chat] Canal fechado, reconectando... @ http://localhost:3000/_next/static/chunks/node_modules_next_dist_f3530cac._.js:2297
[54870606ms] [WARNING] [Notificações] Canal fechado, reconectando... @ http://localhost:3000/_next/static/chunks/node_modules_next_dist_f3530cac._.js:2297
[54870738ms] [LOG] [Chat] Realtime conectado @ http://localhost:3000/_next/static/chunks/node_modules_next_dist_f3530cac._.js:2297
[54870741ms] [LOG] [Notificações] Realtime conectado @ http://localhost:3000/_next/static/chunks/node_modules_next_dist_f3530cac._.js:2297
[54873622ms] [WARNING] [Chat] Canal fechado, reconectando... @ http://localhost:3000/_next/static/chunks/node_modules_next_dist_f3530cac._.js:2297
[54873623ms] [WARNING] [Notificações] Canal fechado, reconectando... @ http://localhost:3000/_next/static/chunks/node_modules_next_dist_f3530cac._.js:2297
[54873755ms] [LOG] [Chat] Realtime conectado @ http://localhost:3000/_next/static/chunks/node_modules_next_dist_f3530cac._.js:2297
[54873755ms] [LOG] [Notificações] Realtime conectado @ http://localhost:3000/_next/static/chunks/node_modules_next_dist_f3530cac._.js:2297
[54876638ms] [WARNING] [Chat] Canal fechado, reconectando... @ http://localhost:3000/_next/static/chunks/node_modules_next_dist_f3530cac._.js:2297
[54876638ms] [WARNING] [Notificações] Canal fechado, reconectando... @ http://localhost:3000/_next/static/chunks/node_modules_next_dist_f3530cac._.js:2297
[54876767ms] [LOG] [Chat] Realtime conectado @ http://localhost:3000/_next/static/chunks/node_modules_next_dist_f3530cac._.js:2297
[54876773ms] [LOG] [Notificações] Realtime conectado @ http://localhost:3000/_next/static/chunks/node_modules_next_dist_f3530cac._.js:2297
[54879649ms] [WARNING] [Chat] Canal fechado, reconectando... @ http://localhost:3000/_next/static/chunks/node_modules_next_dist_f3530cac._.js:2297
[54879649ms] [WARNING] [Notificações] Canal fechado, reconectando... @ http://localhost:3000/_next/static/chunks/node_modules_next_dist_f3530cac._.js:2297
[54879780ms] [LOG] [Chat] Realtime conectado @ http://localhost:3000/_next/static/chunks/node_modules_next_dist_f3530cac._.js:2297
[54879784ms] [LOG] [Notificações] Realtime conectado @ http://localhost:3000/_next/static/chunks/node_modules_next_dist_f3530cac._.js:2297
[54882655ms] [WARNING] [Chat] Canal fechado, reconectando... @ http://localhost:3000/_next/static/chunks/node_modules_next_dist_f3530cac._.js:2297
[54882656ms] [WARNING] [Notificações] Canal fechado, reconectando... @ http://localhost:3000/_next/static/chunks/node_modules_next_dist_f3530cac._.js:2297
[54882782ms] [LOG] [Chat] Realtime conectado @ http://localhost:3000/_next/static/chunks/node_modules_next_dist_f3530cac._.js:2297
[54882787ms] [LOG] [Notificações] Realtime conectado @ http://localhost:3000/_next/static/chunks/node_modules_next_dist_f3530cac._.js:2297
[54885665ms] [WARNING] [Chat] Canal fechado, reconectando... @ http://localhost:3000/_next/static/chunks/node_modules_next_dist_f3530cac._.js:2297
[54885665ms] [WARNING] [Notificações] Canal fechado, reconectando... @ http://localhost:3000/_next/static/chunks/node_modules_next_dist_f3530cac._.js:2297
[54885795ms] [LOG] [Chat] Realtime conectado @ http://localhost:3000/_next/static/chunks/node_modules_next_dist_f3530cac._.js:2297
[54885801ms] [LOG] [Notificações] Realtime conectado @ http://localhost:3000/_next/static/chunks/node_modules_next_dist_f3530cac._.js:2297
[54888671ms] [WARNING] [Chat] Canal fechado, reconectando... @ http://localhost:3000/_next/static/chunks/node_modules_next_dist_f3530cac._.js:2297
[54888672ms] [WARNING] [Notificações] Canal fechado, reconectando... @ http://localhost:3000/_next/static/chunks/node_modules_next_dist_f3530cac._.js:2297
[54888803ms] [LOG] [Chat] Realtime conectado @ http://localhost:3000/_next/static/chunks/node_modules_next_dist_f3530cac._.js:2297
[54888806ms] [LOG] [Notificações] Realtime conectado @ http://localhost:3000/_next/static/chunks/node_modules_next_dist_f3530cac._.js:2297
[54891673ms] [WARNING] [Chat] Canal fechado, reconectando... @ http://localhost:3000/_next/static/chunks/node_modules_next_dist_f3530cac._.js:2297
[54891674ms] [WARNING] [Notificações] Canal fechado, reconectando... @ http://localhost:3000/_next/static/chunks/node_modules_next_dist_f3530cac._.js:2297
[54891807ms] [LOG] [Chat] Realtime conectado @ http://localhost:3000/_next/static/chunks/node_modules_next_dist_f3530cac._.js:2297
[54891807ms] [LOG] [Notificações] Realtime conectado @ http://localhost:3000/_next/static/chunks/node_modules_next_dist_f3530cac._.js:2297
[54894682ms] [WARNING] [Chat] Canal fechado, reconectando... @ http://localhost:3000/_next/static/chunks/node_modules_next_dist_f3530cac._.js:2297
[54894683ms] [WARNING] [Notificações] Canal fechado, reconectando... @ http://localhost:3000/_next/static/chunks/node_modules_next_dist_f3530cac._.js:2297
[54894821ms] [LOG] [Chat] Realtime conectado @ http://localhost:3000/_next/static/chunks/node_modules_next_dist_f3530cac._.js:2297
[54894822ms] [LOG] [Notificações] Realtime conectado @ http://localhost:3000/_next/static/chunks/node_modules_next_dist_f3530cac._.js:2297
[54897688ms] [WARNING] [Chat] Canal fechado, reconectando... @ http://localhost:3000/_next/static/chunks/node_modules_next_dist_f3530cac._.js:2297
[54897688ms] [WARNING] [Notificações] Canal fechado, reconectando... @ http://localhost:3000/_next/static/chunks/node_modules_next_dist_f3530cac._.js:2297
[54897819ms] [LOG] [Chat] Realtime conectado @ http://localhost:3000/_next/static/chunks/node_modules_next_dist_f3530cac._.js:2297
[54897822ms] [LOG] [Notificações] Realtime conectado @ http://localhost:3000/_next/static/chunks/node_modules_next_dist_f3530cac._.js:2297
[54900704ms] [WARNING] [Chat] Canal fechado, reconectando... @ http://localhost:3000/_next/static/chunks/node_modules_next_dist_f3530cac._.js:2297
[54900705ms] [WARNING] [Notificações] Canal fechado, reconectando... @ http://localhost:3000/_next/static/chunks/node_modules_next_dist_f3530cac._.js:2297
[54900832ms] [LOG] [Chat] Realtime conectado @ http://localhost:3000/_next/static/chunks/node_modules_next_dist_f3530cac._.js:2297
[54900838ms] [LOG] [Notificações] Realtime conectado @ http://localhost:3000/_next/static/chunks/node_modules_next_dist_f3530cac._.js:2297
[54903705ms] [WARNING] [Chat] Canal fechado, reconectando... @ http://localhost:3000/_next/static/chunks/node_modules_next_dist_f3530cac._.js:2297
[54903705ms] [WARNING] [Notificações] Canal fechado, reconectando... @ http://localhost:3000/_next/static/chunks/node_modules_next_dist_f3530cac._.js:2297
[54903833ms] [LOG] [Chat] Realtime conectado @ http://localhost:3000/_next/static/chunks/node_modules_next_dist_f3530cac._.js:2297
[54903837ms] [LOG] [Notificações] Realtime conectado @ http://localhost:3000/_next/static/chunks/node_modules_next_dist_f3530cac._.js:2297
[54906711ms] [WARNING] [Chat] Canal fechado, reconectando... @ http://localhost:3000/_next/static/chunks/node_modules_next_dist_f3530cac._.js:2297
[54906711ms] [WARNING] [Notificações] Canal fechado, reconectando... @ http://localhost:3000/_next/static/chunks/node_modules_next_dist_f3530cac._.js:2297
[54906849ms] [LOG] [Chat] Realtime conectado @ http://localhost:3000/_next/static/chunks/node_modules_next_dist_f3530cac._.js:2297
[54906854ms] [LOG] [Notificações] Realtime conectado @ http://localhost:3000/_next/static/chunks/node_modules_next_dist_f3530cac._.js:2297
[54909721ms] [WARNING] [Chat] Canal fechado, reconectando... @ http://localhost:3000/_next/static/chunks/node_modules_next_dist_f3530cac._.js:2297
[54909721ms] [WARNING] [Notificações] Canal fechado, reconectando... @ http://localhost:3000/_next/static/chunks/node_modules_next_dist_f3530cac._.js:2297
[54909862ms] [LOG] [Chat] Realtime conectado @ http://localhost:3000/_next/static/chunks/node_modules_next_dist_f3530cac._.js:2297
[54909862ms] [LOG] [Notificações] Realtime conectado @ http://localhost:3000/_next/static/chunks/node_modules_next_dist_f3530cac._.js:2297
[54912724ms] [WARNING] [Chat] Canal fechado, reconectando... @ http://localhost:3000/_next/static/chunks/node_modules_next_dist_f3530cac._.js:2297
[54912725ms] [WARNING] [Notificações] Canal fechado, reconectando... @ http://localhost:3000/_next/static/chunks/node_modules_next_dist_f3530cac._.js:2297
[54912854ms] [LOG] [Chat] Realtime conectado @ http://localhost:3000/_next/static/chunks/node_modules_next_dist_f3530cac._.js:2297
[54912855ms] [LOG] [Notificações] Realtime conectado @ http://localhost:3000/_next/static/chunks/node_modules_next_dist_f3530cac._.js:2297
[54915724ms] [WARNING] [Chat] Canal fechado, reconectando... @ http://localhost:3000/_next/static/chunks/node_modules_next_dist_f3530cac._.js:2297
[54915725ms] [WARNING] [Notificações] Canal fechado, reconectando... @ http://localhost:3000/_next/static/chunks/node_modules_next_dist_f3530cac._.js:2297
[54915854ms] [LOG] [Chat] Realtime conectado @ http://localhost:3000/_next/static/chunks/node_modules_next_dist_f3530cac._.js:2297
[54915858ms] [LOG] [Notificações] Realtime conectado @ http://localhost:3000/_next/static/chunks/node_modules_next_dist_f3530cac._.js:2297
[54918730ms] [WARNING] [Chat] Canal fechado, reconectando... @ http://localhost:3000/_next/static/chunks/node_modules_next_dist_f3530cac._.js:2297
[54918731ms] [WARNING] [Notificações] Canal fechado, reconectando... @ http://localhost:3000/_next/static/chunks/node_modules_next_dist_f3530cac._.js:2297
[54918863ms] [LOG] [Chat] Realtime conectado @ http://localhost:3000/_next/static/chunks/node_modules_next_dist_f3530cac._.js:2297
[54918865ms] [LOG] [Notificações] Realtime conectado @ http://localhost:3000/_next/static/chunks/node_modules_next_dist_f3530cac._.js:2297
[54921737ms] [WARNING] [Chat] Canal fechado, reconectando... @ http://localhost:3000/_next/static/chunks/node_modules_next_dist_f3530cac._.js:2297
[54921737ms] [WARNING] [Notificações] Canal fechado, reconectando... @ http://localhost:3000/_next/static/chunks/node_modules_next_dist_f3530cac._.js:2297
[54921871ms] [LOG] [Chat] Realtime conectado @ http://localhost:3000/_next/static/chunks/node_modules_next_dist_f3530cac._.js:2297
[54921875ms] [LOG] [Notificações] Realtime conectado @ http://localhost:3000/_next/static/chunks/node_modules_next_dist_f3530cac._.js:2297
[54924737ms] [WARNING] [Chat] Canal fechado, reconectando... @ http://localhost:3000/_next/static/chunks/node_modules_next_dist_f3530cac._.js:2297
[54924738ms] [WARNING] [Notificações] Canal fechado, reconectando... @ http://localhost:3000/_next/static/chunks/node_modules_next_dist_f3530cac._.js:2297
[54924865ms] [LOG] [Chat] Realtime conectado @ http://localhost:3000/_next/static/chunks/node_modules_next_dist_f3530cac._.js:2297
[54924868ms] [LOG] [Notificações] Realtime conectado @ http://localhost:3000/_next/static/chunks/node_modules_next_dist_f3530cac._.js:2297
[54927738ms] [WARNING] [Chat] Canal fechado, reconectando... @ http://localhost:3000/_next/static/chunks/node_modules_next_dist_f3530cac._.js:2297
[54927754ms] [WARNING] [Notificações] Canal fechado, reconectando... @ http://localhost:3000/_next/static/chunks/node_modules_next_dist_f3530cac._.js:2297
[54927866ms] [LOG] [Chat] Realtime conectado @ http://localhost:3000/_next/static/chunks/node_modules_next_dist_f3530cac._.js:2297
[54927887ms] [LOG] [Notificações] Realtime conectado @ http://localhost:3000/_next/static/chunks/node_modules_next_dist_f3530cac._.js:2297
[54930741ms] [WARNING] [Chat] Canal fechado, reconectando... @ http://localhost:3000/_next/static/chunks/node_modules_next_dist_f3530cac._.js:2297
[54930757ms] [WARNING] [Notificações] Canal fechado, reconectando... @ http://localhost:3000/_next/static/chunks/node_modules_next_dist_f3530cac._.js:2297
[54930875ms] [LOG] [Chat] Realtime conectado @ http://localhost:3000/_next/static/chunks/node_modules_next_dist_f3530cac._.js:2297
[54930887ms] [LOG] [Notificações] Realtime conectado @ http://localhost:3000/_next/static/chunks/node_modules_next_dist_f3530cac._.js:2297
[54933751ms] [WARNING] [Chat] Canal fechado, reconectando... @ http://localhost:3000/_next/static/chunks/node_modules_next_dist_f3530cac._.js:2297
[54933767ms] [WARNING] [Notificações] Canal fechado, reconectando... @ http://localhost:3000/_next/static/chunks/node_modules_next_dist_f3530cac._.js:2297
[54933880ms] [LOG] [Chat] Realtime conectado @ http://localhost:3000/_next/static/chunks/node_modules_next_dist_f3530cac._.js:2297
[54933904ms] [LOG] [Notificações] Realtime conectado @ http://localhost:3000/_next/static/chunks/node_modules_next_dist_f3530cac._.js:2297
[54936754ms] [WARNING] [Chat] Canal fechado, reconectando... @ http://localhost:3000/_next/static/chunks/node_modules_next_dist_f3530cac._.js:2297
[54936770ms] [WARNING] [Notificações] Canal fechado, reconectando... @ http://localhost:3000/_next/static/chunks/node_modules_next_dist_f3530cac._.js:2297
[54936884ms] [LOG] [Chat] Realtime conectado @ http://localhost:3000/_next/static/chunks/node_modules_next_dist_f3530cac._.js:2297
[54936900ms] [LOG] [Notificações] Realtime conectado @ http://localhost:3000/_next/static/chunks/node_modules_next_dist_f3530cac._.js:2297
[54939761ms] [WARNING] [Chat] Canal fechado, reconectando... @ http://localhost:3000/_next/static/chunks/node_modules_next_dist_f3530cac._.js:2297
[54939777ms] [WARNING] [Notificações] Canal fechado, reconectando... @ http://localhost:3000/_next/static/chunks/node_modules_next_dist_f3530cac._.js:2297
[54939890ms] [LOG] [Chat] Realtime conectado @ http://localhost:3000/_next/static/chunks/node_modules_next_dist_f3530cac._.js:2297
[54939905ms] [LOG] [Notificações] Realtime conectado @ http://localhost:3000/_next/static/chunks/node_modules_next_dist_f3530cac._.js:2297
[54942771ms] [WARNING] [Chat] Canal fechado, reconectando... @ http://localhost:3000/_next/static/chunks/node_modules_next_dist_f3530cac._.js:2297
[54942785ms] [WARNING] [Notificações] Canal fechado, reconectando... @ http://localhost:3000/_next/static/chunks/node_modules_next_dist_f3530cac._.js:2297
[54942901ms] [LOG] [Chat] Realtime conectado @ http://localhost:3000/_next/static/chunks/node_modules_next_dist_f3530cac._.js:2297
[54942914ms] [LOG] [Notificações] Realtime conectado @ http://localhost:3000/_next/static/chunks/node_modules_next_dist_f3530cac._.js:2297
[54945777ms] [WARNING] [Chat] Canal fechado, reconectando... @ http://localhost:3000/_next/static/chunks/node_modules_next_dist_f3530cac._.js:2297
[54945788ms] [WARNING] [Notificações] Canal fechado, reconectando... @ http://localhost:3000/_next/static/chunks/node_modules_next_dist_f3530cac._.js:2297
[54945910ms] [LOG] [Chat] Realtime conectado @ http://localhost:3000/_next/static/chunks/node_modules_next_dist_f3530cac._.js:2297
[54945917ms] [LOG] [Notificações] Realtime conectado @ http://localhost:3000/_next/static/chunks/node_modules_next_dist_f3530cac._.js:2297
[54948787ms] [WARNING] [Chat] Canal fechado, reconectando... @ http://localhost:3000/_next/static/chunks/node_modules_next_dist_f3530cac._.js:2297
[54948804ms] [WARNING] [Notificações] Canal fechado, reconectando... @ http://localhost:3000/_next/static/chunks/node_modules_next_dist_f3530cac._.js:2297
[54948916ms] [LOG] [Chat] Realtime conectado @ http://localhost:3000/_next/static/chunks/node_modules_next_dist_f3530cac._.js:2297
[54948932ms] [LOG] [Notificações] Realtime conectado @ http://localhost:3000/_next/static/chunks/node_modules_next_dist_f3530cac._.js:2297
[54951787ms] [WARNING] [Chat] Canal fechado, reconectando... @ http://localhost:3000/_next/static/chunks/node_modules_next_dist_f3530cac._.js:2297
[54951815ms] [WARNING] [Notificações] Canal fechado, reconectando... @ http://localhost:3000/_next/static/chunks/node_modules_next_dist_f3530cac._.js:2297
[54951918ms] [LOG] [Chat] Realtime conectado @ http://localhost:3000/_next/static/chunks/node_modules_next_dist_f3530cac._.js:2297
[54951947ms] [LOG] [Notificações] Realtime conectado @ http://localhost:3000/_next/static/chunks/node_modules_next_dist_f3530cac._.js:2297
[54954792ms] [WARNING] [Chat] Canal fechado, reconectando... @ http://localhost:3000/_next/static/chunks/node_modules_next_dist_f3530cac._.js:2297
[54954820ms] [WARNING] [Notificações] Canal fechado, reconectando... @ http://localhost:3000/_next/static/chunks/node_modules_next_dist_f3530cac._.js:2297
[54954922ms] [LOG] [Chat] Realtime conectado @ http://localhost:3000/_next/static/chunks/node_modules_next_dist_f3530cac._.js:2297
[54954948ms] [LOG] [Notificações] Realtime conectado @ http://localhost:3000/_next/static/chunks/node_modules_next_dist_f3530cac._.js:2297
[54957804ms] [WARNING] [Chat] Canal fechado, reconectando... @ http://localhost:3000/_next/static/chunks/node_modules_next_dist_f3530cac._.js:2297
[54957821ms] [WARNING] [Notificações] Canal fechado, reconectando... @ http://localhost:3000/_next/static/chunks/node_modules_next_dist_f3530cac._.js:2297
[54957933ms] [LOG] [Chat] Realtime conectado @ http://localhost:3000/_next/static/chunks/node_modules_next_dist_f3530cac._.js:2297
[54957954ms] [LOG] [Notificações] Realtime conectado @ http://localhost:3000/_next/static/chunks/node_modules_next_dist_f3530cac._.js:2297
[54960805ms] [WARNING] [Chat] Canal fechado, reconectando... @ http://localhost:3000/_next/static/chunks/node_modules_next_dist_f3530cac._.js:2297
[54960822ms] [WARNING] [Notificações] Canal fechado, reconectando... @ http://localhost:3000/_next/static/chunks/node_modules_next_dist_f3530cac._.js:2297
[54960938ms] [LOG] [Chat] Realtime conectado @ http://localhost:3000/_next/static/chunks/node_modules_next_dist_f3530cac._.js:2297
[54960955ms] [LOG] [Notificações] Realtime conectado @ http://localhost:3000/_next/static/chunks/node_modules_next_dist_f3530cac._.js:2297
[54963818ms] [WARNING] [Chat] Canal fechado, reconectando... @ http://localhost:3000/_next/static/chunks/node_modules_next_dist_f3530cac._.js:2297
[54963834ms] [WARNING] [Notificações] Canal fechado, reconectando... @ http://localhost:3000/_next/static/chunks/node_modules_next_dist_f3530cac._.js:2297
[54963950ms] [LOG] [Chat] Realtime conectado @ http://localhost:3000/_next/static/chunks/node_modules_next_dist_f3530cac._.js:2297
[54963963ms] [LOG] [Notificações] Realtime conectado @ http://localhost:3000/_next/static/chunks/node_modules_next_dist_f3530cac._.js:2297
[54966822ms] [WARNING] [Chat] Canal fechado, reconectando... @ http://localhost:3000/_next/static/chunks/node_modules_next_dist_f3530cac._.js:2297
[54966838ms] [WARNING] [Notificações] Canal fechado, reconectando... @ http://localhost:3000/_next/static/chunks/node_modules_next_dist_f3530cac._.js:2297
[54966953ms] [LOG] [Chat] Realtime conectado @ http://localhost:3000/_next/static/chunks/node_modules_next_dist_f3530cac._.js:2297
[54966970ms] [LOG] [Notificações] Realtime conectado @ http://localhost:3000/_next/static/chunks/node_modules_next_dist_f3530cac._.js:2297
[54969826ms] [WARNING] [Chat] Canal fechado, reconectando... @ http://localhost:3000/_next/static/chunks/node_modules_next_dist_f3530cac._.js:2297
[54969842ms] [WARNING] [Notificações] Canal fechado, reconectando... @ http://localhost:3000/_next/static/chunks/node_modules_next_dist_f3530cac._.js:2297
[54969955ms] [LOG] [Chat] Realtime conectado @ http://localhost:3000/_next/static/chunks/node_modules_next_dist_f3530cac._.js:2297
[54969974ms] [LOG] [Notificações] Realtime conectado @ http://localhost:3000/_next/static/chunks/node_modules_next_dist_f3530cac._.js:2297
[54972829ms] [WARNING] [Chat] Canal fechado, reconectando... @ http://localhost:3000/_next/static/chunks/node_modules_next_dist_f3530cac._.js:2297
[54972845ms] [WARNING] [Notificações] Canal fechado, reconectando... @ http://localhost:3000/_next/static/chunks/node_modules_next_dist_f3530cac._.js:2297
[54972959ms] [LOG] [Chat] Realtime conectado @ http://localhost:3000/_next/static/chunks/node_modules_next_dist_f3530cac._.js:2297
[54972977ms] [LOG] [Notificações] Realtime conectado @ http://localhost:3000/_next/static/chunks/node_modules_next_dist_f3530cac._.js:2297
[54975837ms] [WARNING] [Chat] Canal fechado, reconectando... @ http://localhost:3000/_next/static/chunks/node_modules_next_dist_f3530cac._.js:2297
[54975851ms] [WARNING] [Notificações] Canal fechado, reconectando... @ http://localhost:3000/_next/static/chunks/node_modules_next_dist_f3530cac._.js:2297
[54975967ms] [LOG] [Chat] Realtime conectado @ http://localhost:3000/_next/static/chunks/node_modules_next_dist_f3530cac._.js:2297
[54975983ms] [LOG] [Notificações] Realtime conectado @ http://localhost:3000/_next/static/chunks/node_modules_next_dist_f3530cac._.js:2297
[54978839ms] [WARNING] [Chat] Canal fechado, reconectando... @ http://localhost:3000/_next/static/chunks/node_modules_next_dist_f3530cac._.js:2297
[54978856ms] [WARNING] [Notificações] Canal fechado, reconectando... @ http://localhost:3000/_next/static/chunks/node_modules_next_dist_f3530cac._.js:2297
[54978974ms] [LOG] [Chat] Realtime conectado @ http://localhost:3000/_next/static/chunks/node_modules_next_dist_f3530cac._.js:2297
[54978988ms] [LOG] [Notificações] Realtime conectado @ http://localhost:3000/_next/static/chunks/node_modules_next_dist_f3530cac._.js:2297
[54981840ms] [WARNING] [Chat] Canal fechado, reconectando... @ http://localhost:3000/_next/static/chunks/node_modules_next_dist_f3530cac._.js:2297
[54981858ms] [WARNING] [Notificações] Canal fechado, reconectando... @ http://localhost:3000/_next/static/chunks/node_modules_next_dist_f3530cac._.js:2297
[54981973ms] [LOG] [Chat] Realtime conectado @ http://localhost:3000/_next/static/chunks/node_modules_next_dist_f3530cac._.js:2297
[54981988ms] [LOG] [Notificações] Realtime conectado @ http://localhost:3000/_next/static/chunks/node_modules_next_dist_f3530cac._.js:2297
[54984848ms] [WARNING] [Chat] Canal fechado, reconectando... @ http://localhost:3000/_next/static/chunks/node_modules_next_dist_f3530cac._.js:2297
[54984864ms] [WARNING] [Notificações] Canal fechado, reconectando... @ http://localhost:3000/_next/static/chunks/node_modules_next_dist_f3530cac._.js:2297
[54984978ms] [LOG] [Chat] Realtime conectado @ http://localhost:3000/_next/static/chunks/node_modules_next_dist_f3530cac._.js:2297
[54984994ms] [LOG] [Notificações] Realtime conectado @ http://localhost:3000/_next/static/chunks/node_modules_next_dist_f3530cac._.js:2297
[54987850ms] [WARNING] [Chat] Canal fechado, reconectando... @ http://localhost:3000/_next/static/chunks/node_modules_next_dist_f3530cac._.js:2297
[54987866ms] [WARNING] [Notificações] Canal fechado, reconectando... @ http://localhost:3000/_next/static/chunks/node_modules_next_dist_f3530cac._.js:2297
[54987984ms] [LOG] [Chat] Realtime conectado @ http://localhost:3000/_next/static/chunks/node_modules_next_dist_f3530cac._.js:2297
[54987994ms] [LOG] [Notificações] Realtime conectado @ http://localhost:3000/_next/static/chunks/node_modules_next_dist_f3530cac._.js:2297
[54990853ms] [WARNING] [Chat] Canal fechado, reconectando... @ http://localhost:3000/_next/static/chunks/node_modules_next_dist_f3530cac._.js:2297
[54990870ms] [WARNING] [Notificações] Canal fechado, reconectando... @ http://localhost:3000/_next/static/chunks/node_modules_next_dist_f3530cac._.js:2297
[54990987ms] [LOG] [Chat] Realtime conectado @ http://localhost:3000/_next/static/chunks/node_modules_next_dist_f3530cac._.js:2297
[54990999ms] [LOG] [Notificações] Realtime conectado @ http://localhost:3000/_next/static/chunks/node_modules_next_dist_f3530cac._.js:2297
[54993870ms] [WARNING] [Chat] Canal fechado, reconectando... @ http://localhost:3000/_next/static/chunks/node_modules_next_dist_f3530cac._.js:2297
[54993870ms] [WARNING] [Notificações] Canal fechado, reconectando... @ http://localhost:3000/_next/static/chunks/node_modules_next_dist_f3530cac._.js:2297
[54993998ms] [LOG] [Chat] Realtime conectado @ http://localhost:3000/_next/static/chunks/node_modules_next_dist_f3530cac._.js:2297
[54994003ms] [LOG] [Notificações] Realtime conectado @ http://localhost:3000/_next/static/chunks/node_modules_next_dist_f3530cac._.js:2297
[54996870ms] [WARNING] [Chat] Canal fechado, reconectando... @ http://localhost:3000/_next/static/chunks/node_modules_next_dist_f3530cac._.js:2297
[54996871ms] [WARNING] [Notificações] Canal fechado, reconectando... @ http://localhost:3000/_next/static/chunks/node_modules_next_dist_f3530cac._.js:2297
[54996999ms] [LOG] [Chat] Realtime conectado @ http://localhost:3000/_next/static/chunks/node_modules_next_dist_f3530cac._.js:2297
[54997004ms] [LOG] [Notificações] Realtime conectado @ http://localhost:3000/_next/static/chunks/node_modules_next_dist_f3530cac._.js:2297
[54999873ms] [WARNING] [Chat] Canal fechado, reconectando... @ http://localhost:3000/_next/static/chunks/node_modules_next_dist_f3530cac._.js:2297
[54999874ms] [WARNING] [Notificações] Canal fechado, reconectando... @ http://localhost:3000/_next/static/chunks/node_modules_next_dist_f3530cac._.js:2297
[55000003ms] [LOG] [Chat] Realtime conectado @ http://localhost:3000/_next/static/chunks/node_modules_next_dist_f3530cac._.js:2297
[55000008ms] [LOG] [Notificações] Realtime conectado @ http://localhost:3000/_next/static/chunks/node_modules_next_dist_f3530cac._.js:2297
[55002881ms] [WARNING] [Chat] Canal fechado, reconectando... @ http://localhost:3000/_next/static/chunks/node_modules_next_dist_f3530cac._.js:2297
[55002882ms] [WARNING] [Notificações] Canal fechado, reconectando... @ http://localhost:3000/_next/static/chunks/node_modules_next_dist_f3530cac._.js:2297
[55003009ms] [LOG] [Chat] Realtime conectado @ http://localhost:3000/_next/static/chunks/node_modules_next_dist_f3530cac._.js:2297
[55003013ms] [LOG] [Notificações] Realtime conectado @ http://localhost:3000/_next/static/chunks/node_modules_next_dist_f3530cac._.js:2297
[55005886ms] [WARNING] [Chat] Canal fechado, reconectando... @ http://localhost:3000/_next/static/chunks/node_modules_next_dist_f3530cac._.js:2297
[55005887ms] [WARNING] [Notificações] Canal fechado, reconectando... @ http://localhost:3000/_next/static/chunks/node_modules_next_dist_f3530cac._.js:2297
[55006026ms] [LOG] [Chat] Realtime conectado @ http://localhost:3000/_next/static/chunks/node_modules_next_dist_f3530cac._.js:2297
[55006030ms] [LOG] [Notificações] Realtime conectado @ http://localhost:3000/_next/static/chunks/node_modules_next_dist_f3530cac._.js:2297
[55008893ms] [WARNING] [Chat] Canal fechado, reconectando... @ http://localhost:3000/_next/static/chunks/node_modules_next_dist_f3530cac._.js:2297
[55008894ms] [WARNING] [Notificações] Canal fechado, reconectando... @ http://localhost:3000/_next/static/chunks/node_modules_next_dist_f3530cac._.js:2297
[55009124ms] [LOG] [Chat] Realtime conectado @ http://localhost:3000/_next/static/chunks/node_modules_next_dist_f3530cac._.js:2297
[55009125ms] [LOG] [Notificações] Realtime conectado @ http://localhost:3000/_next/static/chunks/node_modules_next_dist_f3530cac._.js:2297
[55011902ms] [WARNING] [Chat] Canal fechado, reconectando... @ http://localhost:3000/_next/static/chunks/node_modules_next_dist_f3530cac._.js:2297
[55011903ms] [WARNING] [Notificações] Canal fechado, reconectando... @ http://localhost:3000/_next/static/chunks/node_modules_next_dist_f3530cac._.js:2297
[55012036ms] [LOG] [Chat] Realtime conectado @ http://localhost:3000/_next/static/chunks/node_modules_next_dist_f3530cac._.js:2297
[55012036ms] [LOG] [Notificações] Realtime conectado @ http://localhost:3000/_next/static/chunks/node_modules_next_dist_f3530cac._.js:2297
[55014903ms] [WARNING] [Chat] Canal fechado, reconectando... @ http://localhost:3000/_next/static/chunks/node_modules_next_dist_f3530cac._.js:2297
[55014904ms] [WARNING] [Notificações] Canal fechado, reconectando... @ http://localhost:3000/_next/static/chunks/node_modules_next_dist_f3530cac._.js:2297
[55015032ms] [LOG] [Chat] Realtime conectado @ http://localhost:3000/_next/static/chunks/node_modules_next_dist_f3530cac._.js:2297
[55015036ms] [LOG] [Notificações] Realtime conectado @ http://localhost:3000/_next/static/chunks/node_modules_next_dist_f3530cac._.js:2297
[55017920ms] [WARNING] [Chat] Canal fechado, reconectando... @ http://localhost:3000/_next/static/chunks/node_modules_next_dist_f3530cac._.js:2297
[55017920ms] [WARNING] [Notificações] Canal fechado, reconectando... @ http://localhost:3000/_next/static/chunks/node_modules_next_dist_f3530cac._.js:2297
[55018070ms] [LOG] [Chat] Realtime conectado @ http://localhost:3000/_next/static/chunks/node_modules_next_dist_f3530cac._.js:2297
[55018076ms] [LOG] [Notificações] Realtime conectado @ http://localhost:3000/_next/static/chunks/node_modules_next_dist_f3530cac._.js:2297
[55020932ms] [WARNING] [Chat] Canal fechado, reconectando... @ http://localhost:3000/_next/static/chunks/node_modules_next_dist_f3530cac._.js:2297
[55020933ms] [WARNING] [Notificações] Canal fechado, reconectando... @ http://localhost:3000/_next/static/chunks/node_modules_next_dist_f3530cac._.js:2297
[55021062ms] [LOG] [Chat] Realtime conectado @ http://localhost:3000/_next/static/chunks/node_modules_next_dist_f3530cac._.js:2297
[55021066ms] [LOG] [Notificações] Realtime conectado @ http://localhost:3000/_next/static/chunks/node_modules_next_dist_f3530cac._.js:2297
[55023936ms] [WARNING] [Chat] Canal fechado, reconectando... @ http://localhost:3000/_next/static/chunks/node_modules_next_dist_f3530cac._.js:2297
[55023936ms] [WARNING] [Notificações] Canal fechado, reconectando... @ http://localhost:3000/_next/static/chunks/node_modules_next_dist_f3530cac._.js:2297
[55024069ms] [LOG] [Chat] Realtime conectado @ http://localhost:3000/_next/static/chunks/node_modules_next_dist_f3530cac._.js:2297
[55024072ms] [LOG] [Notificações] Realtime conectado @ http://localhost:3000/_next/static/chunks/node_modules_next_dist_f3530cac._.js:2297
[55026938ms] [WARNING] [Chat] Canal fechado, reconectando... @ http://localhost:3000/_next/static/chunks/node_modules_next_dist_f3530cac._.js:2297
[55026938ms] [WARNING] [Notificações] Canal fechado, reconectando... @ http://localhost:3000/_next/static/chunks/node_modules_next_dist_f3530cac._.js:2297
[55027070ms] [LOG] [Chat] Realtime conectado @ http://localhost:3000/_next/static/chunks/node_modules_next_dist_f3530cac._.js:2297
[55027073ms] [LOG] [Notificações] Realtime conectado @ http://localhost:3000/_next/static/chunks/node_modules_next_dist_f3530cac._.js:2297
[55029944ms] [WARNING] [Chat] Canal fechado, reconectando... @ http://localhost:3000/_next/static/chunks/node_modules_next_dist_f3530cac._.js:2297
[55029944ms] [WARNING] [Notificações] Canal fechado, reconectando... @ http://localhost:3000/_next/static/chunks/node_modules_next_dist_f3530cac._.js:2297
[55030077ms] [LOG] [Chat] Realtime conectado @ http://localhost:3000/_next/static/chunks/node_modules_next_dist_f3530cac._.js:2297
[55030080ms] [LOG] [Notificações] Realtime conectado @ http://localhost:3000/_next/static/chunks/node_modules_next_dist_f3530cac._.js:2297
[55032952ms] [WARNING] [Chat] Canal fechado, reconectando... @ http://localhost:3000/_next/static/chunks/node_modules_next_dist_f3530cac._.js:2297
[55032953ms] [WARNING] [Notificações] Canal fechado, reconectando... @ http://localhost:3000/_next/static/chunks/node_modules_next_dist_f3530cac._.js:2297
[55033082ms] [LOG] [Chat] Realtime conectado @ http://localhost:3000/_next/static/chunks/node_modules_next_dist_f3530cac._.js:2297
[55033086ms] [LOG] [Notificações] Realtime conectado @ http://localhost:3000/_next/static/chunks/node_modules_next_dist_f3530cac._.js:2297
[55035953ms] [WARNING] [Chat] Canal fechado, reconectando... @ http://localhost:3000/_next/static/chunks/node_modules_next_dist_f3530cac._.js:2297
[55035953ms] [WARNING] [Notificações] Canal fechado, reconectando... @ http://localhost:3000/_next/static/chunks/node_modules_next_dist_f3530cac._.js:2297
[55036083ms] [LOG] [Chat] Realtime conectado @ http://localhost:3000/_next/static/chunks/node_modules_next_dist_f3530cac._.js:2297
[55036087ms] [LOG] [Notificações] Realtime conectado @ http://localhost:3000/_next/static/chunks/node_modules_next_dist_f3530cac._.js:2297
[55038969ms] [WARNING] [Chat] Canal fechado, reconectando... @ http://localhost:3000/_next/static/chunks/node_modules_next_dist_f3530cac._.js:2297
[55038969ms] [WARNING] [Notificações] Canal fechado, reconectando... @ http://localhost:3000/_next/static/chunks/node_modules_next_dist_f3530cac._.js:2297
[55039097ms] [LOG] [Chat] Realtime conectado @ http://localhost:3000/_next/static/chunks/node_modules_next_dist_f3530cac._.js:2297
[55039100ms] [LOG] [Notificações] Realtime conectado @ http://localhost:3000/_next/static/chunks/node_modules_next_dist_f3530cac._.js:2297
[55041969ms] [WARNING] [Chat] Canal fechado, reconectando... @ http://localhost:3000/_next/static/chunks/node_modules_next_dist_f3530cac._.js:2297
[55041970ms] [WARNING] [Notificações] Canal fechado, reconectando... @ http://localhost:3000/_next/static/chunks/node_modules_next_dist_f3530cac._.js:2297
[55042103ms] [LOG] [Chat] Realtime conectado @ http://localhost:3000/_next/static/chunks/node_modules_next_dist_f3530cac._.js:2297
[55042107ms] [LOG] [Notificações] Realtime conectado @ http://localhost:3000/_next/static/chunks/node_modules_next_dist_f3530cac._.js:2297
[55044970ms] [WARNING] [Chat] Canal fechado, reconectando... @ http://localhost:3000/_next/static/chunks/node_modules_next_dist_f3530cac._.js:2297
[55044971ms] [WARNING] [Notificações] Canal fechado, reconectando... @ http://localhost:3000/_next/static/chunks/node_modules_next_dist_f3530cac._.js:2297
[55045099ms] [LOG] [Chat] Realtime conectado @ http://localhost:3000/_next/static/chunks/node_modules_next_dist_f3530cac._.js:2297
[55045104ms] [LOG] [Notificações] Realtime conectado @ http://localhost:3000/_next/static/chunks/node_modules_next_dist_f3530cac._.js:2297
[55047972ms] [WARNING] [Chat] Canal fechado, reconectando... @ http://localhost:3000/_next/static/chunks/node_modules_next_dist_f3530cac._.js:2297
[55047972ms] [WARNING] [Notificações] Canal fechado, reconectando... @ http://localhost:3000/_next/static/chunks/node_modules_next_dist_f3530cac._.js:2297
[55048104ms] [LOG] [Chat] Realtime conectado @ http://localhost:3000/_next/static/chunks/node_modules_next_dist_f3530cac._.js:2297
[55048108ms] [LOG] [Notificações] Realtime conectado @ http://localhost:3000/_next/static/chunks/node_modules_next_dist_f3530cac._.js:2297
[55050982ms] [WARNING] [Chat] Canal fechado, reconectando... @ http://localhost:3000/_next/static/chunks/node_modules_next_dist_f3530cac._.js:2297
[55050982ms] [WARNING] [Notificações] Canal fechado, reconectando... @ http://localhost:3000/_next/static/chunks/node_modules_next_dist_f3530cac._.js:2297
[55051113ms] [LOG] [Chat] Realtime conectado @ http://localhost:3000/_next/static/chunks/node_modules_next_dist_f3530cac._.js:2297
[55051114ms] [LOG] [Notificações] Realtime conectado @ http://localhost:3000/_next/static/chunks/node_modules_next_dist_f3530cac._.js:2297
[55053985ms] [WARNING] [Chat] Canal fechado, reconectando... @ http://localhost:3000/_next/static/chunks/node_modules_next_dist_f3530cac._.js:2297
[55053985ms] [WARNING] [Notificações] Canal fechado, reconectando... @ http://localhost:3000/_next/static/chunks/node_modules_next_dist_f3530cac._.js:2297
[55054113ms] [LOG] [Chat] Realtime conectado @ http://localhost:3000/_next/static/chunks/node_modules_next_dist_f3530cac._.js:2297
[55054116ms] [LOG] [Notificações] Realtime conectado @ http://localhost:3000/_next/static/chunks/node_modules_next_dist_f3530cac._.js:2297
[55056985ms] [WARNING] [Chat] Canal fechado, reconectando... @ http://localhost:3000/_next/static/chunks/node_modules_next_dist_f3530cac._.js:2297
[55056986ms] [WARNING] [Notificações] Canal fechado, reconectando... @ http://localhost:3000/_next/static/chunks/node_modules_next_dist_f3530cac._.js:2297
[55057120ms] [LOG] [Chat] Realtime conectado @ http://localhost:3000/_next/static/chunks/node_modules_next_dist_f3530cac._.js:2297
[55057123ms] [LOG] [Notificações] Realtime conectado @ http://localhost:3000/_next/static/chunks/node_modules_next_dist_f3530cac._.js:2297
[55059992ms] [WARNING] [Chat] Canal fechado, reconectando... @ http://localhost:3000/_next/static/chunks/node_modules_next_dist_f3530cac._.js:2297
[55059993ms] [WARNING] [Notificações] Canal fechado, reconectando... @ http://localhost:3000/_next/static/chunks/node_modules_next_dist_f3530cac._.js:2297
[55060122ms] [LOG] [Chat] Realtime conectado @ http://localhost:3000/_next/static/chunks/node_modules_next_dist_f3530cac._.js:2297
[55060126ms] [LOG] [Notificações] Realtime conectado @ http://localhost:3000/_next/static/chunks/node_modules_next_dist_f3530cac._.js:2297
[55063002ms] [WARNING] [Chat] Canal fechado, reconectando... @ http://localhost:3000/_next/static/chunks/node_modules_next_dist_f3530cac._.js:2297
[55063003ms] [WARNING] [Notificações] Canal fechado, reconectando... @ http://localhost:3000/_next/static/chunks/node_modules_next_dist_f3530cac._.js:2297
[55063133ms] [LOG] [Chat] Realtime conectado @ http://localhost:3000/_next/static/chunks/node_modules_next_dist_f3530cac._.js:2297
[55063137ms] [LOG] [Notificações] Realtime conectado @ http://localhost:3000/_next/static/chunks/node_modules_next_dist_f3530cac._.js:2297
[55066006ms] [WARNING] [Chat] Canal fechado, reconectando... @ http://localhost:3000/_next/static/chunks/node_modules_next_dist_f3530cac._.js:2297
[55066007ms] [WARNING] [Notificações] Canal fechado, reconectando... @ http://localhost:3000/_next/static/chunks/node_modules_next_dist_f3530cac._.js:2297
[55066140ms] [LOG] [Chat] Realtime conectado @ http://localhost:3000/_next/static/chunks/node_modules_next_dist_f3530cac._.js:2297
[55066141ms] [LOG] [Notificações] Realtime conectado @ http://localhost:3000/_next/static/chunks/node_modules_next_dist_f3530cac._.js:2297
[55069012ms] [WARNING] [Chat] Canal fechado, reconectando... @ http://localhost:3000/_next/static/chunks/node_modules_next_dist_f3530cac._.js:2297
[55069012ms] [WARNING] [Notificações] Canal fechado, reconectando... @ http://localhost:3000/_next/static/chunks/node_modules_next_dist_f3530cac._.js:2297
[55069159ms] [LOG] [Chat] Realtime conectado @ http://localhost:3000/_next/static/chunks/node_modules_next_dist_f3530cac._.js:2297
[55069161ms] [LOG] [Notificações] Realtime conectado @ http://localhost:3000/_next/static/chunks/node_modules_next_dist_f3530cac._.js:2297
[55072019ms] [WARNING] [Chat] Canal fechado, reconectando... @ http://localhost:3000/_next/static/chunks/node_modules_next_dist_f3530cac._.js:2297
[55072020ms] [WARNING] [Notificações] Canal fechado, reconectando... @ http://localhost:3000/_next/static/chunks/node_modules_next_dist_f3530cac._.js:2297
[55072152ms] [LOG] [Chat] Realtime conectado @ http://localhost:3000/_next/static/chunks/node_modules_next_dist_f3530cac._.js:2297
[55072156ms] [LOG] [Notificações] Realtime conectado @ http://localhost:3000/_next/static/chunks/node_modules_next_dist_f3530cac._.js:2297
[55075028ms] [WARNING] [Chat] Canal fechado, reconectando... @ http://localhost:3000/_next/static/chunks/node_modules_next_dist_f3530cac._.js:2297
[55075028ms] [WARNING] [Notificações] Canal fechado, reconectando... @ http://localhost:3000/_next/static/chunks/node_modules_next_dist_f3530cac._.js:2297
[55075158ms] [LOG] [Chat] Realtime conectado @ http://localhost:3000/_next/static/chunks/node_modules_next_dist_f3530cac._.js:2297
[55075161ms] [LOG] [Notificações] Realtime conectado @ http://localhost:3000/_next/static/chunks/node_modules_next_dist_f3530cac._.js:2297
[55078035ms] [WARNING] [Chat] Canal fechado, reconectando... @ http://localhost:3000/_next/static/chunks/node_modules_next_dist_f3530cac._.js:2297
[55078035ms] [WARNING] [Notificações] Canal fechado, reconectando... @ http://localhost:3000/_next/static/chunks/node_modules_next_dist_f3530cac._.js:2297
[55078164ms] [LOG] [Chat] Realtime conectado @ http://localhost:3000/_next/static/chunks/node_modules_next_dist_f3530cac._.js:2297
[55078168ms] [LOG] [Notificações] Realtime conectado @ http://localhost:3000/_next/static/chunks/node_modules_next_dist_f3530cac._.js:2297
[55081048ms] [WARNING] [Chat] Canal fechado, reconectando... @ http://localhost:3000/_next/static/chunks/node_modules_next_dist_f3530cac._.js:2297
[55081049ms] [WARNING] [Notificações] Canal fechado, reconectando... @ http://localhost:3000/_next/static/chunks/node_modules_next_dist_f3530cac._.js:2297
[55081182ms] [LOG] [Chat] Realtime conectado @ http://localhost:3000/_next/static/chunks/node_modules_next_dist_f3530cac._.js:2297
[55081186ms] [LOG] [Notificações] Realtime conectado @ http://localhost:3000/_next/static/chunks/node_modules_next_dist_f3530cac._.js:2297
[55084053ms] [WARNING] [Chat] Canal fechado, reconectando... @ http://localhost:3000/_next/static/chunks/node_modules_next_dist_f3530cac._.js:2297
[55084053ms] [WARNING] [Notificações] Canal fechado, reconectando... @ http://localhost:3000/_next/static/chunks/node_modules_next_dist_f3530cac._.js:2297
[55084185ms] [LOG] [Chat] Realtime conectado @ http://localhost:3000/_next/static/chunks/node_modules_next_dist_f3530cac._.js:2297
[55084189ms] [LOG] [Notificações] Realtime conectado @ http://localhost:3000/_next/static/chunks/node_modules_next_dist_f3530cac._.js:2297
[55087062ms] [WARNING] [Chat] Canal fechado, reconectando... @ http://localhost:3000/_next/static/chunks/node_modules_next_dist_f3530cac._.js:2297
[55087063ms] [WARNING] [Notificações] Canal fechado, reconectando... @ http://localhost:3000/_next/static/chunks/node_modules_next_dist_f3530cac._.js:2297
[55087208ms] [LOG] [Chat] Realtime conectado @ http://localhost:3000/_next/static/chunks/node_modules_next_dist_f3530cac._.js:2297
[55087209ms] [LOG] [Notificações] Realtime conectado @ http://localhost:3000/_next/static/chunks/node_modules_next_dist_f3530cac._.js:2297
[55090068ms] [WARNING] [Chat] Canal fechado, reconectando... @ http://localhost:3000/_next/static/chunks/node_modules_next_dist_f3530cac._.js:2297
[55090069ms] [WARNING] [Notificações] Canal fechado, reconectando... @ http://localhost:3000/_next/static/chunks/node_modules_next_dist_f3530cac._.js:2297
[55090199ms] [LOG] [Chat] Realtime conectado @ http://localhost:3000/_next/static/chunks/node_modules_next_dist_f3530cac._.js:2297
[55090201ms] [LOG] [Notificações] Realtime conectado @ http://localhost:3000/_next/static/chunks/node_modules_next_dist_f3530cac._.js:2297
[55093081ms] [WARNING] [Chat] Canal fechado, reconectando... @ http://localhost:3000/_next/static/chunks/node_modules_next_dist_f3530cac._.js:2297
[55093081ms] [WARNING] [Notificações] Canal fechado, reconectando... @ http://localhost:3000/_next/static/chunks/node_modules_next_dist_f3530cac._.js:2297
[55093212ms] [LOG] [Chat] Realtime conectado @ http://localhost:3000/_next/static/chunks/node_modules_next_dist_f3530cac._.js:2297
[55093214ms] [LOG] [Notificações] Realtime conectado @ http://localhost:3000/_next/static/chunks/node_modules_next_dist_f3530cac._.js:2297
[55096085ms] [WARNING] [Chat] Canal fechado, reconectando... @ http://localhost:3000/_next/static/chunks/node_modules_next_dist_f3530cac._.js:2297
[55096086ms] [WARNING] [Notificações] Canal fechado, reconectando... @ http://localhost:3000/_next/static/chunks/node_modules_next_dist_f3530cac._.js:2297
[55096218ms] [LOG] [Chat] Realtime conectado @ http://localhost:3000/_next/static/chunks/node_modules_next_dist_f3530cac._.js:2297
[55096222ms] [LOG] [Notificações] Realtime conectado @ http://localhost:3000/_next/static/chunks/node_modules_next_dist_f3530cac._.js:2297
[55099089ms] [WARNING] [Chat] Canal fechado, reconectando... @ http://localhost:3000/_next/static/chunks/node_modules_next_dist_f3530cac._.js:2297
[55099090ms] [WARNING] [Notificações] Canal fechado, reconectando... @ http://localhost:3000/_next/static/chunks/node_modules_next_dist_f3530cac._.js:2297
[55099221ms] [LOG] [Chat] Realtime conectado @ http://localhost:3000/_next/static/chunks/node_modules_next_dist_f3530cac._.js:2297
[55099225ms] [LOG] [Notificações] Realtime conectado @ http://localhost:3000/_next/static/chunks/node_modules_next_dist_f3530cac._.js:2297
[55102098ms] [WARNING] [Chat] Canal fechado, reconectando... @ http://localhost:3000/_next/static/chunks/node_modules_next_dist_f3530cac._.js:2297
[55102098ms] [WARNING] [Notificações] Canal fechado, reconectando... @ http://localhost:3000/_next/static/chunks/node_modules_next_dist_f3530cac._.js:2297
[55102232ms] [LOG] [Chat] Realtime conectado @ http://localhost:3000/_next/static/chunks/node_modules_next_dist_f3530cac._.js:2297
[55102236ms] [LOG] [Notificações] Realtime conectado @ http://localhost:3000/_next/static/chunks/node_modules_next_dist_f3530cac._.js:2297
[55105101ms] [WARNING] [Chat] Canal fechado, reconectando... @ http://localhost:3000/_next/static/chunks/node_modules_next_dist_f3530cac._.js:2297
[55105102ms] [WARNING] [Notificações] Canal fechado, reconectando... @ http://localhost:3000/_next/static/chunks/node_modules_next_dist_f3530cac._.js:2297
[55105231ms] [LOG] [Chat] Realtime conectado @ http://localhost:3000/_next/static/chunks/node_modules_next_dist_f3530cac._.js:2297
[55105234ms] [LOG] [Notificações] Realtime conectado @ http://localhost:3000/_next/static/chunks/node_modules_next_dist_f3530cac._.js:2297
[55108112ms] [WARNING] [Chat] Canal fechado, reconectando... @ http://localhost:3000/_next/static/chunks/node_modules_next_dist_f3530cac._.js:2297
[55108113ms] [WARNING] [Notificações] Canal fechado, reconectando... @ http://localhost:3000/_next/static/chunks/node_modules_next_dist_f3530cac._.js:2297
[55108247ms] [LOG] [Chat] Realtime conectado @ http://localhost:3000/_next/static/chunks/node_modules_next_dist_f3530cac._.js:2297
[55108250ms] [LOG] [Notificações] Realtime conectado @ http://localhost:3000/_next/static/chunks/node_modules_next_dist_f3530cac._.js:2297
[55111118ms] [WARNING] [Chat] Canal fechado, reconectando... @ http://localhost:3000/_next/static/chunks/node_modules_next_dist_f3530cac._.js:2297
[55111118ms] [WARNING] [Notificações] Canal fechado, reconectando... @ http://localhost:3000/_next/static/chunks/node_modules_next_dist_f3530cac._.js:2297
[55111254ms] [LOG] [Chat] Realtime conectado @ http://localhost:3000/_next/static/chunks/node_modules_next_dist_f3530cac._.js:2297
[55111255ms] [LOG] [Notificações] Realtime conectado @ http://localhost:3000/_next/static/chunks/node_modules_next_dist_f3530cac._.js:2297
[55114133ms] [WARNING] [Chat] Canal fechado, reconectando... @ http://localhost:3000/_next/static/chunks/node_modules_next_dist_f3530cac._.js:2297
[55114134ms] [WARNING] [Notificações] Canal fechado, reconectando... @ http://localhost:3000/_next/static/chunks/node_modules_next_dist_f3530cac._.js:2297
[55114264ms] [LOG] [Chat] Realtime conectado @ http://localhost:3000/_next/static/chunks/node_modules_next_dist_f3530cac._.js:2297
[55114265ms] [LOG] [Notificações] Realtime conectado @ http://localhost:3000/_next/static/chunks/node_modules_next_dist_f3530cac._.js:2297
[55117134ms] [WARNING] [Chat] Canal fechado, reconectando... @ http://localhost:3000/_next/static/chunks/node_modules_next_dist_f3530cac._.js:2297
[55117135ms] [WARNING] [Notificações] Canal fechado, reconectando... @ http://localhost:3000/_next/static/chunks/node_modules_next_dist_f3530cac._.js:2297
[55117266ms] [LOG] [Chat] Realtime conectado @ http://localhost:3000/_next/static/chunks/node_modules_next_dist_f3530cac._.js:2297
[55117269ms] [LOG] [Notificações] Realtime conectado @ http://localhost:3000/_next/static/chunks/node_modules_next_dist_f3530cac._.js:2297
[55120137ms] [WARNING] [Chat] Canal fechado, reconectando... @ http://localhost:3000/_next/static/chunks/node_modules_next_dist_f3530cac._.js:2297
[55120137ms] [WARNING] [Notificações] Canal fechado, reconectando... @ http://localhost:3000/_next/static/chunks/node_modules_next_dist_f3530cac._.js:2297
[55120271ms] [LOG] [Chat] Realtime conectado @ http://localhost:3000/_next/static/chunks/node_modules_next_dist_f3530cac._.js:2297
[55120275ms] [LOG] [Notificações] Realtime conectado @ http://localhost:3000/_next/static/chunks/node_modules_next_dist_f3530cac._.js:2297
[55123141ms] [WARNING] [Chat] Canal fechado, reconectando... @ http://localhost:3000/_next/static/chunks/node_modules_next_dist_f3530cac._.js:2297
[55123141ms] [WARNING] [Notificações] Canal fechado, reconectando... @ http://localhost:3000/_next/static/chunks/node_modules_next_dist_f3530cac._.js:2297
[55123273ms] [LOG] [Chat] Realtime conectado @ http://localhost:3000/_next/static/chunks/node_modules_next_dist_f3530cac._.js:2297
[55123277ms] [LOG] [Notificações] Realtime conectado @ http://localhost:3000/_next/static/chunks/node_modules_next_dist_f3530cac._.js:2297
[55126151ms] [WARNING] [Chat] Canal fechado, reconectando... @ http://localhost:3000/_next/static/chunks/node_modules_next_dist_f3530cac._.js:2297
[55126151ms] [WARNING] [Notificações] Canal fechado, reconectando... @ http://localhost:3000/_next/static/chunks/node_modules_next_dist_f3530cac._.js:2297
[55126285ms] [LOG] [Chat] Realtime conectado @ http://localhost:3000/_next/static/chunks/node_modules_next_dist_f3530cac._.js:2297
[55126287ms] [LOG] [Notificações] Realtime conectado @ http://localhost:3000/_next/static/chunks/node_modules_next_dist_f3530cac._.js:2297
[55129151ms] [WARNING] [Chat] Canal fechado, reconectando... @ http://localhost:3000/_next/static/chunks/node_modules_next_dist_f3530cac._.js:2297
[55129152ms] [WARNING] [Notificações] Canal fechado, reconectando... @ http://localhost:3000/_next/static/chunks/node_modules_next_dist_f3530cac._.js:2297
[55129279ms] [LOG] [Chat] Realtime conectado @ http://localhost:3000/_next/static/chunks/node_modules_next_dist_f3530cac._.js:2297
[55129283ms] [LOG] [Notificações] Realtime conectado @ http://localhost:3000/_next/static/chunks/node_modules_next_dist_f3530cac._.js:2297
[55132162ms] [WARNING] [Chat] Canal fechado, reconectando... @ http://localhost:3000/_next/static/chunks/node_modules_next_dist_f3530cac._.js:2297
[55132163ms] [WARNING] [Notificações] Canal fechado, reconectando... @ http://localhost:3000/_next/static/chunks/node_modules_next_dist_f3530cac._.js:2297
[55132298ms] [LOG] [Chat] Realtime conectado @ http://localhost:3000/_next/static/chunks/node_modules_next_dist_f3530cac._.js:2297
[55132301ms] [LOG] [Notificações] Realtime conectado @ http://localhost:3000/_next/static/chunks/node_modules_next_dist_f3530cac._.js:2297
[55135168ms] [WARNING] [Chat] Canal fechado, reconectando... @ http://localhost:3000/_next/static/chunks/node_modules_next_dist_f3530cac._.js:2297
[55135168ms] [WARNING] [Notificações] Canal fechado, reconectando... @ http://localhost:3000/_next/static/chunks/node_modules_next_dist_f3530cac._.js:2297
[55135302ms] [LOG] [Chat] Realtime conectado @ http://localhost:3000/_next/static/chunks/node_modules_next_dist_f3530cac._.js:2297
[55135306ms] [LOG] [Notificações] Realtime conectado @ http://localhost:3000/_next/static/chunks/node_modules_next_dist_f3530cac._.js:2297
[55138170ms] [WARNING] [Chat] Canal fechado, reconectando... @ http://localhost:3000/_next/static/chunks/node_modules_next_dist_f3530cac._.js:2297
[55138171ms] [WARNING] [Notificações] Canal fechado, reconectando... @ http://localhost:3000/_next/static/chunks/node_modules_next_dist_f3530cac._.js:2297
[55138303ms] [LOG] [Chat] Realtime conectado @ http://localhost:3000/_next/static/chunks/node_modules_next_dist_f3530cac._.js:2297
[55138305ms] [LOG] [Notificações] Realtime conectado @ http://localhost:3000/_next/static/chunks/node_modules_next_dist_f3530cac._.js:2297
[55141185ms] [WARNING] [Chat] Canal fechado, reconectando... @ http://localhost:3000/_next/static/chunks/node_modules_next_dist_f3530cac._.js:2297
[55141185ms] [WARNING] [Notificações] Canal fechado, reconectando... @ http://localhost:3000/_next/static/chunks/node_modules_next_dist_f3530cac._.js:2297
[55141334ms] [LOG] [Chat] Realtime conectado @ http://localhost:3000/_next/static/chunks/node_modules_next_dist_f3530cac._.js:2297
[55141337ms] [LOG] [Notificações] Realtime conectado @ http://localhost:3000/_next/static/chunks/node_modules_next_dist_f3530cac._.js:2297
[55144201ms] [WARNING] [Chat] Canal fechado, reconectando... @ http://localhost:3000/_next/static/chunks/node_modules_next_dist_f3530cac._.js:2297
[55144202ms] [WARNING] [Notificações] Canal fechado, reconectando... @ http://localhost:3000/_next/static/chunks/node_modules_next_dist_f3530cac._.js:2297
[55144335ms] [LOG] [Chat] Realtime conectado @ http://localhost:3000/_next/static/chunks/node_modules_next_dist_f3530cac._.js:2297
[55144338ms] [LOG] [Notificações] Realtime conectado @ http://localhost:3000/_next/static/chunks/node_modules_next_dist_f3530cac._.js:2297
[55147211ms] [WARNING] [Chat] Canal fechado, reconectando... @ http://localhost:3000/_next/static/chunks/node_modules_next_dist_f3530cac._.js:2297
[55147211ms] [WARNING] [Notificações] Canal fechado, reconectando... @ http://localhost:3000/_next/static/chunks/node_modules_next_dist_f3530cac._.js:2297
[55147347ms] [LOG] [Chat] Realtime conectado @ http://localhost:3000/_next/static/chunks/node_modules_next_dist_f3530cac._.js:2297
[55147352ms] [LOG] [Notificações] Realtime conectado @ http://localhost:3000/_next/static/chunks/node_modules_next_dist_f3530cac._.js:2297
[55150217ms] [WARNING] [Chat] Canal fechado, reconectando... @ http://localhost:3000/_next/static/chunks/node_modules_next_dist_f3530cac._.js:2297
[55150219ms] [WARNING] [Notificações] Canal fechado, reconectando... @ http://localhost:3000/_next/static/chunks/node_modules_next_dist_f3530cac._.js:2297
[55150351ms] [LOG] [Chat] Realtime conectado @ http://localhost:3000/_next/static/chunks/node_modules_next_dist_f3530cac._.js:2297
[55150354ms] [LOG] [Notificações] Realtime conectado @ http://localhost:3000/_next/static/chunks/node_modules_next_dist_f3530cac._.js:2297
[55153228ms] [WARNING] [Chat] Canal fechado, reconectando... @ http://localhost:3000/_next/static/chunks/node_modules_next_dist_f3530cac._.js:2297
[55153229ms] [WARNING] [Notificações] Canal fechado, reconectando... @ http://localhost:3000/_next/static/chunks/node_modules_next_dist_f3530cac._.js:2297
[55153358ms] [LOG] [Chat] Realtime conectado @ http://localhost:3000/_next/static/chunks/node_modules_next_dist_f3530cac._.js:2297
[55153361ms] [LOG] [Notificações] Realtime conectado @ http://localhost:3000/_next/static/chunks/node_modules_next_dist_f3530cac._.js:2297
[55156229ms] [WARNING] [Chat] Canal fechado, reconectando... @ http://localhost:3000/_next/static/chunks/node_modules_next_dist_f3530cac._.js:2297
[55156230ms] [WARNING] [Notificações] Canal fechado, reconectando... @ http://localhost:3000/_next/static/chunks/node_modules_next_dist_f3530cac._.js:2297
[55156360ms] [LOG] [Chat] Realtime conectado @ http://localhost:3000/_next/static/chunks/node_modules_next_dist_f3530cac._.js:2297
[55156363ms] [LOG] [Notificações] Realtime conectado @ http://localhost:3000/_next/static/chunks/node_modules_next_dist_f3530cac._.js:2297
[55159234ms] [WARNING] [Chat] Canal fechado, reconectando... @ http://localhost:3000/_next/static/chunks/node_modules_next_dist_f3530cac._.js:2297
[55159235ms] [WARNING] [Notificações] Canal fechado, reconectando... @ http://localhost:3000/_next/static/chunks/node_modules_next_dist_f3530cac._.js:2297
[55159367ms] [LOG] [Chat] Realtime conectado @ http://localhost:3000/_next/static/chunks/node_modules_next_dist_f3530cac._.js:2297
[55159368ms] [LOG] [Notificações] Realtime conectado @ http://localhost:3000/_next/static/chunks/node_modules_next_dist_f3530cac._.js:2297
[55162241ms] [WARNING] [Chat] Canal fechado, reconectando... @ http://localhost:3000/_next/static/chunks/node_modules_next_dist_f3530cac._.js:2297
[55162242ms] [WARNING] [Notificações] Canal fechado, reconectando... @ http://localhost:3000/_next/static/chunks/node_modules_next_dist_f3530cac._.js:2297
[55162374ms] [LOG] [Chat] Realtime conectado @ http://localhost:3000/_next/static/chunks/node_modules_next_dist_f3530cac._.js:2297
[55162378ms] [LOG] [Notificações] Realtime conectado @ http://localhost:3000/_next/static/chunks/node_modules_next_dist_f3530cac._.js:2297
[55165243ms] [WARNING] [Chat] Canal fechado, reconectando... @ http://localhost:3000/_next/static/chunks/node_modules_next_dist_f3530cac._.js:2297
[55165244ms] [WARNING] [Notificações] Canal fechado, reconectando... @ http://localhost:3000/_next/static/chunks/node_modules_next_dist_f3530cac._.js:2297
[55165373ms] [LOG] [Chat] Realtime conectado @ http://localhost:3000/_next/static/chunks/node_modules_next_dist_f3530cac._.js:2297
[55165377ms] [LOG] [Notificações] Realtime conectado @ http://localhost:3000/_next/static/chunks/node_modules_next_dist_f3530cac._.js:2297
[55168251ms] [WARNING] [Chat] Canal fechado, reconectando... @ http://localhost:3000/_next/static/chunks/node_modules_next_dist_f3530cac._.js:2297
[55168251ms] [WARNING] [Notificações] Canal fechado, reconectando... @ http://localhost:3000/_next/static/chunks/node_modules_next_dist_f3530cac._.js:2297
[55168385ms] [LOG] [Chat] Realtime conectado @ http://localhost:3000/_next/static/chunks/node_modules_next_dist_f3530cac._.js:2297
[55168388ms] [LOG] [Notificações] Realtime conectado @ http://localhost:3000/_next/static/chunks/node_modules_next_dist_f3530cac._.js:2297
[55171261ms] [WARNING] [Chat] Canal fechado, reconectando... @ http://localhost:3000/_next/static/chunks/node_modules_next_dist_f3530cac._.js:2297
[55171261ms] [WARNING] [Notificações] Canal fechado, reconectando... @ http://localhost:3000/_next/static/chunks/node_modules_next_dist_f3530cac._.js:2297
[55171391ms] [LOG] [Chat] Realtime conectado @ http://localhost:3000/_next/static/chunks/node_modules_next_dist_f3530cac._.js:2297
[55171393ms] [LOG] [Notificações] Realtime conectado @ http://localhost:3000/_next/static/chunks/node_modules_next_dist_f3530cac._.js:2297
[55174267ms] [WARNING] [Chat] Canal fechado, reconectando... @ http://localhost:3000/_next/static/chunks/node_modules_next_dist_f3530cac._.js:2297
[55174267ms] [WARNING] [Notificações] Canal fechado, reconectando... @ http://localhost:3000/_next/static/chunks/node_modules_next_dist_f3530cac._.js:2297
[55174400ms] [LOG] [Chat] Realtime conectado @ http://localhost:3000/_next/static/chunks/node_modules_next_dist_f3530cac._.js:2297
[55174400ms] [LOG] [Notificações] Realtime conectado @ http://localhost:3000/_next/static/chunks/node_modules_next_dist_f3530cac._.js:2297
[55177269ms] [WARNING] [Chat] Canal fechado, reconectando... @ http://localhost:3000/_next/static/chunks/node_modules_next_dist_f3530cac._.js:2297
[55177270ms] [WARNING] [Notificações] Canal fechado, reconectando... @ http://localhost:3000/_next/static/chunks/node_modules_next_dist_f3530cac._.js:2297
[55177406ms] [LOG] [Chat] Realtime conectado @ http://localhost:3000/_next/static/chunks/node_modules_next_dist_f3530cac._.js:2297
[55177406ms] [LOG] [Notificações] Realtime conectado @ http://localhost:3000/_next/static/chunks/node_modules_next_dist_f3530cac._.js:2297
[55180283ms] [WARNING] [Chat] Canal fechado, reconectando... @ http://localhost:3000/_next/static/chunks/node_modules_next_dist_f3530cac._.js:2297
[55180284ms] [WARNING] [Notificações] Canal fechado, reconectando... @ http://localhost:3000/_next/static/chunks/node_modules_next_dist_f3530cac._.js:2297
[55180417ms] [LOG] [Chat] Realtime conectado @ http://localhost:3000/_next/static/chunks/node_modules_next_dist_f3530cac._.js:2297
[55180420ms] [LOG] [Notificações] Realtime conectado @ http://localhost:3000/_next/static/chunks/node_modules_next_dist_f3530cac._.js:2297
[55183289ms] [WARNING] [Chat] Canal fechado, reconectando... @ http://localhost:3000/_next/static/chunks/node_modules_next_dist_f3530cac._.js:2297
[55183289ms] [WARNING] [Notificações] Canal fechado, reconectando... @ http://localhost:3000/_next/static/chunks/node_modules_next_dist_f3530cac._.js:2297
[55183420ms] [LOG] [Chat] Realtime conectado @ http://localhost:3000/_next/static/chunks/node_modules_next_dist_f3530cac._.js:2297
[55183427ms] [LOG] [Notificações] Realtime conectado @ http://localhost:3000/_next/static/chunks/node_modules_next_dist_f3530cac._.js:2297
[55186300ms] [WARNING] [Chat] Canal fechado, reconectando... @ http://localhost:3000/_next/static/chunks/node_modules_next_dist_f3530cac._.js:2297
[55186300ms] [WARNING] [Notificações] Canal fechado, reconectando... @ http://localhost:3000/_next/static/chunks/node_modules_next_dist_f3530cac._.js:2297
[55186429ms] [LOG] [Chat] Realtime conectado @ http://localhost:3000/_next/static/chunks/node_modules_next_dist_f3530cac._.js:2297
[55186432ms] [LOG] [Notificações] Realtime conectado @ http://localhost:3000/_next/static/chunks/node_modules_next_dist_f3530cac._.js:2297
[55189300ms] [WARNING] [Chat] Canal fechado, reconectando... @ http://localhost:3000/_next/static/chunks/node_modules_next_dist_f3530cac._.js:2297
[55189301ms] [WARNING] [Notificações] Canal fechado, reconectando... @ http://localhost:3000/_next/static/chunks/node_modules_next_dist_f3530cac._.js:2297
[55189435ms] [LOG] [Chat] Realtime conectado @ http://localhost:3000/_next/static/chunks/node_modules_next_dist_f3530cac._.js:2297
[55189436ms] [LOG] [Notificações] Realtime conectado @ http://localhost:3000/_next/static/chunks/node_modules_next_dist_f3530cac._.js:2297
[55192302ms] [WARNING] [Chat] Canal fechado, reconectando... @ http://localhost:3000/_next/static/chunks/node_modules_next_dist_f3530cac._.js:2297
[55192303ms] [WARNING] [Notificações] Canal fechado, reconectando... @ http://localhost:3000/_next/static/chunks/node_modules_next_dist_f3530cac._.js:2297
[55192441ms] [LOG] [Chat] Realtime conectado @ http://localhost:3000/_next/static/chunks/node_modules_next_dist_f3530cac._.js:2297
[55192443ms] [LOG] [Notificações] Realtime conectado @ http://localhost:3000/_next/static/chunks/node_modules_next_dist_f3530cac._.js:2297
[55195305ms] [WARNING] [Chat] Canal fechado, reconectando... @ http://localhost:3000/_next/static/chunks/node_modules_next_dist_f3530cac._.js:2297
[55195306ms] [WARNING] [Notificações] Canal fechado, reconectando... @ http://localhost:3000/_next/static/chunks/node_modules_next_dist_f3530cac._.js:2297
[55195439ms] [LOG] [Chat] Realtime conectado @ http://localhost:3000/_next/static/chunks/node_modules_next_dist_f3530cac._.js:2297
[55195443ms] [LOG] [Notificações] Realtime conectado @ http://localhost:3000/_next/static/chunks/node_modules_next_dist_f3530cac._.js:2297
[55198316ms] [WARNING] [Chat] Canal fechado, reconectando... @ http://localhost:3000/_next/static/chunks/node_modules_next_dist_f3530cac._.js:2297
[55198317ms] [WARNING] [Notificações] Canal fechado, reconectando... @ http://localhost:3000/_next/static/chunks/node_modules_next_dist_f3530cac._.js:2297
[55198449ms] [LOG] [Chat] Realtime conectado @ http://localhost:3000/_next/static/chunks/node_modules_next_dist_f3530cac._.js:2297
[55198454ms] [LOG] [Notificações] Realtime conectado @ http://localhost:3000/_next/static/chunks/node_modules_next_dist_f3530cac._.js:2297
[55201317ms] [WARNING] [Chat] Canal fechado, reconectando... @ http://localhost:3000/_next/static/chunks/node_modules_next_dist_f3530cac._.js:2297
[55201317ms] [WARNING] [Notificações] Canal fechado, reconectando... @ http://localhost:3000/_next/static/chunks/node_modules_next_dist_f3530cac._.js:2297
[55201447ms] [LOG] [Chat] Realtime conectado @ http://localhost:3000/_next/static/chunks/node_modules_next_dist_f3530cac._.js:2297
[55201451ms] [LOG] [Notificações] Realtime conectado @ http://localhost:3000/_next/static/chunks/node_modules_next_dist_f3530cac._.js:2297
[55204333ms] [WARNING] [Chat] Canal fechado, reconectando... @ http://localhost:3000/_next/static/chunks/node_modules_next_dist_f3530cac._.js:2297
[55204333ms] [WARNING] [Notificações] Canal fechado, reconectando... @ http://localhost:3000/_next/static/chunks/node_modules_next_dist_f3530cac._.js:2297
[55204472ms] [LOG] [Chat] Realtime conectado @ http://localhost:3000/_next/static/chunks/node_modules_next_dist_f3530cac._.js:2297
[55204475ms] [LOG] [Notificações] Realtime conectado @ http://localhost:3000/_next/static/chunks/node_modules_next_dist_f3530cac._.js:2297
[55207337ms] [WARNING] [Chat] Canal fechado, reconectando... @ http://localhost:3000/_next/static/chunks/node_modules_next_dist_f3530cac._.js:2297
[55207337ms] [WARNING] [Notificações] Canal fechado, reconectando... @ http://localhost:3000/_next/static/chunks/node_modules_next_dist_f3530cac._.js:2297
[55207469ms] [LOG] [Chat] Realtime conectado @ http://localhost:3000/_next/static/chunks/node_modules_next_dist_f3530cac._.js:2297
[55207484ms] [LOG] [Notificações] Realtime conectado @ http://localhost:3000/_next/static/chunks/node_modules_next_dist_f3530cac._.js:2297
[55210340ms] [WARNING] [Chat] Canal fechado, reconectando... @ http://localhost:3000/_next/static/chunks/node_modules_next_dist_f3530cac._.js:2297
[55210341ms] [WARNING] [Notificações] Canal fechado, reconectando... @ http://localhost:3000/_next/static/chunks/node_modules_next_dist_f3530cac._.js:2297
[55210468ms] [LOG] [Chat] Realtime conectado @ http://localhost:3000/_next/static/chunks/node_modules_next_dist_f3530cac._.js:2297
[55210471ms] [LOG] [Notificações] Realtime conectado @ http://localhost:3000/_next/static/chunks/node_modules_next_dist_f3530cac._.js:2297
[55213344ms] [WARNING] [Chat] Canal fechado, reconectando... @ http://localhost:3000/_next/static/chunks/node_modules_next_dist_f3530cac._.js:2297
[55213345ms] [WARNING] [Notificações] Canal fechado, reconectando... @ http://localhost:3000/_next/static/chunks/node_modules_next_dist_f3530cac._.js:2297
[55213475ms] [LOG] [Chat] Realtime conectado @ http://localhost:3000/_next/static/chunks/node_modules_next_dist_f3530cac._.js:2297
[55213476ms] [LOG] [Notificações] Realtime conectado @ http://localhost:3000/_next/static/chunks/node_modules_next_dist_f3530cac._.js:2297
[55216349ms] [WARNING] [Chat] Canal fechado, reconectando... @ http://localhost:3000/_next/static/chunks/node_modules_next_dist_f3530cac._.js:2297
[55216350ms] [WARNING] [Notificações] Canal fechado, reconectando... @ http://localhost:3000/_next/static/chunks/node_modules_next_dist_f3530cac._.js:2297
[55216480ms] [LOG] [Chat] Realtime conectado @ http://localhost:3000/_next/static/chunks/node_modules_next_dist_f3530cac._.js:2297
[55216484ms] [LOG] [Notificações] Realtime conectado @ http://localhost:3000/_next/static/chunks/node_modules_next_dist_f3530cac._.js:2297
[55219354ms] [WARNING] [Chat] Canal fechado, reconectando... @ http://localhost:3000/_next/static/chunks/node_modules_next_dist_f3530cac._.js:2297
[55219355ms] [WARNING] [Notificações] Canal fechado, reconectando... @ http://localhost:3000/_next/static/chunks/node_modules_next_dist_f3530cac._.js:2297
[55219486ms] [LOG] [Chat] Realtime conectado @ http://localhost:3000/_next/static/chunks/node_modules_next_dist_f3530cac._.js:2297
[55219490ms] [LOG] [Notificações] Realtime conectado @ http://localhost:3000/_next/static/chunks/node_modules_next_dist_f3530cac._.js:2297
[55222367ms] [WARNING] [Chat] Canal fechado, reconectando... @ http://localhost:3000/_next/static/chunks/node_modules_next_dist_f3530cac._.js:2297
[55222367ms] [WARNING] [Notificações] Canal fechado, reconectando... @ http://localhost:3000/_next/static/chunks/node_modules_next_dist_f3530cac._.js:2297
[55222500ms] [LOG] [Chat] Realtime conectado @ http://localhost:3000/_next/static/chunks/node_modules_next_dist_f3530cac._.js:2297
[55222505ms] [LOG] [Notificações] Realtime conectado @ http://localhost:3000/_next/static/chunks/node_modules_next_dist_f3530cac._.js:2297
[55225383ms] [WARNING] [Chat] Canal fechado, reconectando... @ http://localhost:3000/_next/static/chunks/node_modules_next_dist_f3530cac._.js:2297
[55225383ms] [WARNING] [Notificações] Canal fechado, reconectando... @ http://localhost:3000/_next/static/chunks/node_modules_next_dist_f3530cac._.js:2297
[55225514ms] [LOG] [Chat] Realtime conectado @ http://localhost:3000/_next/static/chunks/node_modules_next_dist_f3530cac._.js:2297
[55225518ms] [LOG] [Notificações] Realtime conectado @ http://localhost:3000/_next/static/chunks/node_modules_next_dist_f3530cac._.js:2297
[55228389ms] [WARNING] [Chat] Canal fechado, reconectando... @ http://localhost:3000/_next/static/chunks/node_modules_next_dist_f3530cac._.js:2297
[55228389ms] [WARNING] [Notificações] Canal fechado, reconectando... @ http://localhost:3000/_next/static/chunks/node_modules_next_dist_f3530cac._.js:2297
[55228517ms] [LOG] [Chat] Realtime conectado @ http://localhost:3000/_next/static/chunks/node_modules_next_dist_f3530cac._.js:2297
[55228521ms] [LOG] [Notificações] Realtime conectado @ http://localhost:3000/_next/static/chunks/node_modules_next_dist_f3530cac._.js:2297
[55231397ms] [WARNING] [Chat] Canal fechado, reconectando... @ http://localhost:3000/_next/static/chunks/node_modules_next_dist_f3530cac._.js:2297
[55231397ms] [WARNING] [Notificações] Canal fechado, reconectando... @ http://localhost:3000/_next/static/chunks/node_modules_next_dist_f3530cac._.js:2297
[55231528ms] [LOG] [Chat] Realtime conectado @ http://localhost:3000/_next/static/chunks/node_modules_next_dist_f3530cac._.js:2297
[55231534ms] [LOG] [Notificações] Realtime conectado @ http://localhost:3000/_next/static/chunks/node_modules_next_dist_f3530cac._.js:2297
[55234399ms] [WARNING] [Chat] Canal fechado, reconectando... @ http://localhost:3000/_next/static/chunks/node_modules_next_dist_f3530cac._.js:2297
[55234400ms] [WARNING] [Notificações] Canal fechado, reconectando... @ http://localhost:3000/_next/static/chunks/node_modules_next_dist_f3530cac._.js:2297
[55234528ms] [LOG] [Chat] Realtime conectado @ http://localhost:3000/_next/static/chunks/node_modules_next_dist_f3530cac._.js:2297
[55234533ms] [LOG] [Notificações] Realtime conectado @ http://localhost:3000/_next/static/chunks/node_modules_next_dist_f3530cac._.js:2297
[55237410ms] [WARNING] [Chat] Canal fechado, reconectando... @ http://localhost:3000/_next/static/chunks/node_modules_next_dist_f3530cac._.js:2297
[55237411ms] [WARNING] [Notificações] Canal fechado, reconectando... @ http://localhost:3000/_next/static/chunks/node_modules_next_dist_f3530cac._.js:2297
[55237543ms] [LOG] [Chat] Realtime conectado @ http://localhost:3000/_next/static/chunks/node_modules_next_dist_f3530cac._.js:2297
[55237547ms] [LOG] [Notificações] Realtime conectado @ http://localhost:3000/_next/static/chunks/node_modules_next_dist_f3530cac._.js:2297
[55240416ms] [WARNING] [Chat] Canal fechado, reconectando... @ http://localhost:3000/_next/static/chunks/node_modules_next_dist_f3530cac._.js:2297
[55240417ms] [WARNING] [Notificações] Canal fechado, reconectando... @ http://localhost:3000/_next/static/chunks/node_modules_next_dist_f3530cac._.js:2297
[55240547ms] [LOG] [Chat] Realtime conectado @ http://localhost:3000/_next/static/chunks/node_modules_next_dist_f3530cac._.js:2297
[55240550ms] [LOG] [Notificações] Realtime conectado @ http://localhost:3000/_next/static/chunks/node_modules_next_dist_f3530cac._.js:2297
[55243433ms] [WARNING] [Chat] Canal fechado, reconectando... @ http://localhost:3000/_next/static/chunks/node_modules_next_dist_f3530cac._.js:2297
[55243433ms] [WARNING] [Notificações] Canal fechado, reconectando... @ http://localhost:3000/_next/static/chunks/node_modules_next_dist_f3530cac._.js:2297
[55243562ms] [LOG] [Chat] Realtime conectado @ http://localhost:3000/_next/static/chunks/node_modules_next_dist_f3530cac._.js:2297
[55243566ms] [LOG] [Notificações] Realtime conectado @ http://localhost:3000/_next/static/chunks/node_modules_next_dist_f3530cac._.js:2297
[55246438ms] [WARNING] [Chat] Canal fechado, reconectando... @ http://localhost:3000/_next/static/chunks/node_modules_next_dist_f3530cac._.js:2297
[55246439ms] [WARNING] [Notificações] Canal fechado, reconectando... @ http://localhost:3000/_next/static/chunks/node_modules_next_dist_f3530cac._.js:2297
[55246570ms] [LOG] [Chat] Realtime conectado @ http://localhost:3000/_next/static/chunks/node_modules_next_dist_f3530cac._.js:2297
[55246572ms] [LOG] [Notificações] Realtime conectado @ http://localhost:3000/_next/static/chunks/node_modules_next_dist_f3530cac._.js:2297
[55249445ms] [WARNING] [Chat] Canal fechado, reconectando... @ http://localhost:3000/_next/static/chunks/node_modules_next_dist_f3530cac._.js:2297
[55249446ms] [WARNING] [Notificações] Canal fechado, reconectando... @ http://localhost:3000/_next/static/chunks/node_modules_next_dist_f3530cac._.js:2297
[55249574ms] [LOG] [Chat] Realtime conectado @ http://localhost:3000/_next/static/chunks/node_modules_next_dist_f3530cac._.js:2297
[55249576ms] [LOG] [Notificações] Realtime conectado @ http://localhost:3000/_next/static/chunks/node_modules_next_dist_f3530cac._.js:2297
[55252449ms] [WARNING] [Chat] Canal fechado, reconectando... @ http://localhost:3000/_next/static/chunks/node_modules_next_dist_f3530cac._.js:2297
[55252449ms] [WARNING] [Notificações] Canal fechado, reconectando... @ http://localhost:3000/_next/static/chunks/node_modules_next_dist_f3530cac._.js:2297
[55252585ms] [LOG] [Chat] Realtime conectado @ http://localhost:3000/_next/static/chunks/node_modules_next_dist_f3530cac._.js:2297
[55252587ms] [LOG] [Notificações] Realtime conectado @ http://localhost:3000/_next/static/chunks/node_modules_next_dist_f3530cac._.js:2297
[55255449ms] [WARNING] [Chat] Canal fechado, reconectando... @ http://localhost:3000/_next/static/chunks/node_modules_next_dist_f3530cac._.js:2297
[55255450ms] [WARNING] [Notificações] Canal fechado, reconectando... @ http://localhost:3000/_next/static/chunks/node_modules_next_dist_f3530cac._.js:2297
[55255585ms] [LOG] [Chat] Realtime conectado @ http://localhost:3000/_next/static/chunks/node_modules_next_dist_f3530cac._.js:2297
[55255588ms] [LOG] [Notificações] Realtime conectado @ http://localhost:3000/_next/static/chunks/node_modules_next_dist_f3530cac._.js:2297
[55258453ms] [WARNING] [Chat] Canal fechado, reconectando... @ http://localhost:3000/_next/static/chunks/node_modules_next_dist_f3530cac._.js:2297
[55258454ms] [WARNING] [Notificações] Canal fechado, reconectando... @ http://localhost:3000/_next/static/chunks/node_modules_next_dist_f3530cac._.js:2297
[55258592ms] [LOG] [Chat] Realtime conectado @ http://localhost:3000/_next/static/chunks/node_modules_next_dist_f3530cac._.js:2297
[55258596ms] [LOG] [Notificações] Realtime conectado @ http://localhost:3000/_next/static/chunks/node_modules_next_dist_f3530cac._.js:2297
[55261455ms] [WARNING] [Chat] Canal fechado, reconectando... @ http://localhost:3000/_next/static/chunks/node_modules_next_dist_f3530cac._.js:2297
[55261455ms] [WARNING] [Notificações] Canal fechado, reconectando... @ http://localhost:3000/_next/static/chunks/node_modules_next_dist_f3530cac._.js:2297
[55261589ms] [LOG] [Chat] Realtime conectado @ http://localhost:3000/_next/static/chunks/node_modules_next_dist_f3530cac._.js:2297
[55261594ms] [LOG] [Notificações] Realtime conectado @ http://localhost:3000/_next/static/chunks/node_modules_next_dist_f3530cac._.js:2297
[55264456ms] [WARNING] [Chat] Canal fechado, reconectando... @ http://localhost:3000/_next/static/chunks/node_modules_next_dist_f3530cac._.js:2297
[55264457ms] [WARNING] [Notificações] Canal fechado, reconectando... @ http://localhost:3000/_next/static/chunks/node_modules_next_dist_f3530cac._.js:2297
[55264586ms] [LOG] [Chat] Realtime conectado @ http://localhost:3000/_next/static/chunks/node_modules_next_dist_f3530cac._.js:2297
[55264592ms] [LOG] [Notificações] Realtime conectado @ http://localhost:3000/_next/static/chunks/node_modules_next_dist_f3530cac._.js:2297
[55267459ms] [WARNING] [Chat] Canal fechado, reconectando... @ http://localhost:3000/_next/static/chunks/node_modules_next_dist_f3530cac._.js:2297
[55267460ms] [WARNING] [Notificações] Canal fechado, reconectando... @ http://localhost:3000/_next/static/chunks/node_modules_next_dist_f3530cac._.js:2297
[55267588ms] [LOG] [Chat] Realtime conectado @ http://localhost:3000/_next/static/chunks/node_modules_next_dist_f3530cac._.js:2297
[55267591ms] [LOG] [Notificações] Realtime conectado @ http://localhost:3000/_next/static/chunks/node_modules_next_dist_f3530cac._.js:2297
[55270466ms] [WARNING] [Chat] Canal fechado, reconectando... @ http://localhost:3000/_next/static/chunks/node_modules_next_dist_f3530cac._.js:2297
[55270466ms] [WARNING] [Notificações] Canal fechado, reconectando... @ http://localhost:3000/_next/static/chunks/node_modules_next_dist_f3530cac._.js:2297
[55270595ms] [LOG] [Chat] Realtime conectado @ http://localhost:3000/_next/static/chunks/node_modules_next_dist_f3530cac._.js:2297
[55270599ms] [LOG] [Notificações] Realtime conectado @ http://localhost:3000/_next/static/chunks/node_modules_next_dist_f3530cac._.js:2297
[55273467ms] [WARNING] [Chat] Canal fechado, reconectando... @ http://localhost:3000/_next/static/chunks/node_modules_next_dist_f3530cac._.js:2297
[55273467ms] [WARNING] [Notificações] Canal fechado, reconectando... @ http://localhost:3000/_next/static/chunks/node_modules_next_dist_f3530cac._.js:2297
[55273594ms] [LOG] [Chat] Realtime conectado @ http://localhost:3000/_next/static/chunks/node_modules_next_dist_f3530cac._.js:2297
[55273597ms] [LOG] [Notificações] Realtime conectado @ http://localhost:3000/_next/static/chunks/node_modules_next_dist_f3530cac._.js:2297
[55276468ms] [WARNING] [Chat] Canal fechado, reconectando... @ http://localhost:3000/_next/static/chunks/node_modules_next_dist_f3530cac._.js:2297
[55276469ms] [WARNING] [Notificações] Canal fechado, reconectando... @ http://localhost:3000/_next/static/chunks/node_modules_next_dist_f3530cac._.js:2297
[55276597ms] [LOG] [Chat] Realtime conectado @ http://localhost:3000/_next/static/chunks/node_modules_next_dist_f3530cac._.js:2297
[55276600ms] [LOG] [Notificações] Realtime conectado @ http://localhost:3000/_next/static/chunks/node_modules_next_dist_f3530cac._.js:2297
[55279483ms] [WARNING] [Chat] Canal fechado, reconectando... @ http://localhost:3000/_next/static/chunks/node_modules_next_dist_f3530cac._.js:2297
[55279483ms] [WARNING] [Notificações] Canal fechado, reconectando... @ http://localhost:3000/_next/static/chunks/node_modules_next_dist_f3530cac._.js:2297
[55279619ms] [LOG] [Chat] Realtime conectado @ http://localhost:3000/_next/static/chunks/node_modules_next_dist_f3530cac._.js:2297
[55279620ms] [LOG] [Notificações] Realtime conectado @ http://localhost:3000/_next/static/chunks/node_modules_next_dist_f3530cac._.js:2297
[55282493ms] [WARNING] [Chat] Canal fechado, reconectando... @ http://localhost:3000/_next/static/chunks/node_modules_next_dist_f3530cac._.js:2297
[55282494ms] [WARNING] [Notificações] Canal fechado, reconectando... @ http://localhost:3000/_next/static/chunks/node_modules_next_dist_f3530cac._.js:2297
[55282622ms] [LOG] [Chat] Realtime conectado @ http://localhost:3000/_next/static/chunks/node_modules_next_dist_f3530cac._.js:2297
[55282625ms] [LOG] [Notificações] Realtime conectado @ http://localhost:3000/_next/static/chunks/node_modules_next_dist_f3530cac._.js:2297
[55285494ms] [WARNING] [Chat] Canal fechado, reconectando... @ http://localhost:3000/_next/static/chunks/node_modules_next_dist_f3530cac._.js:2297
[55285495ms] [WARNING] [Notificações] Canal fechado, reconectando... @ http://localhost:3000/_next/static/chunks/node_modules_next_dist_f3530cac._.js:2297
[55285626ms] [LOG] [Chat] Realtime conectado @ http://localhost:3000/_next/static/chunks/node_modules_next_dist_f3530cac._.js:2297
[55285628ms] [LOG] [Notificações] Realtime conectado @ http://localhost:3000/_next/static/chunks/node_modules_next_dist_f3530cac._.js:2297
[55288495ms] [WARNING] [Chat] Canal fechado, reconectando... @ http://localhost:3000/_next/static/chunks/node_modules_next_dist_f3530cac._.js:2297
[55288496ms] [WARNING] [Notificações] Canal fechado, reconectando... @ http://localhost:3000/_next/static/chunks/node_modules_next_dist_f3530cac._.js:2297
[55288628ms] [LOG] [Chat] Realtime conectado @ http://localhost:3000/_next/static/chunks/node_modules_next_dist_f3530cac._.js:2297
[55288630ms] [LOG] [Notificações] Realtime conectado @ http://localhost:3000/_next/static/chunks/node_modules_next_dist_f3530cac._.js:2297
[55291500ms] [WARNING] [Chat] Canal fechado, reconectando... @ http://localhost:3000/_next/static/chunks/node_modules_next_dist_f3530cac._.js:2297
[55291500ms] [WARNING] [Notificações] Canal fechado, reconectando... @ http://localhost:3000/_next/static/chunks/node_modules_next_dist_f3530cac._.js:2297
[55291633ms] [LOG] [Chat] Realtime conectado @ http://localhost:3000/_next/static/chunks/node_modules_next_dist_f3530cac._.js:2297
[55291635ms] [LOG] [Notificações] Realtime conectado @ http://localhost:3000/_next/static/chunks/node_modules_next_dist_f3530cac._.js:2297
[55294501ms] [WARNING] [Chat] Canal fechado, reconectando... @ http://localhost:3000/_next/static/chunks/node_modules_next_dist_f3530cac._.js:2297
[55294501ms] [WARNING] [Notificações] Canal fechado, reconectando... @ http://localhost:3000/_next/static/chunks/node_modules_next_dist_f3530cac._.js:2297
[55294684ms] [LOG] [Chat] Realtime conectado @ http://localhost:3000/_next/static/chunks/node_modules_next_dist_f3530cac._.js:2297
[55294685ms] [LOG] [Notificações] Realtime conectado @ http://localhost:3000/_next/static/chunks/node_modules_next_dist_f3530cac._.js:2297
[55297502ms] [WARNING] [Chat] Canal fechado, reconectando... @ http://localhost:3000/_next/static/chunks/node_modules_next_dist_f3530cac._.js:2297
[55297502ms] [WARNING] [Notificações] Canal fechado, reconectando... @ http://localhost:3000/_next/static/chunks/node_modules_next_dist_f3530cac._.js:2297
[55297633ms] [LOG] [Chat] Realtime conectado @ http://localhost:3000/_next/static/chunks/node_modules_next_dist_f3530cac._.js:2297
[55297636ms] [LOG] [Notificações] Realtime conectado @ http://localhost:3000/_next/static/chunks/node_modules_next_dist_f3530cac._.js:2297
[55300503ms] [WARNING] [Chat] Canal fechado, reconectando... @ http://localhost:3000/_next/static/chunks/node_modules_next_dist_f3530cac._.js:2297
[55300504ms] [WARNING] [Notificações] Canal fechado, reconectando... @ http://localhost:3000/_next/static/chunks/node_modules_next_dist_f3530cac._.js:2297
[55300635ms] [LOG] [Chat] Realtime conectado @ http://localhost:3000/_next/static/chunks/node_modules_next_dist_f3530cac._.js:2297
[55300639ms] [LOG] [Notificações] Realtime conectado @ http://localhost:3000/_next/static/chunks/node_modules_next_dist_f3530cac._.js:2297
[55303505ms] [WARNING] [Chat] Canal fechado, reconectando... @ http://localhost:3000/_next/static/chunks/node_modules_next_dist_f3530cac._.js:2297
[55303505ms] [WARNING] [Notificações] Canal fechado, reconectando... @ http://localhost:3000/_next/static/chunks/node_modules_next_dist_f3530cac._.js:2297
[55303656ms] [LOG] [Chat] Realtime conectado @ http://localhost:3000/_next/static/chunks/node_modules_next_dist_f3530cac._.js:2297
[55303659ms] [LOG] [Notificações] Realtime conectado @ http://localhost:3000/_next/static/chunks/node_modules_next_dist_f3530cac._.js:2297
[55306517ms] [WARNING] [Chat] Canal fechado, reconectando... @ http://localhost:3000/_next/static/chunks/node_modules_next_dist_f3530cac._.js:2297
[55306518ms] [WARNING] [Notificações] Canal fechado, reconectando... @ http://localhost:3000/_next/static/chunks/node_modules_next_dist_f3530cac._.js:2297
[55306650ms] [LOG] [Chat] Realtime conectado @ http://localhost:3000/_next/static/chunks/node_modules_next_dist_f3530cac._.js:2297
[55306652ms] [LOG] [Notificações] Realtime conectado @ http://localhost:3000/_next/static/chunks/node_modules_next_dist_f3530cac._.js:2297
[55309530ms] [WARNING] [Chat] Canal fechado, reconectando... @ http://localhost:3000/_next/static/chunks/node_modules_next_dist_f3530cac._.js:2297
[55309531ms] [WARNING] [Notificações] Canal fechado, reconectando... @ http://localhost:3000/_next/static/chunks/node_modules_next_dist_f3530cac._.js:2297
[55309663ms] [LOG] [Chat] Realtime conectado @ http://localhost:3000/_next/static/chunks/node_modules_next_dist_f3530cac._.js:2297
[55309666ms] [LOG] [Notificações] Realtime conectado @ http://localhost:3000/_next/static/chunks/node_modules_next_dist_f3530cac._.js:2297
[55312533ms] [WARNING] [Chat] Canal fechado, reconectando... @ http://localhost:3000/_next/static/chunks/node_modules_next_dist_f3530cac._.js:2297
[55312533ms] [WARNING] [Notificações] Canal fechado, reconectando... @ http://localhost:3000/_next/static/chunks/node_modules_next_dist_f3530cac._.js:2297
[55312667ms] [LOG] [Chat] Realtime conectado @ http://localhost:3000/_next/static/chunks/node_modules_next_dist_f3530cac._.js:2297
[55312671ms] [LOG] [Notificações] Realtime conectado @ http://localhost:3000/_next/static/chunks/node_modules_next_dist_f3530cac._.js:2297
[55315549ms] [WARNING] [Chat] Canal fechado, reconectando... @ http://localhost:3000/_next/static/chunks/node_modules_next_dist_f3530cac._.js:2297
[55315550ms] [WARNING] [Notificações] Canal fechado, reconectando... @ http://localhost:3000/_next/static/chunks/node_modules_next_dist_f3530cac._.js:2297
[55315684ms] [LOG] [Chat] Realtime conectado @ http://localhost:3000/_next/static/chunks/node_modules_next_dist_f3530cac._.js:2297
[55315686ms] [LOG] [Notificações] Realtime conectado @ http://localhost:3000/_next/static/chunks/node_modules_next_dist_f3530cac._.js:2297
[55318551ms] [WARNING] [Chat] Canal fechado, reconectando... @ http://localhost:3000/_next/static/chunks/node_modules_next_dist_f3530cac._.js:2297
[55318552ms] [WARNING] [Notificações] Canal fechado, reconectando... @ http://localhost:3000/_next/static/chunks/node_modules_next_dist_f3530cac._.js:2297
[55318683ms] [LOG] [Chat] Realtime conectado @ http://localhost:3000/_next/static/chunks/node_modules_next_dist_f3530cac._.js:2297
[55318685ms] [LOG] [Notificações] Realtime conectado @ http://localhost:3000/_next/static/chunks/node_modules_next_dist_f3530cac._.js:2297
[55321566ms] [WARNING] [Chat] Canal fechado, reconectando... @ http://localhost:3000/_next/static/chunks/node_modules_next_dist_f3530cac._.js:2297
[55321566ms] [WARNING] [Notificações] Canal fechado, reconectando... @ http://localhost:3000/_next/static/chunks/node_modules_next_dist_f3530cac._.js:2297
[55321696ms] [LOG] [Chat] Realtime conectado @ http://localhost:3000/_next/static/chunks/node_modules_next_dist_f3530cac._.js:2297
[55321700ms] [LOG] [Notificações] Realtime conectado @ http://localhost:3000/_next/static/chunks/node_modules_next_dist_f3530cac._.js:2297
[55324566ms] [WARNING] [Chat] Canal fechado, reconectando... @ http://localhost:3000/_next/static/chunks/node_modules_next_dist_f3530cac._.js:2297
[55324567ms] [WARNING] [Notificações] Canal fechado, reconectando... @ http://localhost:3000/_next/static/chunks/node_modules_next_dist_f3530cac._.js:2297
[55324700ms] [LOG] [Chat] Realtime conectado @ http://localhost:3000/_next/static/chunks/node_modules_next_dist_f3530cac._.js:2297
[55324702ms] [LOG] [Notificações] Realtime conectado @ http://localhost:3000/_next/static/chunks/node_modules_next_dist_f3530cac._.js:2297
[55327568ms] [WARNING] [Chat] Canal fechado, reconectando... @ http://localhost:3000/_next/static/chunks/node_modules_next_dist_f3530cac._.js:2297
[55327569ms] [WARNING] [Notificações] Canal fechado, reconectando... @ http://localhost:3000/_next/static/chunks/node_modules_next_dist_f3530cac._.js:2297
[55327703ms] [LOG] [Chat] Realtime conectado @ http://localhost:3000/_next/static/chunks/node_modules_next_dist_f3530cac._.js:2297
[55327708ms] [LOG] [Notificações] Realtime conectado @ http://localhost:3000/_next/static/chunks/node_modules_next_dist_f3530cac._.js:2297
[55330582ms] [WARNING] [Chat] Canal fechado, reconectando... @ http://localhost:3000/_next/static/chunks/node_modules_next_dist_f3530cac._.js:2297
[55330583ms] [WARNING] [Notificações] Canal fechado, reconectando... @ http://localhost:3000/_next/static/chunks/node_modules_next_dist_f3530cac._.js:2297
[55330718ms] [LOG] [Chat] Realtime conectado @ http://localhost:3000/_next/static/chunks/node_modules_next_dist_f3530cac._.js:2297
[55330720ms] [LOG] [Notificações] Realtime conectado @ http://localhost:3000/_next/static/chunks/node_modules_next_dist_f3530cac._.js:2297
[55333599ms] [WARNING] [Chat] Canal fechado, reconectando... @ http://localhost:3000/_next/static/chunks/node_modules_next_dist_f3530cac._.js:2297
[55333600ms] [WARNING] [Notificações] Canal fechado, reconectando... @ http://localhost:3000/_next/static/chunks/node_modules_next_dist_f3530cac._.js:2297
[55333730ms] [LOG] [Chat] Realtime conectado @ http://localhost:3000/_next/static/chunks/node_modules_next_dist_f3530cac._.js:2297
[55333733ms] [LOG] [Notificações] Realtime conectado @ http://localhost:3000/_next/static/chunks/node_modules_next_dist_f3530cac._.js:2297
[55336609ms] [WARNING] [Chat] Canal fechado, reconectando... @ http://localhost:3000/_next/static/chunks/node_modules_next_dist_f3530cac._.js:2297
[55336610ms] [WARNING] [Notificações] Canal fechado, reconectando... @ http://localhost:3000/_next/static/chunks/node_modules_next_dist_f3530cac._.js:2297
[55336740ms] [LOG] [Chat] Realtime conectado @ http://localhost:3000/_next/static/chunks/node_modules_next_dist_f3530cac._.js:2297
[55336746ms] [LOG] [Notificações] Realtime conectado @ http://localhost:3000/_next/static/chunks/node_modules_next_dist_f3530cac._.js:2297
[55339611ms] [WARNING] [Chat] Canal fechado, reconectando... @ http://localhost:3000/_next/static/chunks/node_modules_next_dist_f3530cac._.js:2297
[55339612ms] [WARNING] [Notificações] Canal fechado, reconectando... @ http://localhost:3000/_next/static/chunks/node_modules_next_dist_f3530cac._.js:2297
[55339742ms] [LOG] [Chat] Realtime conectado @ http://localhost:3000/_next/static/chunks/node_modules_next_dist_f3530cac._.js:2297
[55339745ms] [LOG] [Notificações] Realtime conectado @ http://localhost:3000/_next/static/chunks/node_modules_next_dist_f3530cac._.js:2297
[55342616ms] [WARNING] [Chat] Canal fechado, reconectando... @ http://localhost:3000/_next/static/chunks/node_modules_next_dist_f3530cac._.js:2297
[55342616ms] [WARNING] [Notificações] Canal fechado, reconectando... @ http://localhost:3000/_next/static/chunks/node_modules_next_dist_f3530cac._.js:2297
[55342751ms] [LOG] [Chat] Realtime conectado @ http://localhost:3000/_next/static/chunks/node_modules_next_dist_f3530cac._.js:2297
[55342755ms] [LOG] [Notificações] Realtime conectado @ http://localhost:3000/_next/static/chunks/node_modules_next_dist_f3530cac._.js:2297
[55345616ms] [WARNING] [Chat] Canal fechado, reconectando... @ http://localhost:3000/_next/static/chunks/node_modules_next_dist_f3530cac._.js:2297
[55345617ms] [WARNING] [Notificações] Canal fechado, reconectando... @ http://localhost:3000/_next/static/chunks/node_modules_next_dist_f3530cac._.js:2297
[55345747ms] [LOG] [Chat] Realtime conectado @ http://localhost:3000/_next/static/chunks/node_modules_next_dist_f3530cac._.js:2297
[55345751ms] [LOG] [Notificações] Realtime conectado @ http://localhost:3000/_next/static/chunks/node_modules_next_dist_f3530cac._.js:2297
[55348623ms] [WARNING] [Chat] Canal fechado, reconectando... @ http://localhost:3000/_next/static/chunks/node_modules_next_dist_f3530cac._.js:2297
[55348623ms] [WARNING] [Notificações] Canal fechado, reconectando... @ http://localhost:3000/_next/static/chunks/node_modules_next_dist_f3530cac._.js:2297
[55348752ms] [LOG] [Chat] Realtime conectado @ http://localhost:3000/_next/static/chunks/node_modules_next_dist_f3530cac._.js:2297
[55348754ms] [LOG] [Notificações] Realtime conectado @ http://localhost:3000/_next/static/chunks/node_modules_next_dist_f3530cac._.js:2297
[55351633ms] [WARNING] [Chat] Canal fechado, reconectando... @ http://localhost:3000/_next/static/chunks/node_modules_next_dist_f3530cac._.js:2297
[55351634ms] [WARNING] [Notificações] Canal fechado, reconectando... @ http://localhost:3000/_next/static/chunks/node_modules_next_dist_f3530cac._.js:2297
[55351763ms] [LOG] [Chat] Realtime conectado @ http://localhost:3000/_next/static/chunks/node_modules_next_dist_f3530cac._.js:2297
[55351766ms] [LOG] [Notificações] Realtime conectado @ http://localhost:3000/_next/static/chunks/node_modules_next_dist_f3530cac._.js:2297
[55354643ms] [WARNING] [Chat] Canal fechado, reconectando... @ http://localhost:3000/_next/static/chunks/node_modules_next_dist_f3530cac._.js:2297
[55354644ms] [WARNING] [Notificações] Canal fechado, reconectando... @ http://localhost:3000/_next/static/chunks/node_modules_next_dist_f3530cac._.js:2297
[55354775ms] [LOG] [Chat] Realtime conectado @ http://localhost:3000/_next/static/chunks/node_modules_next_dist_f3530cac._.js:2297
[55354777ms] [LOG] [Notificações] Realtime conectado @ http://localhost:3000/_next/static/chunks/node_modules_next_dist_f3530cac._.js:2297
[55357649ms] [WARNING] [Chat] Canal fechado, reconectando... @ http://localhost:3000/_next/static/chunks/node_modules_next_dist_f3530cac._.js:2297
[55357650ms] [WARNING] [Notificações] Canal fechado, reconectando... @ http://localhost:3000/_next/static/chunks/node_modules_next_dist_f3530cac._.js:2297
[55357782ms] [LOG] [Chat] Realtime conectado @ http://localhost:3000/_next/static/chunks/node_modules_next_dist_f3530cac._.js:2297
[55357783ms] [LOG] [Notificações] Realtime conectado @ http://localhost:3000/_next/static/chunks/node_modules_next_dist_f3530cac._.js:2297
[55360652ms] [WARNING] [Chat] Canal fechado, reconectando... @ http://localhost:3000/_next/static/chunks/node_modules_next_dist_f3530cac._.js:2297
[55360653ms] [WARNING] [Notificações] Canal fechado, reconectando... @ http://localhost:3000/_next/static/chunks/node_modules_next_dist_f3530cac._.js:2297
[55360783ms] [LOG] [Chat] Realtime conectado @ http://localhost:3000/_next/static/chunks/node_modules_next_dist_f3530cac._.js:2297
[55360786ms] [LOG] [Notificações] Realtime conectado @ http://localhost:3000/_next/static/chunks/node_modules_next_dist_f3530cac._.js:2297
[55363668ms] [WARNING] [Chat] Canal fechado, reconectando... @ http://localhost:3000/_next/static/chunks/node_modules_next_dist_f3530cac._.js:2297
[55363669ms] [WARNING] [Notificações] Canal fechado, reconectando... @ http://localhost:3000/_next/static/chunks/node_modules_next_dist_f3530cac._.js:2297
[55363799ms] [LOG] [Chat] Realtime conectado @ http://localhost:3000/_next/static/chunks/node_modules_next_dist_f3530cac._.js:2297
[55363800ms] [LOG] [Notificações] Realtime conectado @ http://localhost:3000/_next/static/chunks/node_modules_next_dist_f3530cac._.js:2297
[55366671ms] [WARNING] [Chat] Canal fechado, reconectando... @ http://localhost:3000/_next/static/chunks/node_modules_next_dist_f3530cac._.js:2297
[55366672ms] [WARNING] [Notificações] Canal fechado, reconectando... @ http://localhost:3000/_next/static/chunks/node_modules_next_dist_f3530cac._.js:2297
[55366800ms] [LOG] [Chat] Realtime conectado @ http://localhost:3000/_next/static/chunks/node_modules_next_dist_f3530cac._.js:2297
[55366816ms] [LOG] [Notificações] Realtime conectado @ http://localhost:3000/_next/static/chunks/node_modules_next_dist_f3530cac._.js:2297
[55369682ms] [WARNING] [Chat] Canal fechado, reconectando... @ http://localhost:3000/_next/static/chunks/node_modules_next_dist_f3530cac._.js:2297
[55369682ms] [WARNING] [Notificações] Canal fechado, reconectando... @ http://localhost:3000/_next/static/chunks/node_modules_next_dist_f3530cac._.js:2297
[55369811ms] [LOG] [Chat] Realtime conectado @ http://localhost:3000/_next/static/chunks/node_modules_next_dist_f3530cac._.js:2297
[55369815ms] [LOG] [Notificações] Realtime conectado @ http://localhost:3000/_next/static/chunks/node_modules_next_dist_f3530cac._.js:2297
[55372683ms] [WARNING] [Chat] Canal fechado, reconectando... @ http://localhost:3000/_next/static/chunks/node_modules_next_dist_f3530cac._.js:2297
[55372684ms] [WARNING] [Notificações] Canal fechado, reconectando... @ http://localhost:3000/_next/static/chunks/node_modules_next_dist_f3530cac._.js:2297
[55372816ms] [LOG] [Chat] Realtime conectado @ http://localhost:3000/_next/static/chunks/node_modules_next_dist_f3530cac._.js:2297
[55372820ms] [LOG] [Notificações] Realtime conectado @ http://localhost:3000/_next/static/chunks/node_modules_next_dist_f3530cac._.js:2297
[55375699ms] [WARNING] [Chat] Canal fechado, reconectando... @ http://localhost:3000/_next/static/chunks/node_modules_next_dist_f3530cac._.js:2297
[55375699ms] [WARNING] [Notificações] Canal fechado, reconectando... @ http://localhost:3000/_next/static/chunks/node_modules_next_dist_f3530cac._.js:2297
[55375826ms] [LOG] [Chat] Realtime conectado @ http://localhost:3000/_next/static/chunks/node_modules_next_dist_f3530cac._.js:2297
[55375830ms] [LOG] [Notificações] Realtime conectado @ http://localhost:3000/_next/static/chunks/node_modules_next_dist_f3530cac._.js:2297
[55378699ms] [WARNING] [Chat] Canal fechado, reconectando... @ http://localhost:3000/_next/static/chunks/node_modules_next_dist_f3530cac._.js:2297
[55378699ms] [WARNING] [Notificações] Canal fechado, reconectando... @ http://localhost:3000/_next/static/chunks/node_modules_next_dist_f3530cac._.js:2297
[55378829ms] [LOG] [Chat] Realtime conectado @ http://localhost:3000/_next/static/chunks/node_modules_next_dist_f3530cac._.js:2297
[55378833ms] [LOG] [Notificações] Realtime conectado @ http://localhost:3000/_next/static/chunks/node_modules_next_dist_f3530cac._.js:2297
[55381715ms] [WARNING] [Chat] Canal fechado, reconectando... @ http://localhost:3000/_next/static/chunks/node_modules_next_dist_f3530cac._.js:2297
[55381716ms] [WARNING] [Notificações] Canal fechado, reconectando... @ http://localhost:3000/_next/static/chunks/node_modules_next_dist_f3530cac._.js:2297
[55381852ms] [LOG] [Chat] Realtime conectado @ http://localhost:3000/_next/static/chunks/node_modules_next_dist_f3530cac._.js:2297
[55381853ms] [LOG] [Notificações] Realtime conectado @ http://localhost:3000/_next/static/chunks/node_modules_next_dist_f3530cac._.js:2297
[55384717ms] [WARNING] [Chat] Canal fechado, reconectando... @ http://localhost:3000/_next/static/chunks/node_modules_next_dist_f3530cac._.js:2297
[55384719ms] [WARNING] [Notificações] Canal fechado, reconectando... @ http://localhost:3000/_next/static/chunks/node_modules_next_dist_f3530cac._.js:2297
[55384850ms] [LOG] [Chat] Realtime conectado @ http://localhost:3000/_next/static/chunks/node_modules_next_dist_f3530cac._.js:2297
[55384850ms] [LOG] [Notificações] Realtime conectado @ http://localhost:3000/_next/static/chunks/node_modules_next_dist_f3530cac._.js:2297
[55387722ms] [WARNING] [Chat] Canal fechado, reconectando... @ http://localhost:3000/_next/static/chunks/node_modules_next_dist_f3530cac._.js:2297
[55387722ms] [WARNING] [Notificações] Canal fechado, reconectando... @ http://localhost:3000/_next/static/chunks/node_modules_next_dist_f3530cac._.js:2297
[55387850ms] [LOG] [Chat] Realtime conectado @ http://localhost:3000/_next/static/chunks/node_modules_next_dist_f3530cac._.js:2297
[55387854ms] [LOG] [Notificações] Realtime conectado @ http://localhost:3000/_next/static/chunks/node_modules_next_dist_f3530cac._.js:2297
[55390731ms] [WARNING] [Chat] Canal fechado, reconectando... @ http://localhost:3000/_next/static/chunks/node_modules_next_dist_f3530cac._.js:2297
[55390732ms] [WARNING] [Notificações] Canal fechado, reconectando... @ http://localhost:3000/_next/static/chunks/node_modules_next_dist_f3530cac._.js:2297
[55390867ms] [LOG] [Chat] Realtime conectado @ http://localhost:3000/_next/static/chunks/node_modules_next_dist_f3530cac._.js:2297
[55390867ms] [LOG] [Notificações] Realtime conectado @ http://localhost:3000/_next/static/chunks/node_modules_next_dist_f3530cac._.js:2297
[55393732ms] [WARNING] [Chat] Canal fechado, reconectando... @ http://localhost:3000/_next/static/chunks/node_modules_next_dist_f3530cac._.js:2297
[55393733ms] [WARNING] [Notificações] Canal fechado, reconectando... @ http://localhost:3000/_next/static/chunks/node_modules_next_dist_f3530cac._.js:2297
[55393863ms] [LOG] [Chat] Realtime conectado @ http://localhost:3000/_next/static/chunks/node_modules_next_dist_f3530cac._.js:2297
[55393866ms] [LOG] [Notificações] Realtime conectado @ http://localhost:3000/_next/static/chunks/node_modules_next_dist_f3530cac._.js:2297
[55396741ms] [WARNING] [Chat] Canal fechado, reconectando... @ http://localhost:3000/_next/static/chunks/node_modules_next_dist_f3530cac._.js:2297
[55396742ms] [WARNING] [Notificações] Canal fechado, reconectando... @ http://localhost:3000/_next/static/chunks/node_modules_next_dist_f3530cac._.js:2297
[55396877ms] [LOG] [Chat] Realtime conectado @ http://localhost:3000/_next/static/chunks/node_modules_next_dist_f3530cac._.js:2297
[55396882ms] [LOG] [Notificações] Realtime conectado @ http://localhost:3000/_next/static/chunks/node_modules_next_dist_f3530cac._.js:2297
[55399748ms] [WARNING] [Chat] Canal fechado, reconectando... @ http://localhost:3000/_next/static/chunks/node_modules_next_dist_f3530cac._.js:2297
[55399749ms] [WARNING] [Notificações] Canal fechado, reconectando... @ http://localhost:3000/_next/static/chunks/node_modules_next_dist_f3530cac._.js:2297
[55399882ms] [LOG] [Chat] Realtime conectado @ http://localhost:3000/_next/static/chunks/node_modules_next_dist_f3530cac._.js:2297
[55399884ms] [LOG] [Notificações] Realtime conectado @ http://localhost:3000/_next/static/chunks/node_modules_next_dist_f3530cac._.js:2297
[55402753ms] [WARNING] [Chat] Canal fechado, reconectando... @ http://localhost:3000/_next/static/chunks/node_modules_next_dist_f3530cac._.js:2297
[55402754ms] [WARNING] [Notificações] Canal fechado, reconectando... @ http://localhost:3000/_next/static/chunks/node_modules_next_dist_f3530cac._.js:2297
[55402882ms] [LOG] [Chat] Realtime conectado @ http://localhost:3000/_next/static/chunks/node_modules_next_dist_f3530cac._.js:2297
[55402886ms] [LOG] [Notificações] Realtime conectado @ http://localhost:3000/_next/static/chunks/node_modules_next_dist_f3530cac._.js:2297
[55405755ms] [WARNING] [Chat] Canal fechado, reconectando... @ http://localhost:3000/_next/static/chunks/node_modules_next_dist_f3530cac._.js:2297
[55405756ms] [WARNING] [Notificações] Canal fechado, reconectando... @ http://localhost:3000/_next/static/chunks/node_modules_next_dist_f3530cac._.js:2297
[55405885ms] [LOG] [Chat] Realtime conectado @ http://localhost:3000/_next/static/chunks/node_modules_next_dist_f3530cac._.js:2297
[55405889ms] [LOG] [Notificações] Realtime conectado @ http://localhost:3000/_next/static/chunks/node_modules_next_dist_f3530cac._.js:2297
[55408766ms] [WARNING] [Chat] Canal fechado, reconectando... @ http://localhost:3000/_next/static/chunks/node_modules_next_dist_f3530cac._.js:2297
[55408766ms] [WARNING] [Notificações] Canal fechado, reconectando... @ http://localhost:3000/_next/static/chunks/node_modules_next_dist_f3530cac._.js:2297
[55408894ms] [LOG] [Chat] Realtime conectado @ http://localhost:3000/_next/static/chunks/node_modules_next_dist_f3530cac._.js:2297
[55408898ms] [LOG] [Notificações] Realtime conectado @ http://localhost:3000/_next/static/chunks/node_modules_next_dist_f3530cac._.js:2297
[55411779ms] [WARNING] [Chat] Canal fechado, reconectando... @ http://localhost:3000/_next/static/chunks/node_modules_next_dist_f3530cac._.js:2297
[55411780ms] [WARNING] [Notificações] Canal fechado, reconectando... @ http://localhost:3000/_next/static/chunks/node_modules_next_dist_f3530cac._.js:2297
[55411908ms] [LOG] [Chat] Realtime conectado @ http://localhost:3000/_next/static/chunks/node_modules_next_dist_f3530cac._.js:2297
[55411911ms] [LOG] [Notificações] Realtime conectado @ http://localhost:3000/_next/static/chunks/node_modules_next_dist_f3530cac._.js:2297
[55414782ms] [WARNING] [Chat] Canal fechado, reconectando... @ http://localhost:3000/_next/static/chunks/node_modules_next_dist_f3530cac._.js:2297
[55414782ms] [WARNING] [Notificações] Canal fechado, reconectando... @ http://localhost:3000/_next/static/chunks/node_modules_next_dist_f3530cac._.js:2297
[55415010ms] [LOG] [Chat] Realtime conectado @ http://localhost:3000/_next/static/chunks/node_modules_next_dist_f3530cac._.js:2297
[55415010ms] [LOG] [Notificações] Realtime conectado @ http://localhost:3000/_next/static/chunks/node_modules_next_dist_f3530cac._.js:2297
[55417795ms] [WARNING] [Chat] Canal fechado, reconectando... @ http://localhost:3000/_next/static/chunks/node_modules_next_dist_f3530cac._.js:2297
[55417796ms] [WARNING] [Notificações] Canal fechado, reconectando... @ http://localhost:3000/_next/static/chunks/node_modules_next_dist_f3530cac._.js:2297
[55417931ms] [LOG] [Chat] Realtime conectado @ http://localhost:3000/_next/static/chunks/node_modules_next_dist_f3530cac._.js:2297
[55417935ms] [LOG] [Notificações] Realtime conectado @ http://localhost:3000/_next/static/chunks/node_modules_next_dist_f3530cac._.js:2297
[55420798ms] [WARNING] [Chat] Canal fechado, reconectando... @ http://localhost:3000/_next/static/chunks/node_modules_next_dist_f3530cac._.js:2297
[55420799ms] [WARNING] [Notificações] Canal fechado, reconectando... @ http://localhost:3000/_next/static/chunks/node_modules_next_dist_f3530cac._.js:2297
[55420927ms] [LOG] [Chat] Realtime conectado @ http://localhost:3000/_next/static/chunks/node_modules_next_dist_f3530cac._.js:2297
[55420931ms] [LOG] [Notificações] Realtime conectado @ http://localhost:3000/_next/static/chunks/node_modules_next_dist_f3530cac._.js:2297
[55423799ms] [WARNING] [Chat] Canal fechado, reconectando... @ http://localhost:3000/_next/static/chunks/node_modules_next_dist_f3530cac._.js:2297
[55423799ms] [WARNING] [Notificações] Canal fechado, reconectando... @ http://localhost:3000/_next/static/chunks/node_modules_next_dist_f3530cac._.js:2297
[55423936ms] [LOG] [Chat] Realtime conectado @ http://localhost:3000/_next/static/chunks/node_modules_next_dist_f3530cac._.js:2297
[55423939ms] [LOG] [Notificações] Realtime conectado @ http://localhost:3000/_next/static/chunks/node_modules_next_dist_f3530cac._.js:2297
[55426814ms] [WARNING] [Chat] Canal fechado, reconectando... @ http://localhost:3000/_next/static/chunks/node_modules_next_dist_f3530cac._.js:2297
[55426815ms] [WARNING] [Notificações] Canal fechado, reconectando... @ http://localhost:3000/_next/static/chunks/node_modules_next_dist_f3530cac._.js:2297
[55426944ms] [LOG] [Chat] Realtime conectado @ http://localhost:3000/_next/static/chunks/node_modules_next_dist_f3530cac._.js:2297
[55426948ms] [LOG] [Notificações] Realtime conectado @ http://localhost:3000/_next/static/chunks/node_modules_next_dist_f3530cac._.js:2297
[55429820ms] [WARNING] [Chat] Canal fechado, reconectando... @ http://localhost:3000/_next/static/chunks/node_modules_next_dist_f3530cac._.js:2297
[55429821ms] [WARNING] [Notificações] Canal fechado, reconectando... @ http://localhost:3000/_next/static/chunks/node_modules_next_dist_f3530cac._.js:2297
[55429955ms] [LOG] [Chat] Realtime conectado @ http://localhost:3000/_next/static/chunks/node_modules_next_dist_f3530cac._.js:2297
[55429955ms] [LOG] [Notificações] Realtime conectado @ http://localhost:3000/_next/static/chunks/node_modules_next_dist_f3530cac._.js:2297
[55432821ms] [WARNING] [Chat] Canal fechado, reconectando... @ http://localhost:3000/_next/static/chunks/node_modules_next_dist_f3530cac._.js:2297
[55432822ms] [WARNING] [Notificações] Canal fechado, reconectando... @ http://localhost:3000/_next/static/chunks/node_modules_next_dist_f3530cac._.js:2297
[55432950ms] [LOG] [Chat] Realtime conectado @ http://localhost:3000/_next/static/chunks/node_modules_next_dist_f3530cac._.js:2297
[55432954ms] [LOG] [Notificações] Realtime conectado @ http://localhost:3000/_next/static/chunks/node_modules_next_dist_f3530cac._.js:2297
[55435831ms] [WARNING] [Chat] Canal fechado, reconectando... @ http://localhost:3000/_next/static/chunks/node_modules_next_dist_f3530cac._.js:2297
[55435832ms] [WARNING] [Notificações] Canal fechado, reconectando... @ http://localhost:3000/_next/static/chunks/node_modules_next_dist_f3530cac._.js:2297
[55435966ms] [LOG] [Chat] Realtime conectado @ http://localhost:3000/_next/static/chunks/node_modules_next_dist_f3530cac._.js:2297
[55435973ms] [LOG] [Notificações] Realtime conectado @ http://localhost:3000/_next/static/chunks/node_modules_next_dist_f3530cac._.js:2297
[55438839ms] [WARNING] [Chat] Canal fechado, reconectando... @ http://localhost:3000/_next/static/chunks/node_modules_next_dist_f3530cac._.js:2297
[55438839ms] [WARNING] [Notificações] Canal fechado, reconectando... @ http://localhost:3000/_next/static/chunks/node_modules_next_dist_f3530cac._.js:2297
[55438968ms] [LOG] [Chat] Realtime conectado @ http://localhost:3000/_next/static/chunks/node_modules_next_dist_f3530cac._.js:2297
[55438972ms] [LOG] [Notificações] Realtime conectado @ http://localhost:3000/_next/static/chunks/node_modules_next_dist_f3530cac._.js:2297
[55441848ms] [WARNING] [Chat] Canal fechado, reconectando... @ http://localhost:3000/_next/static/chunks/node_modules_next_dist_f3530cac._.js:2297
[55441849ms] [WARNING] [Notificações] Canal fechado, reconectando... @ http://localhost:3000/_next/static/chunks/node_modules_next_dist_f3530cac._.js:2297
[55441990ms] [LOG] [Chat] Realtime conectado @ http://localhost:3000/_next/static/chunks/node_modules_next_dist_f3530cac._.js:2297
[55441990ms] [LOG] [Notificações] Realtime conectado @ http://localhost:3000/_next/static/chunks/node_modules_next_dist_f3530cac._.js:2297
[55444853ms] [WARNING] [Chat] Canal fechado, reconectando... @ http://localhost:3000/_next/static/chunks/node_modules_next_dist_f3530cac._.js:2297
[55444853ms] [WARNING] [Notificações] Canal fechado, reconectando... @ http://localhost:3000/_next/static/chunks/node_modules_next_dist_f3530cac._.js:2297
[55444984ms] [LOG] [Chat] Realtime conectado @ http://localhost:3000/_next/static/chunks/node_modules_next_dist_f3530cac._.js:2297
[55444987ms] [LOG] [Notificações] Realtime conectado @ http://localhost:3000/_next/static/chunks/node_modules_next_dist_f3530cac._.js:2297
[55447865ms] [WARNING] [Chat] Canal fechado, reconectando... @ http://localhost:3000/_next/static/chunks/node_modules_next_dist_f3530cac._.js:2297
[55447865ms] [WARNING] [Notificações] Canal fechado, reconectando... @ http://localhost:3000/_next/static/chunks/node_modules_next_dist_f3530cac._.js:2297
[55447995ms] [LOG] [Chat] Realtime conectado @ http://localhost:3000/_next/static/chunks/node_modules_next_dist_f3530cac._.js:2297
[55447999ms] [LOG] [Notificações] Realtime conectado @ http://localhost:3000/_next/static/chunks/node_modules_next_dist_f3530cac._.js:2297
[55450865ms] [WARNING] [Chat] Canal fechado, reconectando... @ http://localhost:3000/_next/static/chunks/node_modules_next_dist_f3530cac._.js:2297
[55450866ms] [WARNING] [Notificações] Canal fechado, reconectando... @ http://localhost:3000/_next/static/chunks/node_modules_next_dist_f3530cac._.js:2297
[55450998ms] [LOG] [Chat] Realtime conectado @ http://localhost:3000/_next/static/chunks/node_modules_next_dist_f3530cac._.js:2297
[55451003ms] [LOG] [Notificações] Realtime conectado @ http://localhost:3000/_next/static/chunks/node_modules_next_dist_f3530cac._.js:2297
[55453871ms] [WARNING] [Chat] Canal fechado, reconectando... @ http://localhost:3000/_next/static/chunks/node_modules_next_dist_f3530cac._.js:2297
[55453872ms] [WARNING] [Notificações] Canal fechado, reconectando... @ http://localhost:3000/_next/static/chunks/node_modules_next_dist_f3530cac._.js:2297
[55454005ms] [LOG] [Chat] Realtime conectado @ http://localhost:3000/_next/static/chunks/node_modules_next_dist_f3530cac._.js:2297
[55454009ms] [LOG] [Notificações] Realtime conectado @ http://localhost:3000/_next/static/chunks/node_modules_next_dist_f3530cac._.js:2297
[55456881ms] [WARNING] [Chat] Canal fechado, reconectando... @ http://localhost:3000/_next/static/chunks/node_modules_next_dist_f3530cac._.js:2297
[55456882ms] [WARNING] [Notificações] Canal fechado, reconectando... @ http://localhost:3000/_next/static/chunks/node_modules_next_dist_f3530cac._.js:2297
[55457009ms] [LOG] [Chat] Realtime conectado @ http://localhost:3000/_next/static/chunks/node_modules_next_dist_f3530cac._.js:2297
[55457012ms] [LOG] [Notificações] Realtime conectado @ http://localhost:3000/_next/static/chunks/node_modules_next_dist_f3530cac._.js:2297
[55459898ms] [WARNING] [Chat] Canal fechado, reconectando... @ http://localhost:3000/_next/static/chunks/node_modules_next_dist_f3530cac._.js:2297
[55459898ms] [WARNING] [Notificações] Canal fechado, reconectando... @ http://localhost:3000/_next/static/chunks/node_modules_next_dist_f3530cac._.js:2297
[55460030ms] [LOG] [Chat] Realtime conectado @ http://localhost:3000/_next/static/chunks/node_modules_next_dist_f3530cac._.js:2297
[55460032ms] [LOG] [Notificações] Realtime conectado @ http://localhost:3000/_next/static/chunks/node_modules_next_dist_f3530cac._.js:2297
[55462908ms] [WARNING] [Chat] Canal fechado, reconectando... @ http://localhost:3000/_next/static/chunks/node_modules_next_dist_f3530cac._.js:2297
[55462909ms] [WARNING] [Notificações] Canal fechado, reconectando... @ http://localhost:3000/_next/static/chunks/node_modules_next_dist_f3530cac._.js:2297
[55463043ms] [LOG] [Chat] Realtime conectado @ http://localhost:3000/_next/static/chunks/node_modules_next_dist_f3530cac._.js:2297
[55463047ms] [LOG] [Notificações] Realtime conectado @ http://localhost:3000/_next/static/chunks/node_modules_next_dist_f3530cac._.js:2297
[55465914ms] [WARNING] [Chat] Canal fechado, reconectando... @ http://localhost:3000/_next/static/chunks/node_modules_next_dist_f3530cac._.js:2297
[55465914ms] [WARNING] [Notificações] Canal fechado, reconectando... @ http://localhost:3000/_next/static/chunks/node_modules_next_dist_f3530cac._.js:2297
[55466044ms] [LOG] [Chat] Realtime conectado @ http://localhost:3000/_next/static/chunks/node_modules_next_dist_f3530cac._.js:2297
[55466048ms] [LOG] [Notificações] Realtime conectado @ http://localhost:3000/_next/static/chunks/node_modules_next_dist_f3530cac._.js:2297
[55468914ms] [WARNING] [Chat] Canal fechado, reconectando... @ http://localhost:3000/_next/static/chunks/node_modules_next_dist_f3530cac._.js:2297
[55468915ms] [WARNING] [Notificações] Canal fechado, reconectando... @ http://localhost:3000/_next/static/chunks/node_modules_next_dist_f3530cac._.js:2297
[55469048ms] [LOG] [Chat] Realtime conectado @ http://localhost:3000/_next/static/chunks/node_modules_next_dist_f3530cac._.js:2297
[55469050ms] [LOG] [Notificações] Realtime conectado @ http://localhost:3000/_next/static/chunks/node_modules_next_dist_f3530cac._.js:2297
[55471931ms] [WARNING] [Chat] Canal fechado, reconectando... @ http://localhost:3000/_next/static/chunks/node_modules_next_dist_f3530cac._.js:2297
[55471932ms] [WARNING] [Notificações] Canal fechado, reconectando... @ http://localhost:3000/_next/static/chunks/node_modules_next_dist_f3530cac._.js:2297
[55472061ms] [LOG] [Chat] Realtime conectado @ http://localhost:3000/_next/static/chunks/node_modules_next_dist_f3530cac._.js:2297
[55472066ms] [LOG] [Notificações] Realtime conectado @ http://localhost:3000/_next/static/chunks/node_modules_next_dist_f3530cac._.js:2297
[55474942ms] [WARNING] [Chat] Canal fechado, reconectando... @ http://localhost:3000/_next/static/chunks/node_modules_next_dist_f3530cac._.js:2297
[55474942ms] [WARNING] [Notificações] Canal fechado, reconectando... @ http://localhost:3000/_next/static/chunks/node_modules_next_dist_f3530cac._.js:2297
[55475071ms] [LOG] [Chat] Realtime conectado @ http://localhost:3000/_next/static/chunks/node_modules_next_dist_f3530cac._.js:2297
[55475073ms] [LOG] [Notificações] Realtime conectado @ http://localhost:3000/_next/static/chunks/node_modules_next_dist_f3530cac._.js:2297
[55477948ms] [WARNING] [Chat] Canal fechado, reconectando... @ http://localhost:3000/_next/static/chunks/node_modules_next_dist_f3530cac._.js:2297
[55477949ms] [WARNING] [Notificações] Canal fechado, reconectando... @ http://localhost:3000/_next/static/chunks/node_modules_next_dist_f3530cac._.js:2297
[55478081ms] [LOG] [Chat] Realtime conectado @ http://localhost:3000/_next/static/chunks/node_modules_next_dist_f3530cac._.js:2297
[55478083ms] [LOG] [Notificações] Realtime conectado @ http://localhost:3000/_next/static/chunks/node_modules_next_dist_f3530cac._.js:2297
[55480959ms] [WARNING] [Chat] Canal fechado, reconectando... @ http://localhost:3000/_next/static/chunks/node_modules_next_dist_f3530cac._.js:2297
[55480959ms] [WARNING] [Notificações] Canal fechado, reconectando... @ http://localhost:3000/_next/static/chunks/node_modules_next_dist_f3530cac._.js:2297
[55481089ms] [LOG] [Chat] Realtime conectado @ http://localhost:3000/_next/static/chunks/node_modules_next_dist_f3530cac._.js:2297
[55481091ms] [LOG] [Notificações] Realtime conectado @ http://localhost:3000/_next/static/chunks/node_modules_next_dist_f3530cac._.js:2297
[55483965ms] [WARNING] [Chat] Canal fechado, reconectando... @ http://localhost:3000/_next/static/chunks/node_modules_next_dist_f3530cac._.js:2297
[55483966ms] [WARNING] [Notificações] Canal fechado, reconectando... @ http://localhost:3000/_next/static/chunks/node_modules_next_dist_f3530cac._.js:2297
[55484097ms] [LOG] [Chat] Realtime conectado @ http://localhost:3000/_next/static/chunks/node_modules_next_dist_f3530cac._.js:2297
[55484101ms] [LOG] [Notificações] Realtime conectado @ http://localhost:3000/_next/static/chunks/node_modules_next_dist_f3530cac._.js:2297
[55486975ms] [WARNING] [Chat] Canal fechado, reconectando... @ http://localhost:3000/_next/static/chunks/node_modules_next_dist_f3530cac._.js:2297
[55486976ms] [WARNING] [Notificações] Canal fechado, reconectando... @ http://localhost:3000/_next/static/chunks/node_modules_next_dist_f3530cac._.js:2297
[55487109ms] [LOG] [Chat] Realtime conectado @ http://localhost:3000/_next/static/chunks/node_modules_next_dist_f3530cac._.js:2297
[55487113ms] [LOG] [Notificações] Realtime conectado @ http://localhost:3000/_next/static/chunks/node_modules_next_dist_f3530cac._.js:2297
[55489980ms] [WARNING] [Chat] Canal fechado, reconectando... @ http://localhost:3000/_next/static/chunks/node_modules_next_dist_f3530cac._.js:2297
[55489980ms] [WARNING] [Notificações] Canal fechado, reconectando... @ http://localhost:3000/_next/static/chunks/node_modules_next_dist_f3530cac._.js:2297
[55490113ms] [LOG] [Chat] Realtime conectado @ http://localhost:3000/_next/static/chunks/node_modules_next_dist_f3530cac._.js:2297
[55490114ms] [LOG] [Notificações] Realtime conectado @ http://localhost:3000/_next/static/chunks/node_modules_next_dist_f3530cac._.js:2297
[55492980ms] [WARNING] [Chat] Canal fechado, reconectando... @ http://localhost:3000/_next/static/chunks/node_modules_next_dist_f3530cac._.js:2297
[55492981ms] [WARNING] [Notificações] Canal fechado, reconectando... @ http://localhost:3000/_next/static/chunks/node_modules_next_dist_f3530cac._.js:2297
[55493114ms] [LOG] [Chat] Realtime conectado @ http://localhost:3000/_next/static/chunks/node_modules_next_dist_f3530cac._.js:2297
[55493115ms] [LOG] [Notificações] Realtime conectado @ http://localhost:3000/_next/static/chunks/node_modules_next_dist_f3530cac._.js:2297
[55495991ms] [WARNING] [Chat] Canal fechado, reconectando... @ http://localhost:3000/_next/static/chunks/node_modules_next_dist_f3530cac._.js:2297
[55495992ms] [WARNING] [Notificações] Canal fechado, reconectando... @ http://localhost:3000/_next/static/chunks/node_modules_next_dist_f3530cac._.js:2297
[55496124ms] [LOG] [Chat] Realtime conectado @ http://localhost:3000/_next/static/chunks/node_modules_next_dist_f3530cac._.js:2297
[55496128ms] [LOG] [Notificações] Realtime conectado @ http://localhost:3000/_next/static/chunks/node_modules_next_dist_f3530cac._.js:2297
[55498996ms] [WARNING] [Chat] Canal fechado, reconectando... @ http://localhost:3000/_next/static/chunks/node_modules_next_dist_f3530cac._.js:2297
[55498997ms] [WARNING] [Notificações] Canal fechado, reconectando... @ http://localhost:3000/_next/static/chunks/node_modules_next_dist_f3530cac._.js:2297
[55499126ms] [LOG] [Chat] Realtime conectado @ http://localhost:3000/_next/static/chunks/node_modules_next_dist_f3530cac._.js:2297
[55499130ms] [LOG] [Notificações] Realtime conectado @ http://localhost:3000/_next/static/chunks/node_modules_next_dist_f3530cac._.js:2297
[55502002ms] [WARNING] [Chat] Canal fechado, reconectando... @ http://localhost:3000/_next/static/chunks/node_modules_next_dist_f3530cac._.js:2297
[55502003ms] [WARNING] [Notificações] Canal fechado, reconectando... @ http://localhost:3000/_next/static/chunks/node_modules_next_dist_f3530cac._.js:2297
[55502134ms] [LOG] [Chat] Realtime conectado @ http://localhost:3000/_next/static/chunks/node_modules_next_dist_f3530cac._.js:2297
[55502137ms] [LOG] [Notificações] Realtime conectado @ http://localhost:3000/_next/static/chunks/node_modules_next_dist_f3530cac._.js:2297
[55505014ms] [WARNING] [Chat] Canal fechado, reconectando... @ http://localhost:3000/_next/static/chunks/node_modules_next_dist_f3530cac._.js:2297
[55505014ms] [WARNING] [Notificações] Canal fechado, reconectando... @ http://localhost:3000/_next/static/chunks/node_modules_next_dist_f3530cac._.js:2297
[55505144ms] [LOG] [Chat] Realtime conectado @ http://localhost:3000/_next/static/chunks/node_modules_next_dist_f3530cac._.js:2297
[55505148ms] [LOG] [Notificações] Realtime conectado @ http://localhost:3000/_next/static/chunks/node_modules_next_dist_f3530cac._.js:2297
[55508022ms] [WARNING] [Chat] Canal fechado, reconectando... @ http://localhost:3000/_next/static/chunks/node_modules_next_dist_f3530cac._.js:2297
[55508023ms] [WARNING] [Notificações] Canal fechado, reconectando... @ http://localhost:3000/_next/static/chunks/node_modules_next_dist_f3530cac._.js:2297
[55508150ms] [LOG] [Chat] Realtime conectado @ http://localhost:3000/_next/static/chunks/node_modules_next_dist_f3530cac._.js:2297
[55508154ms] [LOG] [Notificações] Realtime conectado @ http://localhost:3000/_next/static/chunks/node_modules_next_dist_f3530cac._.js:2297
[55511032ms] [WARNING] [Chat] Canal fechado, reconectando... @ http://localhost:3000/_next/static/chunks/node_modules_next_dist_f3530cac._.js:2297
[55511033ms] [WARNING] [Notificações] Canal fechado, reconectando... @ http://localhost:3000/_next/static/chunks/node_modules_next_dist_f3530cac._.js:2297
[55511168ms] [LOG] [Chat] Realtime conectado @ http://localhost:3000/_next/static/chunks/node_modules_next_dist_f3530cac._.js:2297
[55511172ms] [LOG] [Notificações] Realtime conectado @ http://localhost:3000/_next/static/chunks/node_modules_next_dist_f3530cac._.js:2297
[55514046ms] [WARNING] [Chat] Canal fechado, reconectando... @ http://localhost:3000/_next/static/chunks/node_modules_next_dist_f3530cac._.js:2297
[55514047ms] [WARNING] [Notificações] Canal fechado, reconectando... @ http://localhost:3000/_next/static/chunks/node_modules_next_dist_f3530cac._.js:2297
[55514180ms] [LOG] [Chat] Realtime conectado @ http://localhost:3000/_next/static/chunks/node_modules_next_dist_f3530cac._.js:2297
[55514182ms] [LOG] [Notificações] Realtime conectado @ http://localhost:3000/_next/static/chunks/node_modules_next_dist_f3530cac._.js:2297
[55517060ms] [WARNING] [Chat] Canal fechado, reconectando... @ http://localhost:3000/_next/static/chunks/node_modules_next_dist_f3530cac._.js:2297
[55517061ms] [WARNING] [Notificações] Canal fechado, reconectando... @ http://localhost:3000/_next/static/chunks/node_modules_next_dist_f3530cac._.js:2297
[55517189ms] [LOG] [Chat] Realtime conectado @ http://localhost:3000/_next/static/chunks/node_modules_next_dist_f3530cac._.js:2297
[55517193ms] [LOG] [Notificações] Realtime conectado @ http://localhost:3000/_next/static/chunks/node_modules_next_dist_f3530cac._.js:2297
[55520063ms] [WARNING] [Chat] Canal fechado, reconectando... @ http://localhost:3000/_next/static/chunks/node_modules_next_dist_f3530cac._.js:2297
[55520063ms] [WARNING] [Notificações] Canal fechado, reconectando... @ http://localhost:3000/_next/static/chunks/node_modules_next_dist_f3530cac._.js:2297
[55520190ms] [LOG] [Chat] Realtime conectado @ http://localhost:3000/_next/static/chunks/node_modules_next_dist_f3530cac._.js:2297
[55520193ms] [LOG] [Notificações] Realtime conectado @ http://localhost:3000/_next/static/chunks/node_modules_next_dist_f3530cac._.js:2297
[55523064ms] [WARNING] [Chat] Canal fechado, reconectando... @ http://localhost:3000/_next/static/chunks/node_modules_next_dist_f3530cac._.js:2297
[55523065ms] [WARNING] [Notificações] Canal fechado, reconectando... @ http://localhost:3000/_next/static/chunks/node_modules_next_dist_f3530cac._.js:2297
[55523195ms] [LOG] [Chat] Realtime conectado @ http://localhost:3000/_next/static/chunks/node_modules_next_dist_f3530cac._.js:2297
[55523199ms] [LOG] [Notificações] Realtime conectado @ http://localhost:3000/_next/static/chunks/node_modules_next_dist_f3530cac._.js:2297
[55526068ms] [WARNING] [Chat] Canal fechado, reconectando... @ http://localhost:3000/_next/static/chunks/node_modules_next_dist_f3530cac._.js:2297
[55526069ms] [WARNING] [Notificações] Canal fechado, reconectando... @ http://localhost:3000/_next/static/chunks/node_modules_next_dist_f3530cac._.js:2297
[55526198ms] [LOG] [Chat] Realtime conectado @ http://localhost:3000/_next/static/chunks/node_modules_next_dist_f3530cac._.js:2297
[55526204ms] [LOG] [Notificações] Realtime conectado @ http://localhost:3000/_next/static/chunks/node_modules_next_dist_f3530cac._.js:2297
[55529074ms] [WARNING] [Chat] Canal fechado, reconectando... @ http://localhost:3000/_next/static/chunks/node_modules_next_dist_f3530cac._.js:2297
[55529075ms] [WARNING] [Notificações] Canal fechado, reconectando... @ http://localhost:3000/_next/static/chunks/node_modules_next_dist_f3530cac._.js:2297
[55529205ms] [LOG] [Chat] Realtime conectado @ http://localhost:3000/_next/static/chunks/node_modules_next_dist_f3530cac._.js:2297
[55529206ms] [LOG] [Notificações] Realtime conectado @ http://localhost:3000/_next/static/chunks/node_modules_next_dist_f3530cac._.js:2297
[55532075ms] [WARNING] [Chat] Canal fechado, reconectando... @ http://localhost:3000/_next/static/chunks/node_modules_next_dist_f3530cac._.js:2297
[55532076ms] [WARNING] [Notificações] Canal fechado, reconectando... @ http://localhost:3000/_next/static/chunks/node_modules_next_dist_f3530cac._.js:2297
[55532203ms] [LOG] [Chat] Realtime conectado @ http://localhost:3000/_next/static/chunks/node_modules_next_dist_f3530cac._.js:2297
[55532207ms] [LOG] [Notificações] Realtime conectado @ http://localhost:3000/_next/static/chunks/node_modules_next_dist_f3530cac._.js:2297
[55535079ms] [WARNING] [Chat] Canal fechado, reconectando... @ http://localhost:3000/_next/static/chunks/node_modules_next_dist_f3530cac._.js:2297
[55535080ms] [WARNING] [Notificações] Canal fechado, reconectando... @ http://localhost:3000/_next/static/chunks/node_modules_next_dist_f3530cac._.js:2297
[55535209ms] [LOG] [Chat] Realtime conectado @ http://localhost:3000/_next/static/chunks/node_modules_next_dist_f3530cac._.js:2297
[55535213ms] [LOG] [Notificações] Realtime conectado @ http://localhost:3000/_next/static/chunks/node_modules_next_dist_f3530cac._.js:2297
[55538091ms] [WARNING] [Chat] Canal fechado, reconectando... @ http://localhost:3000/_next/static/chunks/node_modules_next_dist_f3530cac._.js:2297
[55538092ms] [WARNING] [Notificações] Canal fechado, reconectando... @ http://localhost:3000/_next/static/chunks/node_modules_next_dist_f3530cac._.js:2297
[55538222ms] [LOG] [Chat] Realtime conectado @ http://localhost:3000/_next/static/chunks/node_modules_next_dist_f3530cac._.js:2297
[55538226ms] [LOG] [Notificações] Realtime conectado @ http://localhost:3000/_next/static/chunks/node_modules_next_dist_f3530cac._.js:2297
[55541096ms] [WARNING] [Chat] Canal fechado, reconectando... @ http://localhost:3000/_next/static/chunks/node_modules_next_dist_f3530cac._.js:2297
[55541097ms] [WARNING] [Notificações] Canal fechado, reconectando... @ http://localhost:3000/_next/static/chunks/node_modules_next_dist_f3530cac._.js:2297
[55541224ms] [LOG] [Chat] Realtime conectado @ http://localhost:3000/_next/static/chunks/node_modules_next_dist_f3530cac._.js:2297
[55541227ms] [LOG] [Notificações] Realtime conectado @ http://localhost:3000/_next/static/chunks/node_modules_next_dist_f3530cac._.js:2297
[55544101ms] [WARNING] [Chat] Canal fechado, reconectando... @ http://localhost:3000/_next/static/chunks/node_modules_next_dist_f3530cac._.js:2297
[55544102ms] [WARNING] [Notificações] Canal fechado, reconectando... @ http://localhost:3000/_next/static/chunks/node_modules_next_dist_f3530cac._.js:2297
[55544230ms] [LOG] [Chat] Realtime conectado @ http://localhost:3000/_next/static/chunks/node_modules_next_dist_f3530cac._.js:2297
[55544233ms] [LOG] [Notificações] Realtime conectado @ http://localhost:3000/_next/static/chunks/node_modules_next_dist_f3530cac._.js:2297
[55547104ms] [WARNING] [Chat] Canal fechado, reconectando... @ http://localhost:3000/_next/static/chunks/node_modules_next_dist_f3530cac._.js:2297
[55547105ms] [WARNING] [Notificações] Canal fechado, reconectando... @ http://localhost:3000/_next/static/chunks/node_modules_next_dist_f3530cac._.js:2297
[55547232ms] [LOG] [Chat] Realtime conectado @ http://localhost:3000/_next/static/chunks/node_modules_next_dist_f3530cac._.js:2297
[55547234ms] [LOG] [Notificações] Realtime conectado @ http://localhost:3000/_next/static/chunks/node_modules_next_dist_f3530cac._.js:2297
[55550113ms] [WARNING] [Chat] Canal fechado, reconectando... @ http://localhost:3000/_next/static/chunks/node_modules_next_dist_f3530cac._.js:2297
[55550113ms] [WARNING] [Notificações] Canal fechado, reconectando... @ http://localhost:3000/_next/static/chunks/node_modules_next_dist_f3530cac._.js:2297
[55550247ms] [LOG] [Chat] Realtime conectado @ http://localhost:3000/_next/static/chunks/node_modules_next_dist_f3530cac._.js:2297
[55550251ms] [LOG] [Notificações] Realtime conectado @ http://localhost:3000/_next/static/chunks/node_modules_next_dist_f3530cac._.js:2297
[55553118ms] [WARNING] [Chat] Canal fechado, reconectando... @ http://localhost:3000/_next/static/chunks/node_modules_next_dist_f3530cac._.js:2297
[55553118ms] [WARNING] [Notificações] Canal fechado, reconectando... @ http://localhost:3000/_next/static/chunks/node_modules_next_dist_f3530cac._.js:2297
[55553247ms] [LOG] [Chat] Realtime conectado @ http://localhost:3000/_next/static/chunks/node_modules_next_dist_f3530cac._.js:2297
[55553255ms] [LOG] [Notificações] Realtime conectado @ http://localhost:3000/_next/static/chunks/node_modules_next_dist_f3530cac._.js:2297
[55556127ms] [WARNING] [Chat] Canal fechado, reconectando... @ http://localhost:3000/_next/static/chunks/node_modules_next_dist_f3530cac._.js:2297
[55556129ms] [WARNING] [Notificações] Canal fechado, reconectando... @ http://localhost:3000/_next/static/chunks/node_modules_next_dist_f3530cac._.js:2297
[55556258ms] [LOG] [Chat] Realtime conectado @ http://localhost:3000/_next/static/chunks/node_modules_next_dist_f3530cac._.js:2297
[55556263ms] [LOG] [Notificações] Realtime conectado @ http://localhost:3000/_next/static/chunks/node_modules_next_dist_f3530cac._.js:2297
[55559129ms] [WARNING] [Chat] Canal fechado, reconectando... @ http://localhost:3000/_next/static/chunks/node_modules_next_dist_f3530cac._.js:2297
[55559130ms] [WARNING] [Notificações] Canal fechado, reconectando... @ http://localhost:3000/_next/static/chunks/node_modules_next_dist_f3530cac._.js:2297
[55559263ms] [LOG] [Chat] Realtime conectado @ http://localhost:3000/_next/static/chunks/node_modules_next_dist_f3530cac._.js:2297
[55559263ms] [LOG] [Notificações] Realtime conectado @ http://localhost:3000/_next/static/chunks/node_modules_next_dist_f3530cac._.js:2297
[55562135ms] [WARNING] [Chat] Canal fechado, reconectando... @ http://localhost:3000/_next/static/chunks/node_modules_next_dist_f3530cac._.js:2297
[55562135ms] [WARNING] [Notificações] Canal fechado, reconectando... @ http://localhost:3000/_next/static/chunks/node_modules_next_dist_f3530cac._.js:2297
[55562266ms] [LOG] [Chat] Realtime conectado @ http://localhost:3000/_next/static/chunks/node_modules_next_dist_f3530cac._.js:2297
[55562269ms] [LOG] [Notificações] Realtime conectado @ http://localhost:3000/_next/static/chunks/node_modules_next_dist_f3530cac._.js:2297
[55565146ms] [WARNING] [Chat] Canal fechado, reconectando... @ http://localhost:3000/_next/static/chunks/node_modules_next_dist_f3530cac._.js:2297
[55565148ms] [WARNING] [Notificações] Canal fechado, reconectando... @ http://localhost:3000/_next/static/chunks/node_modules_next_dist_f3530cac._.js:2297
[55565331ms] [LOG] [Chat] Realtime conectado @ http://localhost:3000/_next/static/chunks/node_modules_next_dist_f3530cac._.js:2297
[55565331ms] [LOG] [Notificações] Realtime conectado @ http://localhost:3000/_next/static/chunks/node_modules_next_dist_f3530cac._.js:2297
[55568156ms] [WARNING] [Chat] Canal fechado, reconectando... @ http://localhost:3000/_next/static/chunks/node_modules_next_dist_f3530cac._.js:2297
[55568156ms] [WARNING] [Notificações] Canal fechado, reconectando... @ http://localhost:3000/_next/static/chunks/node_modules_next_dist_f3530cac._.js:2297
[55568285ms] [LOG] [Chat] Realtime conectado @ http://localhost:3000/_next/static/chunks/node_modules_next_dist_f3530cac._.js:2297
[55568289ms] [LOG] [Notificações] Realtime conectado @ http://localhost:3000/_next/static/chunks/node_modules_next_dist_f3530cac._.js:2297
[55571163ms] [WARNING] [Chat] Canal fechado, reconectando... @ http://localhost:3000/_next/static/chunks/node_modules_next_dist_f3530cac._.js:2297
[55571163ms] [WARNING] [Notificações] Canal fechado, reconectando... @ http://localhost:3000/_next/static/chunks/node_modules_next_dist_f3530cac._.js:2297
[55571296ms] [LOG] [Chat] Realtime conectado @ http://localhost:3000/_next/static/chunks/node_modules_next_dist_f3530cac._.js:2297
[55571300ms] [LOG] [Notificações] Realtime conectado @ http://localhost:3000/_next/static/chunks/node_modules_next_dist_f3530cac._.js:2297
[55574177ms] [WARNING] [Chat] Canal fechado, reconectando... @ http://localhost:3000/_next/static/chunks/node_modules_next_dist_f3530cac._.js:2297
[55574178ms] [WARNING] [Notificações] Canal fechado, reconectando... @ http://localhost:3000/_next/static/chunks/node_modules_next_dist_f3530cac._.js:2297
[55574309ms] [LOG] [Chat] Realtime conectado @ http://localhost:3000/_next/static/chunks/node_modules_next_dist_f3530cac._.js:2297
[55574315ms] [LOG] [Notificações] Realtime conectado @ http://localhost:3000/_next/static/chunks/node_modules_next_dist_f3530cac._.js:2297
[55577179ms] [WARNING] [Chat] Canal fechado, reconectando... @ http://localhost:3000/_next/static/chunks/node_modules_next_dist_f3530cac._.js:2297
[55577180ms] [WARNING] [Notificações] Canal fechado, reconectando... @ http://localhost:3000/_next/static/chunks/node_modules_next_dist_f3530cac._.js:2297
[55577309ms] [LOG] [Chat] Realtime conectado @ http://localhost:3000/_next/static/chunks/node_modules_next_dist_f3530cac._.js:2297
[55577313ms] [LOG] [Notificações] Realtime conectado @ http://localhost:3000/_next/static/chunks/node_modules_next_dist_f3530cac._.js:2297
[55580191ms] [WARNING] [Chat] Canal fechado, reconectando... @ http://localhost:3000/_next/static/chunks/node_modules_next_dist_f3530cac._.js:2297
[55580192ms] [WARNING] [Notificações] Canal fechado, reconectando... @ http://localhost:3000/_next/static/chunks/node_modules_next_dist_f3530cac._.js:2297
[55580336ms] [LOG] [Chat] Realtime conectado @ http://localhost:3000/_next/static/chunks/node_modules_next_dist_f3530cac._.js:2297
[55580337ms] [LOG] [Notificações] Realtime conectado @ http://localhost:3000/_next/static/chunks/node_modules_next_dist_f3530cac._.js:2297
[55583195ms] [WARNING] [Chat] Canal fechado, reconectando... @ http://localhost:3000/_next/static/chunks/node_modules_next_dist_f3530cac._.js:2297
[55583195ms] [WARNING] [Notificações] Canal fechado, reconectando... @ http://localhost:3000/_next/static/chunks/node_modules_next_dist_f3530cac._.js:2297
[55583345ms] [LOG] [Chat] Realtime conectado @ http://localhost:3000/_next/static/chunks/node_modules_next_dist_f3530cac._.js:2297
[55583346ms] [LOG] [Notificações] Realtime conectado @ http://localhost:3000/_next/static/chunks/node_modules_next_dist_f3530cac._.js:2297
[55586196ms] [WARNING] [Chat] Canal fechado, reconectando... @ http://localhost:3000/_next/static/chunks/node_modules_next_dist_f3530cac._.js:2297
[55586196ms] [WARNING] [Notificações] Canal fechado, reconectando... @ http://localhost:3000/_next/static/chunks/node_modules_next_dist_f3530cac._.js:2297
[55586350ms] [LOG] [Chat] Realtime conectado @ http://localhost:3000/_next/static/chunks/node_modules_next_dist_f3530cac._.js:2297
[55586350ms] [LOG] [Notificações] Realtime conectado @ http://localhost:3000/_next/static/chunks/node_modules_next_dist_f3530cac._.js:2297
[55589197ms] [WARNING] [Chat] Canal fechado, reconectando... @ http://localhost:3000/_next/static/chunks/node_modules_next_dist_f3530cac._.js:2297
[55589197ms] [WARNING] [Notificações] Canal fechado, reconectando... @ http://localhost:3000/_next/static/chunks/node_modules_next_dist_f3530cac._.js:2297
[55589328ms] [LOG] [Chat] Realtime conectado @ http://localhost:3000/_next/static/chunks/node_modules_next_dist_f3530cac._.js:2297
[55589333ms] [LOG] [Notificações] Realtime conectado @ http://localhost:3000/_next/static/chunks/node_modules_next_dist_f3530cac._.js:2297
[55592206ms] [WARNING] [Chat] Canal fechado, reconectando... @ http://localhost:3000/_next/static/chunks/node_modules_next_dist_f3530cac._.js:2297
[55592207ms] [WARNING] [Notificações] Canal fechado, reconectando... @ http://localhost:3000/_next/static/chunks/node_modules_next_dist_f3530cac._.js:2297
[55592338ms] [LOG] [Chat] Realtime conectado @ http://localhost:3000/_next/static/chunks/node_modules_next_dist_f3530cac._.js:2297
[55592342ms] [LOG] [Notificações] Realtime conectado @ http://localhost:3000/_next/static/chunks/node_modules_next_dist_f3530cac._.js:2297
[55595212ms] [WARNING] [Chat] Canal fechado, reconectando... @ http://localhost:3000/_next/static/chunks/node_modules_next_dist_f3530cac._.js:2297
[55595212ms] [WARNING] [Notificações] Canal fechado, reconectando... @ http://localhost:3000/_next/static/chunks/node_modules_next_dist_f3530cac._.js:2297
[55595343ms] [LOG] [Chat] Realtime conectado @ http://localhost:3000/_next/static/chunks/node_modules_next_dist_f3530cac._.js:2297
[55595347ms] [LOG] [Notificações] Realtime conectado @ http://localhost:3000/_next/static/chunks/node_modules_next_dist_f3530cac._.js:2297
[55598213ms] [WARNING] [Chat] Canal fechado, reconectando... @ http://localhost:3000/_next/static/chunks/node_modules_next_dist_f3530cac._.js:2297
[55598214ms] [WARNING] [Notificações] Canal fechado, reconectando... @ http://localhost:3000/_next/static/chunks/node_modules_next_dist_f3530cac._.js:2297
[55598343ms] [LOG] [Chat] Realtime conectado @ http://localhost:3000/_next/static/chunks/node_modules_next_dist_f3530cac._.js:2297
[55598347ms] [LOG] [Notificações] Realtime conectado @ http://localhost:3000/_next/static/chunks/node_modules_next_dist_f3530cac._.js:2297
[55601223ms] [WARNING] [Chat] Canal fechado, reconectando... @ http://localhost:3000/_next/static/chunks/node_modules_next_dist_f3530cac._.js:2297
[55601223ms] [WARNING] [Notificações] Canal fechado, reconectando... @ http://localhost:3000/_next/static/chunks/node_modules_next_dist_f3530cac._.js:2297
[55601353ms] [LOG] [Chat] Realtime conectado @ http://localhost:3000/_next/static/chunks/node_modules_next_dist_f3530cac._.js:2297
[55601355ms] [LOG] [Notificações] Realtime conectado @ http://localhost:3000/_next/static/chunks/node_modules_next_dist_f3530cac._.js:2297
[55604228ms] [WARNING] [Chat] Canal fechado, reconectando... @ http://localhost:3000/_next/static/chunks/node_modules_next_dist_f3530cac._.js:2297
[55604229ms] [WARNING] [Notificações] Canal fechado, reconectando... @ http://localhost:3000/_next/static/chunks/node_modules_next_dist_f3530cac._.js:2297
[55604361ms] [LOG] [Chat] Realtime conectado @ http://localhost:3000/_next/static/chunks/node_modules_next_dist_f3530cac._.js:2297
[55604365ms] [LOG] [Notificações] Realtime conectado @ http://localhost:3000/_next/static/chunks/node_modules_next_dist_f3530cac._.js:2297
[55607242ms] [WARNING] [Chat] Canal fechado, reconectando... @ http://localhost:3000/_next/static/chunks/node_modules_next_dist_f3530cac._.js:2297
[55607243ms] [WARNING] [Notificações] Canal fechado, reconectando... @ http://localhost:3000/_next/static/chunks/node_modules_next_dist_f3530cac._.js:2297
[55607374ms] [LOG] [Chat] Realtime conectado @ http://localhost:3000/_next/static/chunks/node_modules_next_dist_f3530cac._.js:2297
[55607378ms] [LOG] [Notificações] Realtime conectado @ http://localhost:3000/_next/static/chunks/node_modules_next_dist_f3530cac._.js:2297
[55610246ms] [WARNING] [Chat] Canal fechado, reconectando... @ http://localhost:3000/_next/static/chunks/node_modules_next_dist_f3530cac._.js:2297
[55610247ms] [WARNING] [Notificações] Canal fechado, reconectando... @ http://localhost:3000/_next/static/chunks/node_modules_next_dist_f3530cac._.js:2297
[55610378ms] [LOG] [Chat] Realtime conectado @ http://localhost:3000/_next/static/chunks/node_modules_next_dist_f3530cac._.js:2297
[55610380ms] [LOG] [Notificações] Realtime conectado @ http://localhost:3000/_next/static/chunks/node_modules_next_dist_f3530cac._.js:2297
[55613250ms] [WARNING] [Chat] Canal fechado, reconectando... @ http://localhost:3000/_next/static/chunks/node_modules_next_dist_f3530cac._.js:2297
[55613251ms] [WARNING] [Notificações] Canal fechado, reconectando... @ http://localhost:3000/_next/static/chunks/node_modules_next_dist_f3530cac._.js:2297
[55613380ms] [LOG] [Chat] Realtime conectado @ http://localhost:3000/_next/static/chunks/node_modules_next_dist_f3530cac._.js:2297
[55613392ms] [LOG] [Notificações] Realtime conectado @ http://localhost:3000/_next/static/chunks/node_modules_next_dist_f3530cac._.js:2297
[55616254ms] [WARNING] [Chat] Canal fechado, reconectando... @ http://localhost:3000/_next/static/chunks/node_modules_next_dist_f3530cac._.js:2297
[55616254ms] [WARNING] [Notificações] Canal fechado, reconectando... @ http://localhost:3000/_next/static/chunks/node_modules_next_dist_f3530cac._.js:2297
[55616387ms] [LOG] [Chat] Realtime conectado @ http://localhost:3000/_next/static/chunks/node_modules_next_dist_f3530cac._.js:2297
[55616388ms] [LOG] [Notificações] Realtime conectado @ http://localhost:3000/_next/static/chunks/node_modules_next_dist_f3530cac._.js:2297
[55619262ms] [WARNING] [Chat] Canal fechado, reconectando... @ http://localhost:3000/_next/static/chunks/node_modules_next_dist_f3530cac._.js:2297
[55619262ms] [WARNING] [Notificações] Canal fechado, reconectando... @ http://localhost:3000/_next/static/chunks/node_modules_next_dist_f3530cac._.js:2297
[55619405ms] [LOG] [Chat] Realtime conectado @ http://localhost:3000/_next/static/chunks/node_modules_next_dist_f3530cac._.js:2297
[55619412ms] [LOG] [Notificações] Realtime conectado @ http://localhost:3000/_next/static/chunks/node_modules_next_dist_f3530cac._.js:2297
[55622275ms] [WARNING] [Chat] Canal fechado, reconectando... @ http://localhost:3000/_next/static/chunks/node_modules_next_dist_f3530cac._.js:2297
[55622275ms] [WARNING] [Notificações] Canal fechado, reconectando... @ http://localhost:3000/_next/static/chunks/node_modules_next_dist_f3530cac._.js:2297
[55622404ms] [LOG] [Chat] Realtime conectado @ http://localhost:3000/_next/static/chunks/node_modules_next_dist_f3530cac._.js:2297
[55622408ms] [LOG] [Notificações] Realtime conectado @ http://localhost:3000/_next/static/chunks/node_modules_next_dist_f3530cac._.js:2297
[55625279ms] [WARNING] [Chat] Canal fechado, reconectando... @ http://localhost:3000/_next/static/chunks/node_modules_next_dist_f3530cac._.js:2297
[55625280ms] [WARNING] [Notificações] Canal fechado, reconectando... @ http://localhost:3000/_next/static/chunks/node_modules_next_dist_f3530cac._.js:2297
[55625429ms] [LOG] [Chat] Realtime conectado @ http://localhost:3000/_next/static/chunks/node_modules_next_dist_f3530cac._.js:2297
[55625430ms] [LOG] [Notificações] Realtime conectado @ http://localhost:3000/_next/static/chunks/node_modules_next_dist_f3530cac._.js:2297
[55628279ms] [WARNING] [Chat] Canal fechado, reconectando... @ http://localhost:3000/_next/static/chunks/node_modules_next_dist_f3530cac._.js:2297
[55628280ms] [WARNING] [Notificações] Canal fechado, reconectando... @ http://localhost:3000/_next/static/chunks/node_modules_next_dist_f3530cac._.js:2297
[55628418ms] [LOG] [Chat] Realtime conectado @ http://localhost:3000/_next/static/chunks/node_modules_next_dist_f3530cac._.js:2297
[55628419ms] [LOG] [Notificações] Realtime conectado @ http://localhost:3000/_next/static/chunks/node_modules_next_dist_f3530cac._.js:2297
[55631285ms] [WARNING] [Chat] Canal fechado, reconectando... @ http://localhost:3000/_next/static/chunks/node_modules_next_dist_f3530cac._.js:2297
[55631285ms] [WARNING] [Notificações] Canal fechado, reconectando... @ http://localhost:3000/_next/static/chunks/node_modules_next_dist_f3530cac._.js:2297
[55631434ms] [LOG] [Chat] Realtime conectado @ http://localhost:3000/_next/static/chunks/node_modules_next_dist_f3530cac._.js:2297
[55631438ms] [LOG] [Notificações] Realtime conectado @ http://localhost:3000/_next/static/chunks/node_modules_next_dist_f3530cac._.js:2297
[55634292ms] [WARNING] [Chat] Canal fechado, reconectando... @ http://localhost:3000/_next/static/chunks/node_modules_next_dist_f3530cac._.js:2297
[55634293ms] [WARNING] [Notificações] Canal fechado, reconectando... @ http://localhost:3000/_next/static/chunks/node_modules_next_dist_f3530cac._.js:2297
[55634434ms] [LOG] [Chat] Realtime conectado @ http://localhost:3000/_next/static/chunks/node_modules_next_dist_f3530cac._.js:2297
[55634437ms] [LOG] [Notificações] Realtime conectado @ http://localhost:3000/_next/static/chunks/node_modules_next_dist_f3530cac._.js:2297
[55637294ms] [WARNING] [Chat] Canal fechado, reconectando... @ http://localhost:3000/_next/static/chunks/node_modules_next_dist_f3530cac._.js:2297
[55637295ms] [WARNING] [Notificações] Canal fechado, reconectando... @ http://localhost:3000/_next/static/chunks/node_modules_next_dist_f3530cac._.js:2297
[55637485ms] [LOG] [Chat] Realtime conectado @ http://localhost:3000/_next/static/chunks/node_modules_next_dist_f3530cac._.js:2297
[55637486ms] [LOG] [Notificações] Realtime conectado @ http://localhost:3000/_next/static/chunks/node_modules_next_dist_f3530cac._.js:2297
[55640295ms] [WARNING] [Chat] Canal fechado, reconectando... @ http://localhost:3000/_next/static/chunks/node_modules_next_dist_f3530cac._.js:2297
[55640296ms] [WARNING] [Notificações] Canal fechado, reconectando... @ http://localhost:3000/_next/static/chunks/node_modules_next_dist_f3530cac._.js:2297
[55640429ms] [LOG] [Chat] Realtime conectado @ http://localhost:3000/_next/static/chunks/node_modules_next_dist_f3530cac._.js:2297
[55640431ms] [LOG] [Notificações] Realtime conectado @ http://localhost:3000/_next/static/chunks/node_modules_next_dist_f3530cac._.js:2297
[55643299ms] [WARNING] [Chat] Canal fechado, reconectando... @ http://localhost:3000/_next/static/chunks/node_modules_next_dist_f3530cac._.js:2297
[55643300ms] [WARNING] [Notificações] Canal fechado, reconectando... @ http://localhost:3000/_next/static/chunks/node_modules_next_dist_f3530cac._.js:2297
[55643429ms] [LOG] [Chat] Realtime conectado @ http://localhost:3000/_next/static/chunks/node_modules_next_dist_f3530cac._.js:2297
[55643430ms] [LOG] [Notificações] Realtime conectado @ http://localhost:3000/_next/static/chunks/node_modules_next_dist_f3530cac._.js:2297
[55646300ms] [WARNING] [Chat] Canal fechado, reconectando... @ http://localhost:3000/_next/static/chunks/node_modules_next_dist_f3530cac._.js:2297
[55646301ms] [WARNING] [Notificações] Canal fechado, reconectando... @ http://localhost:3000/_next/static/chunks/node_modules_next_dist_f3530cac._.js:2297
[55646432ms] [LOG] [Chat] Realtime conectado @ http://localhost:3000/_next/static/chunks/node_modules_next_dist_f3530cac._.js:2297
[55646435ms] [LOG] [Notificações] Realtime conectado @ http://localhost:3000/_next/static/chunks/node_modules_next_dist_f3530cac._.js:2297
[55649307ms] [WARNING] [Chat] Canal fechado, reconectando... @ http://localhost:3000/_next/static/chunks/node_modules_next_dist_f3530cac._.js:2297
[55649308ms] [WARNING] [Notificações] Canal fechado, reconectando... @ http://localhost:3000/_next/static/chunks/node_modules_next_dist_f3530cac._.js:2297
[55649491ms] [LOG] [Chat] Realtime conectado @ http://localhost:3000/_next/static/chunks/node_modules_next_dist_f3530cac._.js:2297
[55649495ms] [LOG] [Notificações] Realtime conectado @ http://localhost:3000/_next/static/chunks/node_modules_next_dist_f3530cac._.js:2297
[55652313ms] [WARNING] [Chat] Canal fechado, reconectando... @ http://localhost:3000/_next/static/chunks/node_modules_next_dist_f3530cac._.js:2297
[55652313ms] [WARNING] [Notificações] Canal fechado, reconectando... @ http://localhost:3000/_next/static/chunks/node_modules_next_dist_f3530cac._.js:2297
[55652442ms] [LOG] [Chat] Realtime conectado @ http://localhost:3000/_next/static/chunks/node_modules_next_dist_f3530cac._.js:2297
[55652447ms] [LOG] [Notificações] Realtime conectado @ http://localhost:3000/_next/static/chunks/node_modules_next_dist_f3530cac._.js:2297
[55655328ms] [WARNING] [Chat] Canal fechado, reconectando... @ http://localhost:3000/_next/static/chunks/node_modules_next_dist_f3530cac._.js:2297
[55655329ms] [WARNING] [Notificações] Canal fechado, reconectando... @ http://localhost:3000/_next/static/chunks/node_modules_next_dist_f3530cac._.js:2297
[55655462ms] [LOG] [Chat] Realtime conectado @ http://localhost:3000/_next/static/chunks/node_modules_next_dist_f3530cac._.js:2297
[55655463ms] [LOG] [Notificações] Realtime conectado @ http://localhost:3000/_next/static/chunks/node_modules_next_dist_f3530cac._.js:2297
[55658336ms] [WARNING] [Chat] Canal fechado, reconectando... @ http://localhost:3000/_next/static/chunks/node_modules_next_dist_f3530cac._.js:2297
[55658337ms] [WARNING] [Notificações] Canal fechado, reconectando... @ http://localhost:3000/_next/static/chunks/node_modules_next_dist_f3530cac._.js:2297
[55658466ms] [LOG] [Chat] Realtime conectado @ http://localhost:3000/_next/static/chunks/node_modules_next_dist_f3530cac._.js:2297
[55658468ms] [LOG] [Notificações] Realtime conectado @ http://localhost:3000/_next/static/chunks/node_modules_next_dist_f3530cac._.js:2297
[55661345ms] [WARNING] [Chat] Canal fechado, reconectando... @ http://localhost:3000/_next/static/chunks/node_modules_next_dist_f3530cac._.js:2297
[55661346ms] [WARNING] [Notificações] Canal fechado, reconectando... @ http://localhost:3000/_next/static/chunks/node_modules_next_dist_f3530cac._.js:2297
[55661479ms] [LOG] [Chat] Realtime conectado @ http://localhost:3000/_next/static/chunks/node_modules_next_dist_f3530cac._.js:2297
[55661482ms] [LOG] [Notificações] Realtime conectado @ http://localhost:3000/_next/static/chunks/node_modules_next_dist_f3530cac._.js:2297
[55664350ms] [WARNING] [Chat] Canal fechado, reconectando... @ http://localhost:3000/_next/static/chunks/node_modules_next_dist_f3530cac._.js:2297
[55664351ms] [WARNING] [Notificações] Canal fechado, reconectando... @ http://localhost:3000/_next/static/chunks/node_modules_next_dist_f3530cac._.js:2297
[55664482ms] [LOG] [Chat] Realtime conectado @ http://localhost:3000/_next/static/chunks/node_modules_next_dist_f3530cac._.js:2297
[55664487ms] [LOG] [Notificações] Realtime conectado @ http://localhost:3000/_next/static/chunks/node_modules_next_dist_f3530cac._.js:2297
[55667361ms] [WARNING] [Chat] Canal fechado, reconectando... @ http://localhost:3000/_next/static/chunks/node_modules_next_dist_f3530cac._.js:2297
[55667362ms] [WARNING] [Notificações] Canal fechado, reconectando... @ http://localhost:3000/_next/static/chunks/node_modules_next_dist_f3530cac._.js:2297
[55667490ms] [LOG] [Chat] Realtime conectado @ http://localhost:3000/_next/static/chunks/node_modules_next_dist_f3530cac._.js:2297
[55667493ms] [LOG] [Notificações] Realtime conectado @ http://localhost:3000/_next/static/chunks/node_modules_next_dist_f3530cac._.js:2297
[55670367ms] [WARNING] [Chat] Canal fechado, reconectando... @ http://localhost:3000/_next/static/chunks/node_modules_next_dist_f3530cac._.js:2297
[55670367ms] [WARNING] [Notificações] Canal fechado, reconectando... @ http://localhost:3000/_next/static/chunks/node_modules_next_dist_f3530cac._.js:2297
[55670499ms] [LOG] [Chat] Realtime conectado @ http://localhost:3000/_next/static/chunks/node_modules_next_dist_f3530cac._.js:2297
[55670501ms] [LOG] [Notificações] Realtime conectado @ http://localhost:3000/_next/static/chunks/node_modules_next_dist_f3530cac._.js:2297
[55673376ms] [WARNING] [Chat] Canal fechado, reconectando... @ http://localhost:3000/_next/static/chunks/node_modules_next_dist_f3530cac._.js:2297
[55673377ms] [WARNING] [Notificações] Canal fechado, reconectando... @ http://localhost:3000/_next/static/chunks/node_modules_next_dist_f3530cac._.js:2297
[55673505ms] [LOG] [Chat] Realtime conectado @ http://localhost:3000/_next/static/chunks/node_modules_next_dist_f3530cac._.js:2297
[55673507ms] [LOG] [Notificações] Realtime conectado @ http://localhost:3000/_next/static/chunks/node_modules_next_dist_f3530cac._.js:2297
[55676378ms] [WARNING] [Chat] Canal fechado, reconectando... @ http://localhost:3000/_next/static/chunks/node_modules_next_dist_f3530cac._.js:2297
[55676379ms] [WARNING] [Notificações] Canal fechado, reconectando... @ http://localhost:3000/_next/static/chunks/node_modules_next_dist_f3530cac._.js:2297
[55676512ms] [LOG] [Chat] Realtime conectado @ http://localhost:3000/_next/static/chunks/node_modules_next_dist_f3530cac._.js:2297
[55676513ms] [LOG] [Notificações] Realtime conectado @ http://localhost:3000/_next/static/chunks/node_modules_next_dist_f3530cac._.js:2297
[55679385ms] [WARNING] [Chat] Canal fechado, reconectando... @ http://localhost:3000/_next/static/chunks/node_modules_next_dist_f3530cac._.js:2297
[55679386ms] [WARNING] [Notificações] Canal fechado, reconectando... @ http://localhost:3000/_next/static/chunks/node_modules_next_dist_f3530cac._.js:2297
[55679516ms] [LOG] [Chat] Realtime conectado @ http://localhost:3000/_next/static/chunks/node_modules_next_dist_f3530cac._.js:2297
[55679518ms] [LOG] [Notificações] Realtime conectado @ http://localhost:3000/_next/static/chunks/node_modules_next_dist_f3530cac._.js:2297
[55682394ms] [WARNING] [Chat] Canal fechado, reconectando... @ http://localhost:3000/_next/static/chunks/node_modules_next_dist_f3530cac._.js:2297
[55682394ms] [WARNING] [Notificações] Canal fechado, reconectando... @ http://localhost:3000/_next/static/chunks/node_modules_next_dist_f3530cac._.js:2297
[55682524ms] [LOG] [Chat] Realtime conectado @ http://localhost:3000/_next/static/chunks/node_modules_next_dist_f3530cac._.js:2297
[55682528ms] [LOG] [Notificações] Realtime conectado @ http://localhost:3000/_next/static/chunks/node_modules_next_dist_f3530cac._.js:2297
[55685404ms] [WARNING] [Chat] Canal fechado, reconectando... @ http://localhost:3000/_next/static/chunks/node_modules_next_dist_f3530cac._.js:2297
[55685405ms] [WARNING] [Notificações] Canal fechado, reconectando... @ http://localhost:3000/_next/static/chunks/node_modules_next_dist_f3530cac._.js:2297
[55685533ms] [LOG] [Chat] Realtime conectado @ http://localhost:3000/_next/static/chunks/node_modules_next_dist_f3530cac._.js:2297
[55685536ms] [LOG] [Notificações] Realtime conectado @ http://localhost:3000/_next/static/chunks/node_modules_next_dist_f3530cac._.js:2297
[55688409ms] [WARNING] [Chat] Canal fechado, reconectando... @ http://localhost:3000/_next/static/chunks/node_modules_next_dist_f3530cac._.js:2297
[55688410ms] [WARNING] [Notificações] Canal fechado, reconectando... @ http://localhost:3000/_next/static/chunks/node_modules_next_dist_f3530cac._.js:2297
[55688541ms] [LOG] [Chat] Realtime conectado @ http://localhost:3000/_next/static/chunks/node_modules_next_dist_f3530cac._.js:2297
[55688542ms] [LOG] [Notificações] Realtime conectado @ http://localhost:3000/_next/static/chunks/node_modules_next_dist_f3530cac._.js:2297
[55691411ms] [WARNING] [Chat] Canal fechado, reconectando... @ http://localhost:3000/_next/static/chunks/node_modules_next_dist_f3530cac._.js:2297
[55691412ms] [WARNING] [Notificações] Canal fechado, reconectando... @ http://localhost:3000/_next/static/chunks/node_modules_next_dist_f3530cac._.js:2297
[55691539ms] [LOG] [Chat] Realtime conectado @ http://localhost:3000/_next/static/chunks/node_modules_next_dist_f3530cac._.js:2297
[55691543ms] [LOG] [Notificações] Realtime conectado @ http://localhost:3000/_next/static/chunks/node_modules_next_dist_f3530cac._.js:2297
[55694419ms] [WARNING] [Chat] Canal fechado, reconectando... @ http://localhost:3000/_next/static/chunks/node_modules_next_dist_f3530cac._.js:2297
[55694420ms] [WARNING] [Notificações] Canal fechado, reconectando... @ http://localhost:3000/_next/static/chunks/node_modules_next_dist_f3530cac._.js:2297
[55694555ms] [LOG] [Chat] Realtime conectado @ http://localhost:3000/_next/static/chunks/node_modules_next_dist_f3530cac._.js:2297
[55694558ms] [LOG] [Notificações] Realtime conectado @ http://localhost:3000/_next/static/chunks/node_modules_next_dist_f3530cac._.js:2297
[55697425ms] [WARNING] [Chat] Canal fechado, reconectando... @ http://localhost:3000/_next/static/chunks/node_modules_next_dist_f3530cac._.js:2297
[55697426ms] [WARNING] [Notificações] Canal fechado, reconectando... @ http://localhost:3000/_next/static/chunks/node_modules_next_dist_f3530cac._.js:2297
[55697557ms] [LOG] [Chat] Realtime conectado @ http://localhost:3000/_next/static/chunks/node_modules_next_dist_f3530cac._.js:2297
[55697561ms] [LOG] [Notificações] Realtime conectado @ http://localhost:3000/_next/static/chunks/node_modules_next_dist_f3530cac._.js:2297
[55700427ms] [WARNING] [Chat] Canal fechado, reconectando... @ http://localhost:3000/_next/static/chunks/node_modules_next_dist_f3530cac._.js:2297
[55700427ms] [WARNING] [Notificações] Canal fechado, reconectando... @ http://localhost:3000/_next/static/chunks/node_modules_next_dist_f3530cac._.js:2297
[55700563ms] [LOG] [Chat] Realtime conectado @ http://localhost:3000/_next/static/chunks/node_modules_next_dist_f3530cac._.js:2297
[55700564ms] [LOG] [Notificações] Realtime conectado @ http://localhost:3000/_next/static/chunks/node_modules_next_dist_f3530cac._.js:2297
[55703427ms] [WARNING] [Chat] Canal fechado, reconectando... @ http://localhost:3000/_next/static/chunks/node_modules_next_dist_f3530cac._.js:2297
[55703428ms] [WARNING] [Notificações] Canal fechado, reconectando... @ http://localhost:3000/_next/static/chunks/node_modules_next_dist_f3530cac._.js:2297
[55703558ms] [LOG] [Chat] Realtime conectado @ http://localhost:3000/_next/static/chunks/node_modules_next_dist_f3530cac._.js:2297
[55703562ms] [LOG] [Notificações] Realtime conectado @ http://localhost:3000/_next/static/chunks/node_modules_next_dist_f3530cac._.js:2297
[55706432ms] [WARNING] [Chat] Canal fechado, reconectando... @ http://localhost:3000/_next/static/chunks/node_modules_next_dist_f3530cac._.js:2297
[55706433ms] [WARNING] [Notificações] Canal fechado, reconectando... @ http://localhost:3000/_next/static/chunks/node_modules_next_dist_f3530cac._.js:2297
[55706565ms] [LOG] [Chat] Realtime conectado @ http://localhost:3000/_next/static/chunks/node_modules_next_dist_f3530cac._.js:2297
[55706569ms] [LOG] [Notificações] Realtime conectado @ http://localhost:3000/_next/static/chunks/node_modules_next_dist_f3530cac._.js:2297
[55709442ms] [WARNING] [Chat] Canal fechado, reconectando... @ http://localhost:3000/_next/static/chunks/node_modules_next_dist_f3530cac._.js:2297
[55709443ms] [WARNING] [Notificações] Canal fechado, reconectando... @ http://localhost:3000/_next/static/chunks/node_modules_next_dist_f3530cac._.js:2297
[55709571ms] [LOG] [Chat] Realtime conectado @ http://localhost:3000/_next/static/chunks/node_modules_next_dist_f3530cac._.js:2297
[55709574ms] [LOG] [Notificações] Realtime conectado @ http://localhost:3000/_next/static/chunks/node_modules_next_dist_f3530cac._.js:2297
[55712444ms] [WARNING] [Chat] Canal fechado, reconectando... @ http://localhost:3000/_next/static/chunks/node_modules_next_dist_f3530cac._.js:2297
[55712444ms] [WARNING] [Notificações] Canal fechado, reconectando... @ http://localhost:3000/_next/static/chunks/node_modules_next_dist_f3530cac._.js:2297
[55712573ms] [LOG] [Chat] Realtime conectado @ http://localhost:3000/_next/static/chunks/node_modules_next_dist_f3530cac._.js:2297
[55712577ms] [LOG] [Notificações] Realtime conectado @ http://localhost:3000/_next/static/chunks/node_modules_next_dist_f3530cac._.js:2297
[55715446ms] [WARNING] [Chat] Canal fechado, reconectando... @ http://localhost:3000/_next/static/chunks/node_modules_next_dist_f3530cac._.js:2297
[55715447ms] [WARNING] [Notificações] Canal fechado, reconectando... @ http://localhost:3000/_next/static/chunks/node_modules_next_dist_f3530cac._.js:2297
[55715574ms] [LOG] [Chat] Realtime conectado @ http://localhost:3000/_next/static/chunks/node_modules_next_dist_f3530cac._.js:2297
[55715578ms] [LOG] [Notificações] Realtime conectado @ http://localhost:3000/_next/static/chunks/node_modules_next_dist_f3530cac._.js:2297
[55718453ms] [WARNING] [Chat] Canal fechado, reconectando... @ http://localhost:3000/_next/static/chunks/node_modules_next_dist_f3530cac._.js:2297
[55718454ms] [WARNING] [Notificações] Canal fechado, reconectando... @ http://localhost:3000/_next/static/chunks/node_modules_next_dist_f3530cac._.js:2297
[55718583ms] [LOG] [Chat] Realtime conectado @ http://localhost:3000/_next/static/chunks/node_modules_next_dist_f3530cac._.js:2297
[55718584ms] [LOG] [Notificações] Realtime conectado @ http://localhost:3000/_next/static/chunks/node_modules_next_dist_f3530cac._.js:2297
[55721461ms] [WARNING] [Chat] Canal fechado, reconectando... @ http://localhost:3000/_next/static/chunks/node_modules_next_dist_f3530cac._.js:2297
[55721461ms] [WARNING] [Notificações] Canal fechado, reconectando... @ http://localhost:3000/_next/static/chunks/node_modules_next_dist_f3530cac._.js:2297
[55721591ms] [LOG] [Chat] Realtime conectado @ http://localhost:3000/_next/static/chunks/node_modules_next_dist_f3530cac._.js:2297
[55721595ms] [LOG] [Notificações] Realtime conectado @ http://localhost:3000/_next/static/chunks/node_modules_next_dist_f3530cac._.js:2297
[55724461ms] [WARNING] [Chat] Canal fechado, reconectando... @ http://localhost:3000/_next/static/chunks/node_modules_next_dist_f3530cac._.js:2297
[55724462ms] [WARNING] [Notificações] Canal fechado, reconectando... @ http://localhost:3000/_next/static/chunks/node_modules_next_dist_f3530cac._.js:2297
[55724595ms] [LOG] [Chat] Realtime conectado @ http://localhost:3000/_next/static/chunks/node_modules_next_dist_f3530cac._.js:2297
[55724598ms] [LOG] [Notificações] Realtime conectado @ http://localhost:3000/_next/static/chunks/node_modules_next_dist_f3530cac._.js:2297
[55727464ms] [WARNING] [Chat] Canal fechado, reconectando... @ http://localhost:3000/_next/static/chunks/node_modules_next_dist_f3530cac._.js:2297
[55727465ms] [WARNING] [Notificações] Canal fechado, reconectando... @ http://localhost:3000/_next/static/chunks/node_modules_next_dist_f3530cac._.js:2297
[55727595ms] [LOG] [Chat] Realtime conectado @ http://localhost:3000/_next/static/chunks/node_modules_next_dist_f3530cac._.js:2297
[55727600ms] [LOG] [Notificações] Realtime conectado @ http://localhost:3000/_next/static/chunks/node_modules_next_dist_f3530cac._.js:2297
[55730477ms] [WARNING] [Chat] Canal fechado, reconectando... @ http://localhost:3000/_next/static/chunks/node_modules_next_dist_f3530cac._.js:2297
[55730478ms] [WARNING] [Notificações] Canal fechado, reconectando... @ http://localhost:3000/_next/static/chunks/node_modules_next_dist_f3530cac._.js:2297
[55730611ms] [LOG] [Chat] Realtime conectado @ http://localhost:3000/_next/static/chunks/node_modules_next_dist_f3530cac._.js:2297
[55730612ms] [LOG] [Notificações] Realtime conectado @ http://localhost:3000/_next/static/chunks/node_modules_next_dist_f3530cac._.js:2297
[55733491ms] [WARNING] [Chat] Canal fechado, reconectando... @ http://localhost:3000/_next/static/chunks/node_modules_next_dist_f3530cac._.js:2297
[55733492ms] [WARNING] [Notificações] Canal fechado, reconectando... @ http://localhost:3000/_next/static/chunks/node_modules_next_dist_f3530cac._.js:2297
[55733622ms] [LOG] [Chat] Realtime conectado @ http://localhost:3000/_next/static/chunks/node_modules_next_dist_f3530cac._.js:2297
[55733646ms] [LOG] [Notificações] Realtime conectado @ http://localhost:3000/_next/static/chunks/node_modules_next_dist_f3530cac._.js:2297
[55736494ms] [WARNING] [Chat] Canal fechado, reconectando... @ http://localhost:3000/_next/static/chunks/node_modules_next_dist_f3530cac._.js:2297
[55736494ms] [WARNING] [Notificações] Canal fechado, reconectando... @ http://localhost:3000/_next/static/chunks/node_modules_next_dist_f3530cac._.js:2297
[55736627ms] [LOG] [Chat] Realtime conectado @ http://localhost:3000/_next/static/chunks/node_modules_next_dist_f3530cac._.js:2297
[55736628ms] [LOG] [Notificações] Realtime conectado @ http://localhost:3000/_next/static/chunks/node_modules_next_dist_f3530cac._.js:2297
[55739494ms] [WARNING] [Chat] Canal fechado, reconectando... @ http://localhost:3000/_next/static/chunks/node_modules_next_dist_f3530cac._.js:2297
[55739495ms] [WARNING] [Notificações] Canal fechado, reconectando... @ http://localhost:3000/_next/static/chunks/node_modules_next_dist_f3530cac._.js:2297
[55739628ms] [LOG] [Chat] Realtime conectado @ http://localhost:3000/_next/static/chunks/node_modules_next_dist_f3530cac._.js:2297
[55739631ms] [LOG] [Notificações] Realtime conectado @ http://localhost:3000/_next/static/chunks/node_modules_next_dist_f3530cac._.js:2297
[55742506ms] [WARNING] [Chat] Canal fechado, reconectando... @ http://localhost:3000/_next/static/chunks/node_modules_next_dist_f3530cac._.js:2297
[55742506ms] [WARNING] [Notificações] Canal fechado, reconectando... @ http://localhost:3000/_next/static/chunks/node_modules_next_dist_f3530cac._.js:2297
[55742635ms] [LOG] [Chat] Realtime conectado @ http://localhost:3000/_next/static/chunks/node_modules_next_dist_f3530cac._.js:2297
[55742636ms] [LOG] [Notificações] Realtime conectado @ http://localhost:3000/_next/static/chunks/node_modules_next_dist_f3530cac._.js:2297
[55745512ms] [WARNING] [Chat] Canal fechado, reconectando... @ http://localhost:3000/_next/static/chunks/node_modules_next_dist_f3530cac._.js:2297
[55745513ms] [WARNING] [Notificações] Canal fechado, reconectando... @ http://localhost:3000/_next/static/chunks/node_modules_next_dist_f3530cac._.js:2297
[55745641ms] [LOG] [Chat] Realtime conectado @ http://localhost:3000/_next/static/chunks/node_modules_next_dist_f3530cac._.js:2297
[55745648ms] [LOG] [Notificações] Realtime conectado @ http://localhost:3000/_next/static/chunks/node_modules_next_dist_f3530cac._.js:2297
[55748517ms] [WARNING] [Chat] Canal fechado, reconectando... @ http://localhost:3000/_next/static/chunks/node_modules_next_dist_f3530cac._.js:2297
[55748517ms] [WARNING] [Notificações] Canal fechado, reconectando... @ http://localhost:3000/_next/static/chunks/node_modules_next_dist_f3530cac._.js:2297
[55748645ms] [LOG] [Chat] Realtime conectado @ http://localhost:3000/_next/static/chunks/node_modules_next_dist_f3530cac._.js:2297
[55748648ms] [LOG] [Notificações] Realtime conectado @ http://localhost:3000/_next/static/chunks/node_modules_next_dist_f3530cac._.js:2297
[55751521ms] [WARNING] [Chat] Canal fechado, reconectando... @ http://localhost:3000/_next/static/chunks/node_modules_next_dist_f3530cac._.js:2297
[55751522ms] [WARNING] [Notificações] Canal fechado, reconectando... @ http://localhost:3000/_next/static/chunks/node_modules_next_dist_f3530cac._.js:2297
[55751652ms] [LOG] [Chat] Realtime conectado @ http://localhost:3000/_next/static/chunks/node_modules_next_dist_f3530cac._.js:2297
[55751656ms] [LOG] [Notificações] Realtime conectado @ http://localhost:3000/_next/static/chunks/node_modules_next_dist_f3530cac._.js:2297
[55754525ms] [WARNING] [Chat] Canal fechado, reconectando... @ http://localhost:3000/_next/static/chunks/node_modules_next_dist_f3530cac._.js:2297
[55754526ms] [WARNING] [Notificações] Canal fechado, reconectando... @ http://localhost:3000/_next/static/chunks/node_modules_next_dist_f3530cac._.js:2297
[55754653ms] [LOG] [Chat] Realtime conectado @ http://localhost:3000/_next/static/chunks/node_modules_next_dist_f3530cac._.js:2297
[55754655ms] [LOG] [Notificações] Realtime conectado @ http://localhost:3000/_next/static/chunks/node_modules_next_dist_f3530cac._.js:2297
[55757527ms] [WARNING] [Chat] Canal fechado, reconectando... @ http://localhost:3000/_next/static/chunks/node_modules_next_dist_f3530cac._.js:2297
[55757527ms] [WARNING] [Notificações] Canal fechado, reconectando... @ http://localhost:3000/_next/static/chunks/node_modules_next_dist_f3530cac._.js:2297
[55757656ms] [LOG] [Chat] Realtime conectado @ http://localhost:3000/_next/static/chunks/node_modules_next_dist_f3530cac._.js:2297
[55757660ms] [LOG] [Notificações] Realtime conectado @ http://localhost:3000/_next/static/chunks/node_modules_next_dist_f3530cac._.js:2297
[55759630ms] [LOG] [Fast Refresh] rebuilding @ http://localhost:3000/_next/static/chunks/node_modules_next_dist_f3530cac._.js:2297
[55759913ms] [LOG] [Fast Refresh] done in 394ms @ http://localhost:3000/_next/static/chunks/node_modules_next_dist_f3530cac._.js:2297
[55760529ms] [WARNING] [Chat] Canal fechado, reconectando... @ http://localhost:3000/_next/static/chunks/node_modules_next_dist_f3530cac._.js:2297
[55760529ms] [WARNING] [Notificações] Canal fechado, reconectando... @ http://localhost:3000/_next/static/chunks/node_modules_next_dist_f3530cac._.js:2297
[55760660ms] [LOG] [Chat] Realtime conectado @ http://localhost:3000/_next/static/chunks/node_modules_next_dist_f3530cac._.js:2297
[55760662ms] [LOG] [Notificações] Realtime conectado @ http://localhost:3000/_next/static/chunks/node_modules_next_dist_f3530cac._.js:2297
[55763539ms] [WARNING] [Chat] Canal fechado, reconectando... @ http://localhost:3000/_next/static/chunks/node_modules_next_dist_f3530cac._.js:2297
[55763540ms] [WARNING] [Notificações] Canal fechado, reconectando... @ http://localhost:3000/_next/static/chunks/node_modules_next_dist_f3530cac._.js:2297
[55763668ms] [LOG] [Chat] Realtime conectado @ http://localhost:3000/_next/static/chunks/node_modules_next_dist_f3530cac._.js:2297
[55763671ms] [LOG] [Notificações] Realtime conectado @ http://localhost:3000/_next/static/chunks/node_modules_next_dist_f3530cac._.js:2297
[55766540ms] [WARNING] [Chat] Canal fechado, reconectando... @ http://localhost:3000/_next/static/chunks/node_modules_next_dist_f3530cac._.js:2297
[55766540ms] [WARNING] [Notificações] Canal fechado, reconectando... @ http://localhost:3000/_next/static/chunks/node_modules_next_dist_f3530cac._.js:2297
[55766670ms] [LOG] [Chat] Realtime conectado @ http://localhost:3000/_next/static/chunks/node_modules_next_dist_f3530cac._.js:2297
[55766675ms] [LOG] [Notificações] Realtime conectado @ http://localhost:3000/_next/static/chunks/node_modules_next_dist_f3530cac._.js:2297
[55769544ms] [WARNING] [Chat] Canal fechado, reconectando... @ http://localhost:3000/_next/static/chunks/node_modules_next_dist_f3530cac._.js:2297
[55769544ms] [WARNING] [Notificações] Canal fechado, reconectando... @ http://localhost:3000/_next/static/chunks/node_modules_next_dist_f3530cac._.js:2297
[55769673ms] [LOG] [Chat] Realtime conectado @ http://localhost:3000/_next/static/chunks/node_modules_next_dist_f3530cac._.js:2297
[55769677ms] [LOG] [Notificações] Realtime conectado @ http://localhost:3000/_next/static/chunks/node_modules_next_dist_f3530cac._.js:2297
[55772544ms] [WARNING] [Chat] Canal fechado, reconectando... @ http://localhost:3000/_next/static/chunks/node_modules_next_dist_f3530cac._.js:2297
[55772545ms] [WARNING] [Notificações] Canal fechado, reconectando... @ http://localhost:3000/_next/static/chunks/node_modules_next_dist_f3530cac._.js:2297
[55772678ms] [LOG] [Chat] Realtime conectado @ http://localhost:3000/_next/static/chunks/node_modules_next_dist_f3530cac._.js:2297
[55772680ms] [LOG] [Notificações] Realtime conectado @ http://localhost:3000/_next/static/chunks/node_modules_next_dist_f3530cac._.js:2297
[55775549ms] [WARNING] [Chat] Canal fechado, reconectando... @ http://localhost:3000/_next/static/chunks/node_modules_next_dist_f3530cac._.js:2297
[55775550ms] [WARNING] [Notificações] Canal fechado, reconectando... @ http://localhost:3000/_next/static/chunks/node_modules_next_dist_f3530cac._.js:2297
[55775690ms] [LOG] [Chat] Realtime conectado @ http://localhost:3000/_next/static/chunks/node_modules_next_dist_f3530cac._.js:2297
[55775694ms] [LOG] [Notificações] Realtime conectado @ http://localhost:3000/_next/static/chunks/node_modules_next_dist_f3530cac._.js:2297
[55778554ms] [WARNING] [Chat] Canal fechado, reconectando... @ http://localhost:3000/_next/static/chunks/node_modules_next_dist_f3530cac._.js:2297
[55778555ms] [WARNING] [Notificações] Canal fechado, reconectando... @ http://localhost:3000/_next/static/chunks/node_modules_next_dist_f3530cac._.js:2297
[55778682ms] [LOG] [Chat] Realtime conectado @ http://localhost:3000/_next/static/chunks/node_modules_next_dist_f3530cac._.js:2297
[55778686ms] [LOG] [Notificações] Realtime conectado @ http://localhost:3000/_next/static/chunks/node_modules_next_dist_f3530cac._.js:2297
[55779591ms] [LOG] [Fast Refresh] rebuilding @ http://localhost:3000/_next/static/chunks/node_modules_next_dist_f3530cac._.js:2297
[55779658ms] [LOG] [Fast Refresh] done in 172ms @ http://localhost:3000/_next/static/chunks/node_modules_next_dist_f3530cac._.js:2297
[55779763ms] [LOG] [Fast Refresh] rebuilding @ http://localhost:3000/_next/static/chunks/node_modules_next_dist_f3530cac._.js:2297
[55779828ms] [LOG] [Fast Refresh] done in 165ms @ http://localhost:3000/_next/static/chunks/node_modules_next_dist_f3530cac._.js:2297
[55781562ms] [WARNING] [Chat] Canal fechado, reconectando... @ http://localhost:3000/_next/static/chunks/node_modules_next_dist_f3530cac._.js:2297
[55781563ms] [WARNING] [Notificações] Canal fechado, reconectando... @ http://localhost:3000/_next/static/chunks/node_modules_next_dist_f3530cac._.js:2297
[55781690ms] [LOG] [Chat] Realtime conectado @ http://localhost:3000/_next/static/chunks/node_modules_next_dist_f3530cac._.js:2297
[55781696ms] [LOG] [Notificações] Realtime conectado @ http://localhost:3000/_next/static/chunks/node_modules_next_dist_f3530cac._.js:2297
[55784578ms] [WARNING] [Chat] Canal fechado, reconectando... @ http://localhost:3000/_next/static/chunks/node_modules_next_dist_f3530cac._.js:2297
[55784578ms] [WARNING] [Notificações] Canal fechado, reconectando... @ http://localhost:3000/_next/static/chunks/node_modules_next_dist_f3530cac._.js:2297
[55784705ms] [LOG] [Chat] Realtime conectado @ http://localhost:3000/_next/static/chunks/node_modules_next_dist_f3530cac._.js:2297
[55784707ms] [LOG] [Notificações] Realtime conectado @ http://localhost:3000/_next/static/chunks/node_modules_next_dist_f3530cac._.js:2297
[55787594ms] [WARNING] [Chat] Canal fechado, reconectando... @ http://localhost:3000/_next/static/chunks/node_modules_next_dist_f3530cac._.js:2297
[55787594ms] [WARNING] [Notificações] Canal fechado, reconectando... @ http://localhost:3000/_next/static/chunks/node_modules_next_dist_f3530cac._.js:2297
[55787727ms] [LOG] [Chat] Realtime conectado @ http://localhost:3000/_next/static/chunks/node_modules_next_dist_f3530cac._.js:2297
[55787728ms] [LOG] [Notificações] Realtime conectado @ http://localhost:3000/_next/static/chunks/node_modules_next_dist_f3530cac._.js:2297
[55788945ms] [LOG] [Fast Refresh] rebuilding @ http://localhost:3000/_next/static/chunks/node_modules_next_dist_f3530cac._.js:2297
[55789227ms] [LOG] [Fast Refresh] done in 333ms @ http://localhost:3000/_next/static/chunks/node_modules_next_dist_f3530cac._.js:2297
[55789343ms] [LOG] [Fast Refresh] rebuilding @ http://localhost:3000/_next/static/chunks/node_modules_next_dist_f3530cac._.js:2297
[55789765ms] [LOG] [Fast Refresh] done in 525ms @ http://localhost:3000/_next/static/chunks/node_modules_next_dist_f3530cac._.js:2297
[55790607ms] [WARNING] [Chat] Canal fechado, reconectando... @ http://localhost:3000/_next/static/chunks/node_modules_next_dist_f3530cac._.js:2297
[55790608ms] [WARNING] [Notificações] Canal fechado, reconectando... @ http://localhost:3000/_next/static/chunks/node_modules_next_dist_f3530cac._.js:2297
[55790737ms] [LOG] [Chat] Realtime conectado @ http://localhost:3000/_next/static/chunks/node_modules_next_dist_f3530cac._.js:2297
[55790741ms] [LOG] [Notificações] Realtime conectado @ http://localhost:3000/_next/static/chunks/node_modules_next_dist_f3530cac._.js:2297
[55793609ms] [WARNING] [Chat] Canal fechado, reconectando... @ http://localhost:3000/_next/static/chunks/node_modules_next_dist_f3530cac._.js:2297
[55793610ms] [WARNING] [Notificações] Canal fechado, reconectando... @ http://localhost:3000/_next/static/chunks/node_modules_next_dist_f3530cac._.js:2297
[55793743ms] [LOG] [Chat] Realtime conectado @ http://localhost:3000/_next/static/chunks/node_modules_next_dist_f3530cac._.js:2297
[55793747ms] [LOG] [Notificações] Realtime conectado @ http://localhost:3000/_next/static/chunks/node_modules_next_dist_f3530cac._.js:2297
[55796611ms] [WARNING] [Chat] Canal fechado, reconectando... @ http://localhost:3000/_next/static/chunks/node_modules_next_dist_f3530cac._.js:2297
[55796612ms] [WARNING] [Notificações] Canal fechado, reconectando... @ http://localhost:3000/_next/static/chunks/node_modules_next_dist_f3530cac._.js:2297
[55796741ms] [LOG] [Chat] Realtime conectado @ http://localhost:3000/_next/static/chunks/node_modules_next_dist_f3530cac._.js:2297
[55796745ms] [LOG] [Notificações] Realtime conectado @ http://localhost:3000/_next/static/chunks/node_modules_next_dist_f3530cac._.js:2297
[55799625ms] [WARNING] [Chat] Canal fechado, reconectando... @ http://localhost:3000/_next/static/chunks/node_modules_next_dist_f3530cac._.js:2297
[55799627ms] [WARNING] [Notificações] Canal fechado, reconectando... @ http://localhost:3000/_next/static/chunks/node_modules_next_dist_f3530cac._.js:2297
[55799756ms] [LOG] [Chat] Realtime conectado @ http://localhost:3000/_next/static/chunks/node_modules_next_dist_f3530cac._.js:2297
[55799759ms] [LOG] [Notificações] Realtime conectado @ http://localhost:3000/_next/static/chunks/node_modules_next_dist_f3530cac._.js:2297
[55800837ms] [ERROR] Encountered two children with the same key, `%s`. Keys should be unique so that components maintain their identity across updates. Non-unique keys may cause children to be duplicated and/or omitted — the behavior is unsupported and could change in a future version. 5517746847|castro @ http://localhost:3000/_next/static/chunks/node_modules_next_dist_f3530cac._.js:3127
[55801233ms] [LOG] [Fast Refresh] rebuilding @ http://localhost:3000/_next/static/chunks/node_modules_next_dist_f3530cac._.js:2297
[55801234ms] [LOG] [Fast Refresh] done in 104ms @ http://localhost:3000/_next/static/chunks/node_modules_next_dist_f3530cac._.js:2297
[55802021ms] [LOG] [Fast Refresh] rebuilding @ http://localhost:3000/_next/static/chunks/node_modules_next_dist_f3530cac._.js:2297
[55802234ms] [LOG] [Fast Refresh] done in 300ms @ http://localhost:3000/_next/static/chunks/node_modules_next_dist_f3530cac._.js:2297
[55802626ms] [WARNING] [Chat] Canal fechado, reconectando... @ http://localhost:3000/_next/static/chunks/node_modules_next_dist_f3530cac._.js:2297
[55802634ms] [WARNING] [Notificações] Canal fechado, reconectando... @ http://localhost:3000/_next/static/chunks/node_modules_next_dist_f3530cac._.js:2297
[55802754ms] [LOG] [Chat] Realtime conectado @ http://localhost:3000/_next/static/chunks/node_modules_next_dist_f3530cac._.js:2297
[55802761ms] [LOG] [Notificações] Realtime conectado @ http://localhost:3000/_next/static/chunks/node_modules_next_dist_f3530cac._.js:2297
[55805627ms] [WARNING] [Chat] Canal fechado, reconectando... @ http://localhost:3000/_next/static/chunks/node_modules_next_dist_f3530cac._.js:2297
[55805638ms] [WARNING] [Notificações] Canal fechado, reconectando... @ http://localhost:3000/_next/static/chunks/node_modules_next_dist_f3530cac._.js:2297
[55805754ms] [LOG] [Chat] Realtime conectado @ http://localhost:3000/_next/static/chunks/node_modules_next_dist_f3530cac._.js:2297
[55805765ms] [LOG] [Notificações] Realtime conectado @ http://localhost:3000/_next/static/chunks/node_modules_next_dist_f3530cac._.js:2297
[55808640ms] [WARNING] [Chat] Canal fechado, reconectando... @ http://localhost:3000/_next/static/chunks/node_modules_next_dist_f3530cac._.js:2297
[55808640ms] [WARNING] [Notificações] Canal fechado, reconectando... @ http://localhost:3000/_next/static/chunks/node_modules_next_dist_f3530cac._.js:2297
[55808770ms] [LOG] [Chat] Realtime conectado @ http://localhost:3000/_next/static/chunks/node_modules_next_dist_f3530cac._.js:2297
[55808774ms] [LOG] [Notificações] Realtime conectado @ http://localhost:3000/_next/static/chunks/node_modules_next_dist_f3530cac._.js:2297
[55811642ms] [WARNING] [Chat] Canal fechado, reconectando... @ http://localhost:3000/_next/static/chunks/node_modules_next_dist_f3530cac._.js:2297
[55811643ms] [WARNING] [Notificações] Canal fechado, reconectando... @ http://localhost:3000/_next/static/chunks/node_modules_next_dist_f3530cac._.js:2297
[55811771ms] [LOG] [Chat] Realtime conectado @ http://localhost:3000/_next/static/chunks/node_modules_next_dist_f3530cac._.js:2297
[55811775ms] [LOG] [Notificações] Realtime conectado @ http://localhost:3000/_next/static/chunks/node_modules_next_dist_f3530cac._.js:2297
[55812645ms] [ERROR] Encountered two children with the same key, `%s`. Keys should be unique so that components maintain their identity across updates. Non-unique keys may cause children to be duplicated and/or omitted — the behavior is unsupported and could change in a future version. 5517746847|castro @ http://localhost:3000/_next/static/chunks/node_modules_next_dist_f3530cac._.js:3127
[55813696ms] [LOG] [Fast Refresh] rebuilding @ http://localhost:3000/_next/static/chunks/node_modules_next_dist_f3530cac._.js:2297
[55813899ms] [ERROR] Encountered two children with the same key, `%s`. Keys should be unique so that components maintain their identity across updates. Non-unique keys may cause children to be duplicated and/or omitted — the behavior is unsupported and could change in a future version. 5517746847|castro @ http://localhost:3000/_next/static/chunks/node_modules_next_dist_f3530cac._.js:3127
[55813937ms] [LOG] [Fast Refresh] done in 267ms @ http://localhost:3000/_next/static/chunks/node_modules_next_dist_f3530cac._.js:2297
[55814644ms] [WARNING] [Chat] Canal fechado, reconectando... @ http://localhost:3000/_next/static/chunks/node_modules_next_dist_f3530cac._.js:2297
[55814645ms] [WARNING] [Notificações] Canal fechado, reconectando... @ http://localhost:3000/_next/static/chunks/node_modules_next_dist_f3530cac._.js:2297
[55814783ms] [LOG] [Chat] Realtime conectado @ http://localhost:3000/_next/static/chunks/node_modules_next_dist_f3530cac._.js:2297
[55814788ms] [LOG] [Notificações] Realtime conectado @ http://localhost:3000/_next/static/chunks/node_modules_next_dist_f3530cac._.js:2297
[55817648ms] [WARNING] [Chat] Canal fechado, reconectando... @ http://localhost:3000/_next/static/chunks/node_modules_next_dist_f3530cac._.js:2297
[55817648ms] [WARNING] [Notificações] Canal fechado, reconectando... @ http://localhost:3000/_next/static/chunks/node_modules_next_dist_f3530cac._.js:2297
[55817776ms] [LOG] [Chat] Realtime conectado @ http://localhost:3000/_next/static/chunks/node_modules_next_dist_f3530cac._.js:2297
[55817778ms] [LOG] [Notificações] Realtime conectado @ http://localhost:3000/_next/static/chunks/node_modules_next_dist_f3530cac._.js:2297
[55820659ms] [WARNING] [Chat] Canal fechado, reconectando... @ http://localhost:3000/_next/static/chunks/node_modules_next_dist_f3530cac._.js:2297
[55820659ms] [WARNING] [Notificações] Canal fechado, reconectando... @ http://localhost:3000/_next/static/chunks/node_modules_next_dist_f3530cac._.js:2297
[55820788ms] [LOG] [Chat] Realtime conectado @ http://localhost:3000/_next/static/chunks/node_modules_next_dist_f3530cac._.js:2297
[55820797ms] [LOG] [Notificações] Realtime conectado @ http://localhost:3000/_next/static/chunks/node_modules_next_dist_f3530cac._.js:2297
[55823533ms] [LOG] [Fast Refresh] rebuilding @ http://localhost:3000/_next/static/chunks/node_modules_next_dist_f3530cac._.js:2297
[55823660ms] [WARNING] [Chat] Canal fechado, reconectando... @ http://localhost:3000/_next/static/chunks/node_modules_next_dist_f3530cac._.js:2297
[55823660ms] [WARNING] [Notificações] Canal fechado, reconectando... @ http://localhost:3000/_next/static/chunks/node_modules_next_dist_f3530cac._.js:2297
[55823721ms] [LOG] [Fast Refresh] done in 237ms @ http://localhost:3000/_next/static/chunks/node_modules_next_dist_f3530cac._.js:2297
[55823789ms] [LOG] [Chat] Realtime conectado @ http://localhost:3000/_next/static/chunks/node_modules_next_dist_f3530cac._.js:2297
[55823793ms] [LOG] [Notificações] Realtime conectado @ http://localhost:3000/_next/static/chunks/node_modules_next_dist_f3530cac._.js:2297
[55824814ms] [ERROR] Encountered two children with the same key, `%s`. Keys should be unique so that components maintain their identity across updates. Non-unique keys may cause children to be duplicated and/or omitted — the behavior is unsupported and could change in a future version. 5517746847|castro @ http://localhost:3000/_next/static/chunks/node_modules_next_dist_f3530cac._.js:3127
[55826660ms] [WARNING] [Chat] Canal fechado, reconectando... @ http://localhost:3000/_next/static/chunks/node_modules_next_dist_f3530cac._.js:2297
[55826677ms] [WARNING] [Notificações] Canal fechado, reconectando... @ http://localhost:3000/_next/static/chunks/node_modules_next_dist_f3530cac._.js:2297
[55826789ms] [LOG] [Chat] Realtime conectado @ http://localhost:3000/_next/static/chunks/node_modules_next_dist_f3530cac._.js:2297
[55826811ms] [LOG] [Notificações] Realtime conectado @ http://localhost:3000/_next/static/chunks/node_modules_next_dist_f3530cac._.js:2297
[55829667ms] [WARNING] [Chat] Canal fechado, reconectando... @ http://localhost:3000/_next/static/chunks/node_modules_next_dist_f3530cac._.js:2297
[55829682ms] [WARNING] [Notificações] Canal fechado, reconectando... @ http://localhost:3000/_next/static/chunks/node_modules_next_dist_f3530cac._.js:2297
[55829794ms] [LOG] [Chat] Realtime conectado @ http://localhost:3000/_next/static/chunks/node_modules_next_dist_f3530cac._.js:2297
[55829814ms] [LOG] [Notificações] Realtime conectado @ http://localhost:3000/_next/static/chunks/node_modules_next_dist_f3530cac._.js:2297
[55832676ms] [WARNING] [Chat] Canal fechado, reconectando... @ http://localhost:3000/_next/static/chunks/node_modules_next_dist_f3530cac._.js:2297
[55832693ms] [WARNING] [Notificações] Canal fechado, reconectando... @ http://localhost:3000/_next/static/chunks/node_modules_next_dist_f3530cac._.js:2297
[55832810ms] [LOG] [Chat] Realtime conectado @ http://localhost:3000/_next/static/chunks/node_modules_next_dist_f3530cac._.js:2297
[55832826ms] [LOG] [Notificações] Realtime conectado @ http://localhost:3000/_next/static/chunks/node_modules_next_dist_f3530cac._.js:2297
[55835396ms] [ERROR] Encountered two children with the same key, `%s`. Keys should be unique so that components maintain their identity across updates. Non-unique keys may cause children to be duplicated and/or omitted — the behavior is unsupported and could change in a future version. 5517746847|castro @ http://localhost:3000/_next/static/chunks/node_modules_next_dist_f3530cac._.js:3127
[55835677ms] [WARNING] [Chat] Canal fechado, reconectando... @ http://localhost:3000/_next/static/chunks/node_modules_next_dist_f3530cac._.js:2297
[55835701ms] [WARNING] [Notificações] Canal fechado, reconectando... @ http://localhost:3000/_next/static/chunks/node_modules_next_dist_f3530cac._.js:2297
[55835808ms] [LOG] [Chat] Realtime conectado @ http://localhost:3000/_next/static/chunks/node_modules_next_dist_f3530cac._.js:2297
[55835830ms] [LOG] [Notificações] Realtime conectado @ http://localhost:3000/_next/static/chunks/node_modules_next_dist_f3530cac._.js:2297
[55838077ms] [LOG] [Fast Refresh] rebuilding @ http://localhost:3000/_next/static/chunks/node_modules_next_dist_f3530cac._.js:2297
[55838298ms] [ERROR] Encountered two children with the same key, `%s`. Keys should be unique so that components maintain their identity across updates. Non-unique keys may cause children to be duplicated and/or omitted — the behavior is unsupported and could change in a future version. 5517746847|castro @ http://localhost:3000/_next/static/chunks/node_modules_next_dist_f3530cac._.js:3127
[55838350ms] [LOG] [Fast Refresh] done in 292ms @ http://localhost:3000/_next/static/chunks/node_modules_next_dist_f3530cac._.js:2297
[55838692ms] [WARNING] [Chat] Canal fechado, reconectando... @ http://localhost:3000/_next/static/chunks/node_modules_next_dist_f3530cac._.js:2297
[55838707ms] [WARNING] [Notificações] Canal fechado, reconectando... @ http://localhost:3000/_next/static/chunks/node_modules_next_dist_f3530cac._.js:2297
[55838821ms] [LOG] [Chat] Realtime conectado @ http://localhost:3000/_next/static/chunks/node_modules_next_dist_f3530cac._.js:2297
[55838842ms] [LOG] [Notificações] Realtime conectado @ http://localhost:3000/_next/static/chunks/node_modules_next_dist_f3530cac._.js:2297
[55841703ms] [WARNING] [Chat] Canal fechado, reconectando... @ http://localhost:3000/_next/static/chunks/node_modules_next_dist_f3530cac._.js:2297
[55841708ms] [WARNING] [Notificações] Canal fechado, reconectando... @ http://localhost:3000/_next/static/chunks/node_modules_next_dist_f3530cac._.js:2297
[55841834ms] [LOG] [Chat] Realtime conectado @ http://localhost:3000/_next/static/chunks/node_modules_next_dist_f3530cac._.js:2297
[55841836ms] [LOG] [Notificações] Realtime conectado @ http://localhost:3000/_next/static/chunks/node_modules_next_dist_f3530cac._.js:2297
[55844592ms] [LOG] [Fast Refresh] rebuilding @ http://localhost:3000/_next/static/chunks/node_modules_next_dist_f3530cac._.js:2297
[55844709ms] [WARNING] [Chat] Canal fechado, reconectando... @ http://localhost:3000/_next/static/chunks/node_modules_next_dist_f3530cac._.js:2297
[55844710ms] [WARNING] [Notificações] Canal fechado, reconectando... @ http://localhost:3000/_next/static/chunks/node_modules_next_dist_f3530cac._.js:2297
[55844852ms] [LOG] [Chat] Realtime conectado @ http://localhost:3000/_next/static/chunks/node_modules_next_dist_f3530cac._.js:2297
[55844853ms] [LOG] [Notificações] Realtime conectado @ http://localhost:3000/_next/static/chunks/node_modules_next_dist_f3530cac._.js:2297
[55844853ms] [LOG] [Fast Refresh] done in 334ms @ http://localhost:3000/_next/static/chunks/node_modules_next_dist_f3530cac._.js:2297
[55847720ms] [WARNING] [Chat] Canal fechado, reconectando... @ http://localhost:3000/_next/static/chunks/node_modules_next_dist_f3530cac._.js:2297
[55847721ms] [WARNING] [Notificações] Canal fechado, reconectando... @ http://localhost:3000/_next/static/chunks/node_modules_next_dist_f3530cac._.js:2297
[55847856ms] [LOG] [Chat] Realtime conectado @ http://localhost:3000/_next/static/chunks/node_modules_next_dist_f3530cac._.js:2297
[55847861ms] [LOG] [Notificações] Realtime conectado @ http://localhost:3000/_next/static/chunks/node_modules_next_dist_f3530cac._.js:2297
[55848977ms] [ERROR] Encountered two children with the same key, `%s`. Keys should be unique so that components maintain their identity across updates. Non-unique keys may cause children to be duplicated and/or omitted — the behavior is unsupported and could change in a future version. 5517746847|castro @ http://localhost:3000/_next/static/chunks/node_modules_next_dist_f3530cac._.js:3127
[55850302ms] [LOG] [Fast Refresh] rebuilding @ http://localhost:3000/_next/static/chunks/node_modules_next_dist_f3530cac._.js:2297
[55850452ms] [ERROR] Encountered two children with the same key, `%s`. Keys should be unique so that components maintain their identity across updates. Non-unique keys may cause children to be duplicated and/or omitted — the behavior is unsupported and could change in a future version. 5517746847|castro @ http://localhost:3000/_next/static/chunks/node_modules_next_dist_f3530cac._.js:3127
[55850498ms] [LOG] [Fast Refresh] done in 225ms @ http://localhost:3000/_next/static/chunks/node_modules_next_dist_f3530cac._.js:2297
[55850600ms] [LOG] [Fast Refresh] rebuilding @ http://localhost:3000/_next/static/chunks/node_modules_next_dist_f3530cac._.js:2297
[55850601ms] [LOG] [Fast Refresh] done in 102ms @ http://localhost:3000/_next/static/chunks/node_modules_next_dist_f3530cac._.js:2297
[55850725ms] [WARNING] [Chat] Canal fechado, reconectando... @ http://localhost:3000/_next/static/chunks/node_modules_next_dist_f3530cac._.js:2297
[55850726ms] [WARNING] [Notificações] Canal fechado, reconectando... @ http://localhost:3000/_next/static/chunks/node_modules_next_dist_f3530cac._.js:2297
[55850859ms] [LOG] [Chat] Realtime conectado @ http://localhost:3000/_next/static/chunks/node_modules_next_dist_f3530cac._.js:2297
[55850859ms] [LOG] [Notificações] Realtime conectado @ http://localhost:3000/_next/static/chunks/node_modules_next_dist_f3530cac._.js:2297
[55853731ms] [WARNING] [Chat] Canal fechado, reconectando... @ http://localhost:3000/_next/static/chunks/node_modules_next_dist_f3530cac._.js:2297
[55853732ms] [WARNING] [Notificações] Canal fechado, reconectando... @ http://localhost:3000/_next/static/chunks/node_modules_next_dist_f3530cac._.js:2297
[55853863ms] [LOG] [Chat] Realtime conectado @ http://localhost:3000/_next/static/chunks/node_modules_next_dist_f3530cac._.js:2297
[55853869ms] [LOG] [Notificações] Realtime conectado @ http://localhost:3000/_next/static/chunks/node_modules_next_dist_f3530cac._.js:2297
[55856739ms] [WARNING] [Chat] Canal fechado, reconectando... @ http://localhost:3000/_next/static/chunks/node_modules_next_dist_f3530cac._.js:2297
[55856739ms] [WARNING] [Notificações] Canal fechado, reconectando... @ http://localhost:3000/_next/static/chunks/node_modules_next_dist_f3530cac._.js:2297
[55856868ms] [LOG] [Chat] Realtime conectado @ http://localhost:3000/_next/static/chunks/node_modules_next_dist_f3530cac._.js:2297
[55856870ms] [LOG] [Notificações] Realtime conectado @ http://localhost:3000/_next/static/chunks/node_modules_next_dist_f3530cac._.js:2297
[55858722ms] [LOG] [Fast Refresh] rebuilding @ http://localhost:3000/_next/static/chunks/node_modules_next_dist_f3530cac._.js:2297
[55858895ms] [LOG] [Fast Refresh] done in 252ms @ http://localhost:3000/_next/static/chunks/node_modules_next_dist_f3530cac._.js:2297
[55859742ms] [WARNING] [Chat] Canal fechado, reconectando... @ http://localhost:3000/_next/static/chunks/node_modules_next_dist_f3530cac._.js:2297
[55859743ms] [WARNING] [Notificações] Canal fechado, reconectando... @ http://localhost:3000/_next/static/chunks/node_modules_next_dist_f3530cac._.js:2297
[55859833ms] [ERROR] Encountered two children with the same key, `%s`. Keys should be unique so that components maintain their identity across updates. Non-unique keys may cause children to be duplicated and/or omitted — the behavior is unsupported and could change in a future version. 5517746847|castro @ http://localhost:3000/_next/static/chunks/node_modules_next_dist_f3530cac._.js:3127
[55859928ms] [LOG] [Chat] Realtime conectado @ http://localhost:3000/_next/static/chunks/node_modules_next_dist_f3530cac._.js:2297
[55859935ms] [LOG] [Notificações] Realtime conectado @ http://localhost:3000/_next/static/chunks/node_modules_next_dist_f3530cac._.js:2297
[55859977ms] [LOG] [Fast Refresh] rebuilding @ http://localhost:3000/_next/static/chunks/node_modules_next_dist_f3530cac._.js:2297
[55860013ms] [LOG] [Fast Refresh] done in 142ms @ http://localhost:3000/_next/static/chunks/node_modules_next_dist_f3530cac._.js:2297
[55862743ms] [WARNING] [Chat] Canal fechado, reconectando... @ http://localhost:3000/_next/static/chunks/node_modules_next_dist_f3530cac._.js:2297
[55862744ms] [WARNING] [Notificações] Canal fechado, reconectando... @ http://localhost:3000/_next/static/chunks/node_modules_next_dist_f3530cac._.js:2297
[55862873ms] [LOG] [Chat] Realtime conectado @ http://localhost:3000/_next/static/chunks/node_modules_next_dist_f3530cac._.js:2297
[55862877ms] [LOG] [Notificações] Realtime conectado @ http://localhost:3000/_next/static/chunks/node_modules_next_dist_f3530cac._.js:2297
[55865201ms] [LOG] [Fast Refresh] rebuilding @ http://localhost:3000/_next/static/chunks/node_modules_next_dist_f3530cac._.js:2297
[55865398ms] [ERROR] Encountered two children with the same key, `%s`. Keys should be unique so that components maintain their identity across updates. Non-unique keys may cause children to be duplicated and/or omitted — the behavior is unsupported and could change in a future version. 5517746847|castro @ http://localhost:3000/_next/static/chunks/node_modules_next_dist_f3530cac._.js:3127
[55865439ms] [LOG] [Fast Refresh] done in 243ms @ http://localhost:3000/_next/static/chunks/node_modules_next_dist_f3530cac._.js:2297
[55865751ms] [WARNING] [Chat] Canal fechado, reconectando... @ http://localhost:3000/_next/static/chunks/node_modules_next_dist_f3530cac._.js:2297
[55865751ms] [WARNING] [Notificações] Canal fechado, reconectando... @ http://localhost:3000/_next/static/chunks/node_modules_next_dist_f3530cac._.js:2297
[55865881ms] [LOG] [Chat] Realtime conectado @ http://localhost:3000/_next/static/chunks/node_modules_next_dist_f3530cac._.js:2297
[55865884ms] [LOG] [Notificações] Realtime conectado @ http://localhost:3000/_next/static/chunks/node_modules_next_dist_f3530cac._.js:2297
[55868759ms] [WARNING] [Chat] Canal fechado, reconectando... @ http://localhost:3000/_next/static/chunks/node_modules_next_dist_f3530cac._.js:2297
[55868759ms] [WARNING] [Notificações] Canal fechado, reconectando... @ http://localhost:3000/_next/static/chunks/node_modules_next_dist_f3530cac._.js:2297
[55868889ms] [LOG] [Chat] Realtime conectado @ http://localhost:3000/_next/static/chunks/node_modules_next_dist_f3530cac._.js:2297
[55868893ms] [LOG] [Notificações] Realtime conectado @ http://localhost:3000/_next/static/chunks/node_modules_next_dist_f3530cac._.js:2297
[55870695ms] [ERROR] Encountered two children with the same key, `%s`. Keys should be unique so that components maintain their identity across updates. Non-unique keys may cause children to be duplicated and/or omitted — the behavior is unsupported and could change in a future version. 5517746847|castro @ http://localhost:3000/_next/static/chunks/node_modules_next_dist_f3530cac._.js:3127
[55871061ms] [LOG] [Fast Refresh] rebuilding @ http://localhost:3000/_next/static/chunks/node_modules_next_dist_f3530cac._.js:2297
[55871257ms] [ERROR] Encountered two children with the same key, `%s`. Keys should be unique so that components maintain their identity across updates. Non-unique keys may cause children to be duplicated and/or omitted — the behavior is unsupported and could change in a future version. 5517746847|castro @ http://localhost:3000/_next/static/chunks/node_modules_next_dist_f3530cac._.js:3127
[55871302ms] [LOG] [Fast Refresh] done in 267ms @ http://localhost:3000/_next/static/chunks/node_modules_next_dist_f3530cac._.js:2297
[55871762ms] [WARNING] [Chat] Canal fechado, reconectando... @ http://localhost:3000/_next/static/chunks/node_modules_next_dist_f3530cac._.js:2297
[55871763ms] [WARNING] [Notificações] Canal fechado, reconectando... @ http://localhost:3000/_next/static/chunks/node_modules_next_dist_f3530cac._.js:2297
[55871893ms] [LOG] [Chat] Realtime conectado @ http://localhost:3000/_next/static/chunks/node_modules_next_dist_f3530cac._.js:2297
[55871899ms] [LOG] [Notificações] Realtime conectado @ http://localhost:3000/_next/static/chunks/node_modules_next_dist_f3530cac._.js:2297
[55874769ms] [WARNING] [Chat] Canal fechado, reconectando... @ http://localhost:3000/_next/static/chunks/node_modules_next_dist_f3530cac._.js:2297
[55874769ms] [WARNING] [Notificações] Canal fechado, reconectando... @ http://localhost:3000/_next/static/chunks/node_modules_next_dist_f3530cac._.js:2297
[55874897ms] [LOG] [Chat] Realtime conectado @ http://localhost:3000/_next/static/chunks/node_modules_next_dist_f3530cac._.js:2297
[55874901ms] [LOG] [Notificações] Realtime conectado @ http://localhost:3000/_next/static/chunks/node_modules_next_dist_f3530cac._.js:2297
[55877771ms] [WARNING] [Chat] Canal fechado, reconectando... @ http://localhost:3000/_next/static/chunks/node_modules_next_dist_f3530cac._.js:2297
[55877771ms] [WARNING] [Notificações] Canal fechado, reconectando... @ http://localhost:3000/_next/static/chunks/node_modules_next_dist_f3530cac._.js:2297
[55877903ms] [LOG] [Chat] Realtime conectado @ http://localhost:3000/_next/static/chunks/node_modules_next_dist_f3530cac._.js:2297
[55877906ms] [LOG] [Notificações] Realtime conectado @ http://localhost:3000/_next/static/chunks/node_modules_next_dist_f3530cac._.js:2297
[55880776ms] [WARNING] [Chat] Canal fechado, reconectando... @ http://localhost:3000/_next/static/chunks/node_modules_next_dist_f3530cac._.js:2297
[55880778ms] [WARNING] [Notificações] Canal fechado, reconectando... @ http://localhost:3000/_next/static/chunks/node_modules_next_dist_f3530cac._.js:2297
[55880906ms] [LOG] [Chat] Realtime conectado @ http://localhost:3000/_next/static/chunks/node_modules_next_dist_f3530cac._.js:2297
[55880909ms] [LOG] [Notificações] Realtime conectado @ http://localhost:3000/_next/static/chunks/node_modules_next_dist_f3530cac._.js:2297
[55881325ms] [ERROR] Encountered two children with the same key, `%s`. Keys should be unique so that components maintain their identity across updates. Non-unique keys may cause children to be duplicated and/or omitted — the behavior is unsupported and could change in a future version. 5517746847|castro @ http://localhost:3000/_next/static/chunks/node_modules_next_dist_f3530cac._.js:3127
[55883778ms] [WARNING] [Chat] Canal fechado, reconectando... @ http://localhost:3000/_next/static/chunks/node_modules_next_dist_f3530cac._.js:2297
[55883794ms] [WARNING] [Notificações] Canal fechado, reconectando... @ http://localhost:3000/_next/static/chunks/node_modules_next_dist_f3530cac._.js:2297
[55883907ms] [LOG] [Chat] Realtime conectado @ http://localhost:3000/_next/static/chunks/node_modules_next_dist_f3530cac._.js:2297
[55883922ms] [LOG] [Notificações] Realtime conectado @ http://localhost:3000/_next/static/chunks/node_modules_next_dist_f3530cac._.js:2297
[55886778ms] [WARNING] [Chat] Canal fechado, reconectando... @ http://localhost:3000/_next/static/chunks/node_modules_next_dist_f3530cac._.js:2297
[55886796ms] [WARNING] [Notificações] Canal fechado, reconectando... @ http://localhost:3000/_next/static/chunks/node_modules_next_dist_f3530cac._.js:2297
[55886914ms] [LOG] [Chat] Realtime conectado @ http://localhost:3000/_next/static/chunks/node_modules_next_dist_f3530cac._.js:2297
[55886931ms] [LOG] [Notificações] Realtime conectado @ http://localhost:3000/_next/static/chunks/node_modules_next_dist_f3530cac._.js:2297
[55889794ms] [WARNING] [Chat] Canal fechado, reconectando... @ http://localhost:3000/_next/static/chunks/node_modules_next_dist_f3530cac._.js:2297
[55889811ms] [WARNING] [Notificações] Canal fechado, reconectando... @ http://localhost:3000/_next/static/chunks/node_modules_next_dist_f3530cac._.js:2297
[55889930ms] [LOG] [Chat] Realtime conectado @ http://localhost:3000/_next/static/chunks/node_modules_next_dist_f3530cac._.js:2297
[55889955ms] [LOG] [Notificações] Realtime conectado @ http://localhost:3000/_next/static/chunks/node_modules_next_dist_f3530cac._.js:2297
[55891408ms] [LOG] [Fast Refresh] rebuilding @ http://localhost:3000/_next/static/chunks/node_modules_next_dist_f3530cac._.js:2297
[55891534ms] [LOG] [Fast Refresh] done in 230ms @ http://localhost:3000/_next/static/chunks/node_modules_next_dist_f3530cac._.js:2297
[55891646ms] [LOG] [Fast Refresh] rebuilding @ http://localhost:3000/_next/static/chunks/node_modules_next_dist_f3530cac._.js:2297
[55891804ms] [LOG] [Fast Refresh] done in 264ms @ http://localhost:3000/_next/static/chunks/node_modules_next_dist_f3530cac._.js:2297
[55891852ms] [ERROR] Encountered two children with the same key, `%s`. Keys should be unique so that components maintain their identity across updates. Non-unique keys may cause children to be duplicated and/or omitted — the behavior is unsupported and could change in a future version. 5517746847|castro @ http://localhost:3000/_next/static/chunks/node_modules_next_dist_f3530cac._.js:3127
[55892794ms] [WARNING] [Chat] Canal fechado, reconectando... @ http://localhost:3000/_next/static/chunks/node_modules_next_dist_f3530cac._.js:2297
[55892812ms] [WARNING] [Notificações] Canal fechado, reconectando... @ http://localhost:3000/_next/static/chunks/node_modules_next_dist_f3530cac._.js:2297
[55892923ms] [LOG] [Chat] Realtime conectado @ http://localhost:3000/_next/static/chunks/node_modules_next_dist_f3530cac._.js:2297
[55892945ms] [LOG] [Notificações] Realtime conectado @ http://localhost:3000/_next/static/chunks/node_modules_next_dist_f3530cac._.js:2297
[55895805ms] [WARNING] [Chat] Canal fechado, reconectando... @ http://localhost:3000/_next/static/chunks/node_modules_next_dist_f3530cac._.js:2297
[55895820ms] [WARNING] [Notificações] Canal fechado, reconectando... @ http://localhost:3000/_next/static/chunks/node_modules_next_dist_f3530cac._.js:2297
[55895935ms] [LOG] [Chat] Realtime conectado @ http://localhost:3000/_next/static/chunks/node_modules_next_dist_f3530cac._.js:2297
[55895951ms] [LOG] [Notificações] Realtime conectado @ http://localhost:3000/_next/static/chunks/node_modules_next_dist_f3530cac._.js:2297
[55898810ms] [WARNING] [Chat] Canal fechado, reconectando... @ http://localhost:3000/_next/static/chunks/node_modules_next_dist_f3530cac._.js:2297
[55898828ms] [WARNING] [Notificações] Canal fechado, reconectando... @ http://localhost:3000/_next/static/chunks/node_modules_next_dist_f3530cac._.js:2297
[55898944ms] [LOG] [Chat] Realtime conectado @ http://localhost:3000/_next/static/chunks/node_modules_next_dist_f3530cac._.js:2297
[55898960ms] [LOG] [Notificações] Realtime conectado @ http://localhost:3000/_next/static/chunks/node_modules_next_dist_f3530cac._.js:2297
[55901811ms] [WARNING] [Chat] Canal fechado, reconectando... @ http://localhost:3000/_next/static/chunks/node_modules_next_dist_f3530cac._.js:2297
[55901830ms] [WARNING] [Notificações] Canal fechado, reconectando... @ http://localhost:3000/_next/static/chunks/node_modules_next_dist_f3530cac._.js:2297
[55901939ms] [LOG] [Chat] Realtime conectado @ http://localhost:3000/_next/static/chunks/node_modules_next_dist_f3530cac._.js:2297
[55901962ms] [LOG] [Notificações] Realtime conectado @ http://localhost:3000/_next/static/chunks/node_modules_next_dist_f3530cac._.js:2297
[55902691ms] [ERROR] Encountered two children with the same key, `%s`. Keys should be unique so that components maintain their identity across updates. Non-unique keys may cause children to be duplicated and/or omitted — the behavior is unsupported and could change in a future version. 5517746847|castro @ http://localhost:3000/_next/static/chunks/node_modules_next_dist_f3530cac._.js:3127
[55904820ms] [WARNING] [Chat] Canal fechado, reconectando... @ http://localhost:3000/_next/static/chunks/node_modules_next_dist_f3530cac._.js:2297
[55904835ms] [WARNING] [Notificações] Canal fechado, reconectando... @ http://localhost:3000/_next/static/chunks/node_modules_next_dist_f3530cac._.js:2297
[55904948ms] [LOG] [Chat] Realtime conectado @ http://localhost:3000/_next/static/chunks/node_modules_next_dist_f3530cac._.js:2297
[55904963ms] [LOG] [Notificações] Realtime conectado @ http://localhost:3000/_next/static/chunks/node_modules_next_dist_f3530cac._.js:2297
[55907831ms] [WARNING] [Chat] Canal fechado, reconectando... @ http://localhost:3000/_next/static/chunks/node_modules_next_dist_f3530cac._.js:2297
[55907840ms] [WARNING] [Notificações] Canal fechado, reconectando... @ http://localhost:3000/_next/static/chunks/node_modules_next_dist_f3530cac._.js:2297
[55907960ms] [LOG] [Chat] Realtime conectado @ http://localhost:3000/_next/static/chunks/node_modules_next_dist_f3530cac._.js:2297
[55907970ms] [LOG] [Notificações] Realtime conectado @ http://localhost:3000/_next/static/chunks/node_modules_next_dist_f3530cac._.js:2297
[55910846ms] [WARNING] [Chat] Canal fechado, reconectando... @ http://localhost:3000/_next/static/chunks/node_modules_next_dist_f3530cac._.js:2297
[55910847ms] [WARNING] [Notificações] Canal fechado, reconectando... @ http://localhost:3000/_next/static/chunks/node_modules_next_dist_f3530cac._.js:2297
[55910981ms] [LOG] [Chat] Realtime conectado @ http://localhost:3000/_next/static/chunks/node_modules_next_dist_f3530cac._.js:2297
[55910982ms] [LOG] [Notificações] Realtime conectado @ http://localhost:3000/_next/static/chunks/node_modules_next_dist_f3530cac._.js:2297
[55913847ms] [WARNING] [Chat] Canal fechado, reconectando... @ http://localhost:3000/_next/static/chunks/node_modules_next_dist_f3530cac._.js:2297
[55913848ms] [WARNING] [Notificações] Canal fechado, reconectando... @ http://localhost:3000/_next/static/chunks/node_modules_next_dist_f3530cac._.js:2297
[55913978ms] [LOG] [Chat] Realtime conectado @ http://localhost:3000/_next/static/chunks/node_modules_next_dist_f3530cac._.js:2297
[55913981ms] [LOG] [Notificações] Realtime conectado @ http://localhost:3000/_next/static/chunks/node_modules_next_dist_f3530cac._.js:2297
[55916859ms] [WARNING] [Chat] Canal fechado, reconectando... @ http://localhost:3000/_next/static/chunks/node_modules_next_dist_f3530cac._.js:2297
[55916860ms] [WARNING] [Notificações] Canal fechado, reconectando... @ http://localhost:3000/_next/static/chunks/node_modules_next_dist_f3530cac._.js:2297
[55916992ms] [LOG] [Chat] Realtime conectado @ http://localhost:3000/_next/static/chunks/node_modules_next_dist_f3530cac._.js:2297
[55916993ms] [LOG] [Notificações] Realtime conectado @ http://localhost:3000/_next/static/chunks/node_modules_next_dist_f3530cac._.js:2297
[55919860ms] [WARNING] [Chat] Canal fechado, reconectando... @ http://localhost:3000/_next/static/chunks/node_modules_next_dist_f3530cac._.js:2297
[55919861ms] [WARNING] [Notificações] Canal fechado, reconectando... @ http://localhost:3000/_next/static/chunks/node_modules_next_dist_f3530cac._.js:2297
[55919993ms] [LOG] [Chat] Realtime conectado @ http://localhost:3000/_next/static/chunks/node_modules_next_dist_f3530cac._.js:2297
[55919994ms] [LOG] [Notificações] Realtime conectado @ http://localhost:3000/_next/static/chunks/node_modules_next_dist_f3530cac._.js:2297
[55922861ms] [WARNING] [Chat] Canal fechado, reconectando... @ http://localhost:3000/_next/static/chunks/node_modules_next_dist_f3530cac._.js:2297
[55922862ms] [WARNING] [Notificações] Canal fechado, reconectando... @ http://localhost:3000/_next/static/chunks/node_modules_next_dist_f3530cac._.js:2297
[55922990ms] [LOG] [Chat] Realtime conectado @ http://localhost:3000/_next/static/chunks/node_modules_next_dist_f3530cac._.js:2297
[55922997ms] [LOG] [Notificações] Realtime conectado @ http://localhost:3000/_next/static/chunks/node_modules_next_dist_f3530cac._.js:2297
[55925867ms] [WARNING] [Chat] Canal fechado, reconectando... @ http://localhost:3000/_next/static/chunks/node_modules_next_dist_f3530cac._.js:2297
[55925868ms] [WARNING] [Notificações] Canal fechado, reconectando... @ http://localhost:3000/_next/static/chunks/node_modules_next_dist_f3530cac._.js:2297
[55926006ms] [LOG] [Chat] Realtime conectado @ http://localhost:3000/_next/static/chunks/node_modules_next_dist_f3530cac._.js:2297
[55926010ms] [LOG] [Notificações] Realtime conectado @ http://localhost:3000/_next/static/chunks/node_modules_next_dist_f3530cac._.js:2297
[55928877ms] [WARNING] [Chat] Canal fechado, reconectando... @ http://localhost:3000/_next/static/chunks/node_modules_next_dist_f3530cac._.js:2297
[55928878ms] [WARNING] [Notificações] Canal fechado, reconectando... @ http://localhost:3000/_next/static/chunks/node_modules_next_dist_f3530cac._.js:2297
[55929009ms] [LOG] [Chat] Realtime conectado @ http://localhost:3000/_next/static/chunks/node_modules_next_dist_f3530cac._.js:2297
[55929012ms] [LOG] [Notificações] Realtime conectado @ http://localhost:3000/_next/static/chunks/node_modules_next_dist_f3530cac._.js:2297
[55931878ms] [WARNING] [Chat] Canal fechado, reconectando... @ http://localhost:3000/_next/static/chunks/node_modules_next_dist_f3530cac._.js:2297
[55931879ms] [WARNING] [Notificações] Canal fechado, reconectando... @ http://localhost:3000/_next/static/chunks/node_modules_next_dist_f3530cac._.js:2297
[55932010ms] [LOG] [Chat] Realtime conectado @ http://localhost:3000/_next/static/chunks/node_modules_next_dist_f3530cac._.js:2297
[55932013ms] [LOG] [Notificações] Realtime conectado @ http://localhost:3000/_next/static/chunks/node_modules_next_dist_f3530cac._.js:2297
[55934885ms] [WARNING] [Chat] Canal fechado, reconectando... @ http://localhost:3000/_next/static/chunks/node_modules_next_dist_f3530cac._.js:2297
[55934885ms] [WARNING] [Notificações] Canal fechado, reconectando... @ http://localhost:3000/_next/static/chunks/node_modules_next_dist_f3530cac._.js:2297
[55935016ms] [LOG] [Chat] Realtime conectado @ http://localhost:3000/_next/static/chunks/node_modules_next_dist_f3530cac._.js:2297
[55935021ms] [LOG] [Notificações] Realtime conectado @ http://localhost:3000/_next/static/chunks/node_modules_next_dist_f3530cac._.js:2297
[55937893ms] [WARNING] [Chat] Canal fechado, reconectando... @ http://localhost:3000/_next/static/chunks/node_modules_next_dist_f3530cac._.js:2297
[55937894ms] [WARNING] [Notificações] Canal fechado, reconectando... @ http://localhost:3000/_next/static/chunks/node_modules_next_dist_f3530cac._.js:2297
[55938023ms] [LOG] [Chat] Realtime conectado @ http://localhost:3000/_next/static/chunks/node_modules_next_dist_f3530cac._.js:2297
[55938027ms] [LOG] [Notificações] Realtime conectado @ http://localhost:3000/_next/static/chunks/node_modules_next_dist_f3530cac._.js:2297
[55940900ms] [WARNING] [Chat] Canal fechado, reconectando... @ http://localhost:3000/_next/static/chunks/node_modules_next_dist_f3530cac._.js:2297
[55940901ms] [WARNING] [Notificações] Canal fechado, reconectando... @ http://localhost:3000/_next/static/chunks/node_modules_next_dist_f3530cac._.js:2297
[55941028ms] [LOG] [Chat] Realtime conectado @ http://localhost:3000/_next/static/chunks/node_modules_next_dist_f3530cac._.js:2297
[55941031ms] [LOG] [Notificações] Realtime conectado @ http://localhost:3000/_next/static/chunks/node_modules_next_dist_f3530cac._.js:2297
[55943908ms] [WARNING] [Chat] Canal fechado, reconectando... @ http://localhost:3000/_next/static/chunks/node_modules_next_dist_f3530cac._.js:2297
[55943909ms] [WARNING] [Notificações] Canal fechado, reconectando... @ http://localhost:3000/_next/static/chunks/node_modules_next_dist_f3530cac._.js:2297
[55944035ms] [LOG] [Chat] Realtime conectado @ http://localhost:3000/_next/static/chunks/node_modules_next_dist_f3530cac._.js:2297
[55944038ms] [LOG] [Notificações] Realtime conectado @ http://localhost:3000/_next/static/chunks/node_modules_next_dist_f3530cac._.js:2297
