[     167ms] [LOG] [Fast Refresh] rebuilding @ http://localhost:3000/_next/static/chunks/node_modules_next_dist_f3530cac._.js:2297
[     654ms] [LOG] [Fast Refresh] done in 612ms @ http://localhost:3000/_next/static/chunks/node_modules_next_dist_f3530cac._.js:2297
[    1026ms] [INFO] %cDownload the React DevTools for a better development experience: https://react.dev/link/react-devtools font-weight:bold @ http://localhost:3000/_next/static/chunks/node_modules_next_dist_f3530cac._.js:2297
[    1091ms] [LOG] [HMR] connected @ http://localhost:3000/_next/static/chunks/node_modules_next_dist_f3530cac._.js:2297
[    1299ms] [LOG] [Fast Refresh] rebuilding @ http://localhost:3000/_next/static/chunks/node_modules_next_dist_f3530cac._.js:2297
[    1461ms] [LOG] [Fast Refresh] done in 264ms @ http://localhost:3000/_next/static/chunks/node_modules_next_dist_f3530cac._.js:2297
[    4283ms] [LOG] [Chat] Realtime conectado @ http://localhost:3000/_next/static/chunks/node_modules_next_dist_f3530cac._.js:2297
[    4290ms] [LOG] [Notificações] Realtime conectado @ http://localhost:3000/_next/static/chunks/node_modules_next_dist_f3530cac._.js:2297
[   72612ms] [LOG] [Fast Refresh] rebuilding @ http://localhost:3000/_next/static/chunks/node_modules_next_dist_f3530cac._.js:2297
[   78883ms] [LOG] [Fast Refresh] done in 6373ms @ http://localhost:3000/_next/static/chunks/node_modules_next_dist_f3530cac._.js:2297
[   79297ms] [LOG] [Fast Refresh] rebuilding @ http://localhost:3000/_next/static/chunks/node_modules_next_dist_f3530cac._.js:2297
[   81912ms] [LOG] [Fast Refresh] done in 3026ms @ http://localhost:3000/_next/static/chunks/node_modules_next_dist_f3530cac._.js:2297
[  134760ms] [LOG] [Fast Refresh] rebuilding @ http://localhost:3000/_next/static/chunks/node_modules_next_dist_f3530cac._.js:2297
[  135163ms] [LOG] [Fast Refresh] done in 519ms @ http://localhost:3000/_next/static/chunks/node_modules_next_dist_f3530cac._.js:2297
[  452476ms] [LOG] [Fast Refresh] rebuilding @ http://localhost:3000/_next/static/chunks/node_modules_next_dist_f3530cac._.js:2297
[  452893ms] [LOG] [Fast Refresh] done in 575ms @ http://localhost:3000/_next/static/chunks/node_modules_next_dist_f3530cac._.js:2297
[  474530ms] [LOG] [Fast Refresh] rebuilding @ http://localhost:3000/_next/static/chunks/node_modules_next_dist_f3530cac._.js:2297
[  474692ms] [LOG] [Fast Refresh] done in 266ms @ http://localhost:3000/_next/static/chunks/node_modules_next_dist_f3530cac._.js:2297
[  643622ms] [LOG] [Fast Refresh] rebuilding @ http://localhost:3000/_next/static/chunks/node_modules_next_dist_f3530cac._.js:2297
[  643766ms] [LOG] [Fast Refresh] done in 284ms @ http://localhost:3000/_next/static/chunks/node_modules_next_dist_f3530cac._.js:2297
[  956982ms] [ERROR] [Chat] Erro realtime: CHANNEL_ERROR undefined @ http://localhost:3000/_next/static/chunks/node_modules_next_dist_f3530cac._.js:3127
[  956983ms] [ERROR] [Notificações] Erro na conexão realtime: CHANNEL_ERROR undefined @ http://localhost:3000/_next/static/chunks/node_modules_next_dist_f3530cac._.js:3127
[  957041ms] [ERROR] Failed to load resource: net::ERR_NETWORK_IO_SUSPENDED @ http://localhost:3000/__nextjs_original-stack-frames:0
[  957045ms] [ERROR] Failed to load resource: net::ERR_NETWORK_IO_SUSPENDED @ http://localhost:3000/__nextjs_original-stack-frames:0
[ 8516207ms] [LOG] [Chat] Reconectando... @ http://localhost:3000/_next/static/chunks/node_modules_next_dist_f3530cac._.js:2297
[ 8516212ms] [WARNING] [Chat] Canal fechado, reconectando... @ http://localhost:3000/_next/static/chunks/node_modules_next_dist_f3530cac._.js:2297
[ 8516220ms] [LOG] [Notificações] Reconectando... @ http://localhost:3000/_next/static/chunks/node_modules_next_dist_f3530cac._.js:2297
[ 8516221ms] [WARNING] [Notificações] Canal fechado, reconectando... @ http://localhost:3000/_next/static/chunks/node_modules_next_dist_f3530cac._.js:2297
[ 8518117ms] [LOG] [HMR] connected @ http://localhost:3000/_next/static/chunks/node_modules_next_dist_f3530cac._.js:2297
[ 8518657ms] [ERROR] WebSocket connection to 'wss://citrhumdkfivdzbmayde.supabase.co/realtime/v1/websocket?apikey=eyJhbGciOiJIUzI1NiIsInR5cCI6IkpXVCJ9.eyJpc3MiOiJzdXBhYmFzZSIsInJlZiI6ImNpdHJodW1ka2ZpdmR6Ym1heWRlIiwicm9sZSI6ImFub24iLCJpYXQiOjE3NjkxMDgyNzUsImV4cCI6MjA4NDY4NDI3NX0.83x3-NrKoJgtIuSE7Jjsaj0zH-b-XJ3Z8i3XkBkwVoU&vsn=2.0.0' failed: Error in connection establishment: net::ERR_NAME_NOT_RESOLVED @ http://localhost:3000/_next/static/chunks/node_modules_6d32ceb6._.js:3636
[ 8518693ms] [ERROR] [Chat] Erro realtime: CHANNEL_ERROR undefined @ http://localhost:3000/_next/static/chunks/node_modules_next_dist_f3530cac._.js:3127
[ 8518694ms] [ERROR] [Notificações] Erro na conexão realtime: CHANNEL_ERROR undefined @ http://localhost:3000/_next/static/chunks/node_modules_next_dist_f3530cac._.js:3127
[ 8518694ms] [ERROR] [Chat] Erro realtime: CHANNEL_ERROR undefined @ http://localhost:3000/_next/static/chunks/node_modules_next_dist_f3530cac._.js:3127
[ 8518695ms] [ERROR] [Notificações] Erro na conexão realtime: CHANNEL_ERROR undefined @ http://localhost:3000/_next/static/chunks/node_modules_next_dist_f3530cac._.js:3127
[ 8518962ms] [LOG] [Fast Refresh] rebuilding @ http://localhost:3000/_next/static/chunks/node_modules_next_dist_f3530cac._.js:2297
[ 8519226ms] [WARNING] [Chat] Canal fechado, reconectando... @ http://localhost:3000/_next/static/chunks/node_modules_next_dist_f3530cac._.js:2297
[ 8519228ms] [WARNING] [Notificações] Canal fechado, reconectando... @ http://localhost:3000/_next/static/chunks/node_modules_next_dist_f3530cac._.js:2297
[ 8519912ms] [LOG] [Fast Refresh] done in 1062ms @ http://localhost:3000/_next/static/chunks/node_modules_next_dist_f3530cac._.js:2297
[ 8522687ms] [WARNING] @supabase/gotrue-js: Lock "lock:sb-citrhumdkfivdzbmayde-auth-token" was not released within 5000ms. This may indicate an orphaned lock from a component unmount (e.g., React Strict Mode). Forcefully acquiring the lock to recover. @ http://localhost:3000/_next/static/chunks/node_modules_next_dist_f3530cac._.js:2297
[ 8522688ms] [LOG] [Chat] Reconectando... @ http://localhost:3000/_next/static/chunks/node_modules_next_dist_f3530cac._.js:2297
[ 8522689ms] [WARNING] [Chat] Canal fechado, reconectando... @ http://localhost:3000/_next/static/chunks/node_modules_next_dist_f3530cac._.js:2297
[ 8522690ms] [LOG] [Notificações] Reconectando... @ http://localhost:3000/_next/static/chunks/node_modules_next_dist_f3530cac._.js:2297
[ 8522691ms] [WARNING] [Notificações] Canal fechado, reconectando... @ http://localhost:3000/_next/static/chunks/node_modules_next_dist_f3530cac._.js:2297
[ 8522692ms] [LOG] [Chat] Reconectando... @ http://localhost:3000/_next/static/chunks/node_modules_next_dist_f3530cac._.js:2297
[ 8522693ms] [WARNING] [Chat] Canal fechado, reconectando... @ http://localhost:3000/_next/static/chunks/node_modules_next_dist_f3530cac._.js:2297
[ 8522694ms] [LOG] [Notificações] Reconectando... @ http://localhost:3000/_next/static/chunks/node_modules_next_dist_f3530cac._.js:2297
[ 8522694ms] [WARNING] [Notificações] Canal fechado, reconectando... @ http://localhost:3000/_next/static/chunks/node_modules_next_dist_f3530cac._.js:2297
[ 8522696ms] [WARNING] [Chat] Canal fechado, reconectando... @ http://localhost:3000/_next/static/chunks/node_modules_next_dist_f3530cac._.js:2297
[ 8522697ms] [WARNING] [Notificações] Canal fechado, reconectando... @ http://localhost:3000/_next/static/chunks/node_modules_next_dist_f3530cac._.js:2297
[ 8526758ms] [WARNING] [Chat] Canal fechado, reconectando... @ http://localhost:3000/_next/static/chunks/node_modules_next_dist_f3530cac._.js:2297
[ 8526759ms] [WARNING] [Notificações] Canal fechado, reconectando... @ http://localhost:3000/_next/static/chunks/node_modules_next_dist_f3530cac._.js:2297
[ 8526759ms] [WARNING] [Chat] Canal fechado, reconectando... @ http://localhost:3000/_next/static/chunks/node_modules_next_dist_f3530cac._.js:2297
[ 8526760ms] [WARNING] [Notificações] Canal fechado, reconectando... @ http://localhost:3000/_next/static/chunks/node_modules_next_dist_f3530cac._.js:2297
[ 8526760ms] [WARNING] [Chat] Canal fechado, reconectando... @ http://localhost:3000/_next/static/chunks/node_modules_next_dist_f3530cac._.js:2297
[ 8526761ms] [WARNING] [Notificações] Canal fechado, reconectando... @ http://localhost:3000/_next/static/chunks/node_modules_next_dist_f3530cac._.js:2297
[ 8528124ms] [LOG] [Chat] Realtime conectado @ http://localhost:3000/_next/static/chunks/node_modules_next_dist_f3530cac._.js:2297
[ 8528125ms] [LOG] [Notificações] Realtime conectado @ http://localhost:3000/_next/static/chunks/node_modules_next_dist_f3530cac._.js:2297
[ 8529827ms] [WARNING] [Chat] Canal fechado, reconectando... @ http://localhost:3000/_next/static/chunks/node_modules_next_dist_f3530cac._.js:2297
[ 8529828ms] [WARNING] [Notificações] Canal fechado, reconectando... @ http://localhost:3000/_next/static/chunks/node_modules_next_dist_f3530cac._.js:2297
[ 8529829ms] [WARNING] [Chat] Canal fechado, reconectando... @ http://localhost:3000/_next/static/chunks/node_modules_next_dist_f3530cac._.js:2297
[ 8529830ms] [WARNING] [Notificações] Canal fechado, reconectando... @ http://localhost:3000/_next/static/chunks/node_modules_next_dist_f3530cac._.js:2297
[ 8529830ms] [WARNING] [Chat] Canal fechado, reconectando... @ http://localhost:3000/_next/static/chunks/node_modules_next_dist_f3530cac._.js:2297
[ 8529831ms] [WARNING] [Notificações] Canal fechado, reconectando... @ http://localhost:3000/_next/static/chunks/node_modules_next_dist_f3530cac._.js:2297
[ 8530038ms] [LOG] [Chat] Realtime conectado @ http://localhost:3000/_next/static/chunks/node_modules_next_dist_f3530cac._.js:2297
[ 8530038ms] [LOG] [Notificações] Realtime conectado @ http://localhost:3000/_next/static/chunks/node_modules_next_dist_f3530cac._.js:2297
[ 8532860ms] [WARNING] [Chat] Canal fechado, reconectando... @ http://localhost:3000/_next/static/chunks/node_modules_next_dist_f3530cac._.js:2297
[ 8532860ms] [WARNING] [Notificações] Canal fechado, reconectando... @ http://localhost:3000/_next/static/chunks/node_modules_next_dist_f3530cac._.js:2297
[ 8532861ms] [WARNING] [Chat] Canal fechado, reconectando... @ http://localhost:3000/_next/static/chunks/node_modules_next_dist_f3530cac._.js:2297
[ 8532861ms] [WARNING] [Notificações] Canal fechado, reconectando... @ http://localhost:3000/_next/static/chunks/node_modules_next_dist_f3530cac._.js:2297
[ 8532861ms] [WARNING] [Chat] Canal fechado, reconectando... @ http://localhost:3000/_next/static/chunks/node_modules_next_dist_f3530cac._.js:2297
[ 8532862ms] [WARNING] [Notificações] Canal fechado, reconectando... @ http://localhost:3000/_next/static/chunks/node_modules_next_dist_f3530cac._.js:2297
[ 8534330ms] [LOG] [Chat] Realtime conectado @ http://localhost:3000/_next/static/chunks/node_modules_next_dist_f3530cac._.js:2297
[ 8534331ms] [LOG] [Notificações] Realtime conectado @ http://localhost:3000/_next/static/chunks/node_modules_next_dist_f3530cac._.js:2297
[ 8535880ms] [WARNING] [Chat] Canal fechado, reconectando... @ http://localhost:3000/_next/static/chunks/node_modules_next_dist_f3530cac._.js:2297
[ 8535880ms] [WARNING] [Notificações] Canal fechado, reconectando... @ http://localhost:3000/_next/static/chunks/node_modules_next_dist_f3530cac._.js:2297
[ 8535880ms] [WARNING] [Chat] Canal fechado, reconectando... @ http://localhost:3000/_next/static/chunks/node_modules_next_dist_f3530cac._.js:2297
[ 8535881ms] [WARNING] [Notificações] Canal fechado, reconectando... @ http://localhost:3000/_next/static/chunks/node_modules_next_dist_f3530cac._.js:2297
[ 8535881ms] [WARNING] [Chat] Canal fechado, reconectando... @ http://localhost:3000/_next/static/chunks/node_modules_next_dist_f3530cac._.js:2297
[ 8535882ms] [WARNING] [Notificações] Canal fechado, reconectando... @ http://localhost:3000/_next/static/chunks/node_modules_next_dist_f3530cac._.js:2297
[ 8536990ms] [LOG] [Chat] Realtime conectado @ http://localhost:3000/_next/static/chunks/node_modules_next_dist_f3530cac._.js:2297
[ 8536991ms] [LOG] [Notificações] Realtime conectado @ http://localhost:3000/_next/static/chunks/node_modules_next_dist_f3530cac._.js:2297
[ 8538927ms] [WARNING] [Chat] Canal fechado, reconectando... @ http://localhost:3000/_next/static/chunks/node_modules_next_dist_f3530cac._.js:2297
[ 8538928ms] [WARNING] [Notificações] Canal fechado, reconectando... @ http://localhost:3000/_next/static/chunks/node_modules_next_dist_f3530cac._.js:2297
[ 8538929ms] [WARNING] [Chat] Canal fechado, reconectando... @ http://localhost:3000/_next/static/chunks/node_modules_next_dist_f3530cac._.js:2297
[ 8538930ms] [WARNING] [Notificações] Canal fechado, reconectando... @ http://localhost:3000/_next/static/chunks/node_modules_next_dist_f3530cac._.js:2297
[ 8538931ms] [WARNING] [Chat] Canal fechado, reconectando... @ http://localhost:3000/_next/static/chunks/node_modules_next_dist_f3530cac._.js:2297
[ 8538935ms] [WARNING] [Notificações] Canal fechado, reconectando... @ http://localhost:3000/_next/static/chunks/node_modules_next_dist_f3530cac._.js:2297
[ 8539219ms] [LOG] [Fast Refresh] rebuilding @ http://localhost:3000/_next/static/chunks/node_modules_next_dist_f3530cac._.js:2297
[ 8539244ms] [LOG] [Fast Refresh] done in 140ms @ http://localhost:3000/_next/static/chunks/node_modules_next_dist_f3530cac._.js:2297
[ 8541082ms] [LOG] [Chat] Realtime conectado @ http://localhost:3000/_next/static/chunks/node_modules_next_dist_f3530cac._.js:2297
[ 8541082ms] [LOG] [Notificações] Realtime conectado @ http://localhost:3000/_next/static/chunks/node_modules_next_dist_f3530cac._.js:2297
[ 8541931ms] [WARNING] [Chat] Canal fechado, reconectando... @ http://localhost:3000/_next/static/chunks/node_modules_next_dist_f3530cac._.js:2297
[ 8541932ms] [WARNING] [Notificações] Canal fechado, reconectando... @ http://localhost:3000/_next/static/chunks/node_modules_next_dist_f3530cac._.js:2297
[ 8541933ms] [WARNING] [Chat] Canal fechado, reconectando... @ http://localhost:3000/_next/static/chunks/node_modules_next_dist_f3530cac._.js:2297
[ 8541934ms] [WARNING] [Notificações] Canal fechado, reconectando... @ http://localhost:3000/_next/static/chunks/node_modules_next_dist_f3530cac._.js:2297
[ 8541952ms] [WARNING] [Chat] Canal fechado, reconectando... @ http://localhost:3000/_next/static/chunks/node_modules_next_dist_f3530cac._.js:2297
[ 8541952ms] [WARNING] [Notificações] Canal fechado, reconectando... @ http://localhost:3000/_next/static/chunks/node_modules_next_dist_f3530cac._.js:2297
[ 8542127ms] [LOG] [Chat] Realtime conectado @ http://localhost:3000/_next/static/chunks/node_modules_next_dist_f3530cac._.js:2297
[ 8542128ms] [LOG] [Notificações] Realtime conectado @ http://localhost:3000/_next/static/chunks/node_modules_next_dist_f3530cac._.js:2297
[ 8544937ms] [WARNING] [Chat] Canal fechado, reconectando... @ http://localhost:3000/_next/static/chunks/node_modules_next_dist_f3530cac._.js:2297
[ 8544937ms] [WARNING] [Notificações] Canal fechado, reconectando... @ http://localhost:3000/_next/static/chunks/node_modules_next_dist_f3530cac._.js:2297
[ 8544938ms] [WARNING] [Chat] Canal fechado, reconectando... @ http://localhost:3000/_next/static/chunks/node_modules_next_dist_f3530cac._.js:2297
[ 8544938ms] [WARNING] [Notificações] Canal fechado, reconectando... @ http://localhost:3000/_next/static/chunks/node_modules_next_dist_f3530cac._.js:2297
[ 8544968ms] [WARNING] [Chat] Canal fechado, reconectando... @ http://localhost:3000/_next/static/chunks/node_modules_next_dist_f3530cac._.js:2297
[ 8544968ms] [WARNING] [Notificações] Canal fechado, reconectando... @ http://localhost:3000/_next/static/chunks/node_modules_next_dist_f3530cac._.js:2297
[ 8545099ms] [LOG] [Chat] Realtime conectado @ http://localhost:3000/_next/static/chunks/node_modules_next_dist_f3530cac._.js:2297
[ 8545105ms] [LOG] [Notificações] Realtime conectado @ http://localhost:3000/_next/static/chunks/node_modules_next_dist_f3530cac._.js:2297
[ 8547944ms] [WARNING] [Chat] Canal fechado, reconectando... @ http://localhost:3000/_next/static/chunks/node_modules_next_dist_f3530cac._.js:2297
[ 8547944ms] [WARNING] [Notificações] Canal fechado, reconectando... @ http://localhost:3000/_next/static/chunks/node_modules_next_dist_f3530cac._.js:2297
[ 8547945ms] [WARNING] [Chat] Canal fechado, reconectando... @ http://localhost:3000/_next/static/chunks/node_modules_next_dist_f3530cac._.js:2297
[ 8547945ms] [WARNING] [Notificações] Canal fechado, reconectando... @ http://localhost:3000/_next/static/chunks/node_modules_next_dist_f3530cac._.js:2297
[ 8547978ms] [WARNING] [Chat] Canal fechado, reconectando... @ http://localhost:3000/_next/static/chunks/node_modules_next_dist_f3530cac._.js:2297
[ 8547978ms] [WARNING] [Notificações] Canal fechado, reconectando... @ http://localhost:3000/_next/static/chunks/node_modules_next_dist_f3530cac._.js:2297
[ 8548111ms] [LOG] [Chat] Realtime conectado @ http://localhost:3000/_next/static/chunks/node_modules_next_dist_f3530cac._.js:2297
[ 8548128ms] [LOG] [Notificações] Realtime conectado @ http://localhost:3000/_next/static/chunks/node_modules_next_dist_f3530cac._.js:2297
[ 8550960ms] [WARNING] [Chat] Canal fechado, reconectando... @ http://localhost:3000/_next/static/chunks/node_modules_next_dist_f3530cac._.js:2297
[ 8550960ms] [WARNING] [Notificações] Canal fechado, reconectando... @ http://localhost:3000/_next/static/chunks/node_modules_next_dist_f3530cac._.js:2297
[ 8550961ms] [WARNING] [Chat] Canal fechado, reconectando... @ http://localhost:3000/_next/static/chunks/node_modules_next_dist_f3530cac._.js:2297
[ 8550961ms] [WARNING] [Notificações] Canal fechado, reconectando... @ http://localhost:3000/_next/static/chunks/node_modules_next_dist_f3530cac._.js:2297
[ 8550978ms] [WARNING] [Chat] Canal fechado, reconectando... @ http://localhost:3000/_next/static/chunks/node_modules_next_dist_f3530cac._.js:2297
[ 8550979ms] [WARNING] [Notificações] Canal fechado, reconectando... @ http://localhost:3000/_next/static/chunks/node_modules_next_dist_f3530cac._.js:2297
[ 8551094ms] [LOG] [Fast Refresh] rebuilding @ http://localhost:3000/_next/static/chunks/node_modules_next_dist_f3530cac._.js:2297
[ 8551144ms] [LOG] [Chat] Realtime conectado @ http://localhost:3000/_next/static/chunks/node_modules_next_dist_f3530cac._.js:2297
[ 8551163ms] [LOG] [Notificações] Realtime conectado @ http://localhost:3000/_next/static/chunks/node_modules_next_dist_f3530cac._.js:2297
[ 8551678ms] [LOG] [Fast Refresh] done in 701ms @ http://localhost:3000/_next/static/chunks/node_modules_next_dist_f3530cac._.js:2297
[ 8553998ms] [WARNING] [Chat] Canal fechado, reconectando... @ http://localhost:3000/_next/static/chunks/node_modules_next_dist_f3530cac._.js:2297
[ 8553999ms] [WARNING] [Notificações] Canal fechado, reconectando... @ http://localhost:3000/_next/static/chunks/node_modules_next_dist_f3530cac._.js:2297
[ 8553999ms] [WARNING] [Chat] Canal fechado, reconectando... @ http://localhost:3000/_next/static/chunks/node_modules_next_dist_f3530cac._.js:2297
[ 8554000ms] [WARNING] [Notificações] Canal fechado, reconectando... @ http://localhost:3000/_next/static/chunks/node_modules_next_dist_f3530cac._.js:2297
[ 8554016ms] [WARNING] [Chat] Canal fechado, reconectando... @ http://localhost:3000/_next/static/chunks/node_modules_next_dist_f3530cac._.js:2297
[ 8554017ms] [WARNING] [Notificações] Canal fechado, reconectando... @ http://localhost:3000/_next/static/chunks/node_modules_next_dist_f3530cac._.js:2297
[ 8554160ms] [LOG] [Chat] Realtime conectado @ http://localhost:3000/_next/static/chunks/node_modules_next_dist_f3530cac._.js:2297
[ 8554161ms] [LOG] [Notificações] Realtime conectado @ http://localhost:3000/_next/static/chunks/node_modules_next_dist_f3530cac._.js:2297
[ 8557010ms] [WARNING] [Chat] Canal fechado, reconectando... @ http://localhost:3000/_next/static/chunks/node_modules_next_dist_f3530cac._.js:2297
[ 8557010ms] [WARNING] [Notificações] Canal fechado, reconectando... @ http://localhost:3000/_next/static/chunks/node_modules_next_dist_f3530cac._.js:2297
[ 8557011ms] [WARNING] [Chat] Canal fechado, reconectando... @ http://localhost:3000/_next/static/chunks/node_modules_next_dist_f3530cac._.js:2297
[ 8557011ms] [WARNING] [Notificações] Canal fechado, reconectando... @ http://localhost:3000/_next/static/chunks/node_modules_next_dist_f3530cac._.js:2297
[ 8557026ms] [WARNING] [Chat] Canal fechado, reconectando... @ http://localhost:3000/_next/static/chunks/node_modules_next_dist_f3530cac._.js:2297
[ 8557027ms] [WARNING] [Notificações] Canal fechado, reconectando... @ http://localhost:3000/_next/static/chunks/node_modules_next_dist_f3530cac._.js:2297
[ 8557177ms] [LOG] [Chat] Realtime conectado @ http://localhost:3000/_next/static/chunks/node_modules_next_dist_f3530cac._.js:2297
[ 8557177ms] [LOG] [Notificações] Realtime conectado @ http://localhost:3000/_next/static/chunks/node_modules_next_dist_f3530cac._.js:2297
[ 8560027ms] [WARNING] [Chat] Canal fechado, reconectando... @ http://localhost:3000/_next/static/chunks/node_modules_next_dist_f3530cac._.js:2297
[ 8560028ms] [WARNING] [Notificações] Canal fechado, reconectando... @ http://localhost:3000/_next/static/chunks/node_modules_next_dist_f3530cac._.js:2297
[ 8560028ms] [WARNING] [Chat] Canal fechado, reconectando... @ http://localhost:3000/_next/static/chunks/node_modules_next_dist_f3530cac._.js:2297
[ 8560028ms] [WARNING] [Notificações] Canal fechado, reconectando... @ http://localhost:3000/_next/static/chunks/node_modules_next_dist_f3530cac._.js:2297
[ 8560028ms] [WARNING] [Chat] Canal fechado, reconectando... @ http://localhost:3000/_next/static/chunks/node_modules_next_dist_f3530cac._.js:2297
[ 8560028ms] [WARNING] [Notificações] Canal fechado, reconectando... @ http://localhost:3000/_next/static/chunks/node_modules_next_dist_f3530cac._.js:2297
[ 8560177ms] [LOG] [Chat] Realtime conectado @ http://localhost:3000/_next/static/chunks/node_modules_next_dist_f3530cac._.js:2297
[ 8560178ms] [LOG] [Notificações] Realtime conectado @ http://localhost:3000/_next/static/chunks/node_modules_next_dist_f3530cac._.js:2297
[ 8563028ms] [WARNING] [Chat] Canal fechado, reconectando... @ http://localhost:3000/_next/static/chunks/node_modules_next_dist_f3530cac._.js:2297
[ 8563028ms] [WARNING] [Notificações] Canal fechado, reconectando... @ http://localhost:3000/_next/static/chunks/node_modules_next_dist_f3530cac._.js:2297
[ 8563028ms] [WARNING] [Chat] Canal fechado, reconectando... @ http://localhost:3000/_next/static/chunks/node_modules_next_dist_f3530cac._.js:2297
[ 8563029ms] [WARNING] [Notificações] Canal fechado, reconectando... @ http://localhost:3000/_next/static/chunks/node_modules_next_dist_f3530cac._.js:2297
[ 8563029ms] [WARNING] [Chat] Canal fechado, reconectando... @ http://localhost:3000/_next/static/chunks/node_modules_next_dist_f3530cac._.js:2297
[ 8563029ms] [WARNING] [Notificações] Canal fechado, reconectando... @ http://localhost:3000/_next/static/chunks/node_modules_next_dist_f3530cac._.js:2297
[ 8563110ms] [LOG] [Fast Refresh] rebuilding @ http://localhost:3000/_next/static/chunks/node_modules_next_dist_f3530cac._.js:2297
[ 8563180ms] [LOG] [Chat] Realtime conectado @ http://localhost:3000/_next/static/chunks/node_modules_next_dist_f3530cac._.js:2297
[ 8563196ms] [LOG] [Notificações] Realtime conectado @ http://localhost:3000/_next/static/chunks/node_modules_next_dist_f3530cac._.js:2297
[ 8563523ms] [LOG] [Fast Refresh] done in 525ms @ http://localhost:3000/_next/static/chunks/node_modules_next_dist_f3530cac._.js:2297
[ 8563656ms] [LOG] [Fast Refresh] rebuilding @ http://localhost:3000/_next/static/chunks/node_modules_next_dist_f3530cac._.js:2297
[ 8564785ms] [LOG] [Fast Refresh] done in 1243ms @ http://localhost:3000/_next/static/chunks/node_modules_next_dist_f3530cac._.js:2297
[ 8566044ms] [WARNING] [Chat] Canal fechado, reconectando... @ http://localhost:3000/_next/static/chunks/node_modules_next_dist_f3530cac._.js:2297
[ 8566044ms] [WARNING] [Notificações] Canal fechado, reconectando... @ http://localhost:3000/_next/static/chunks/node_modules_next_dist_f3530cac._.js:2297
[ 8566044ms] [WARNING] [Chat] Canal fechado, reconectando... @ http://localhost:3000/_next/static/chunks/node_modules_next_dist_f3530cac._.js:2297
[ 8566045ms] [WARNING] [Notificações] Canal fechado, reconectando... @ http://localhost:3000/_next/static/chunks/node_modules_next_dist_f3530cac._.js:2297
[ 8566045ms] [WARNING] [Chat] Canal fechado, reconectando... @ http://localhost:3000/_next/static/chunks/node_modules_next_dist_f3530cac._.js:2297
[ 8566045ms] [WARNING] [Notificações] Canal fechado, reconectando... @ http://localhost:3000/_next/static/chunks/node_modules_next_dist_f3530cac._.js:2297
[ 8566210ms] [LOG] [Chat] Realtime conectado @ http://localhost:3000/_next/static/chunks/node_modules_next_dist_f3530cac._.js:2297
[ 8566211ms] [LOG] [Notificações] Realtime conectado @ http://localhost:3000/_next/static/chunks/node_modules_next_dist_f3530cac._.js:2297
[ 8569044ms] [WARNING] [Chat] Canal fechado, reconectando... @ http://localhost:3000/_next/static/chunks/node_modules_next_dist_f3530cac._.js:2297
[ 8569045ms] [WARNING] [Notificações] Canal fechado, reconectando... @ http://localhost:3000/_next/static/chunks/node_modules_next_dist_f3530cac._.js:2297
[ 8569045ms] [WARNING] [Chat] Canal fechado, reconectando... @ http://localhost:3000/_next/static/chunks/node_modules_next_dist_f3530cac._.js:2297
[ 8569045ms] [WARNING] [Notificações] Canal fechado, reconectando... @ http://localhost:3000/_next/static/chunks/node_modules_next_dist_f3530cac._.js:2297
[ 8569046ms] [WARNING] [Chat] Canal fechado, reconectando... @ http://localhost:3000/_next/static/chunks/node_modules_next_dist_f3530cac._.js:2297
[ 8569046ms] [WARNING] [Notificações] Canal fechado, reconectando... @ http://localhost:3000/_next/static/chunks/node_modules_next_dist_f3530cac._.js:2297
[ 8569213ms] [LOG] [Chat] Realtime conectado @ http://localhost:3000/_next/static/chunks/node_modules_next_dist_f3530cac._.js:2297
[ 8569213ms] [LOG] [Notificações] Realtime conectado @ http://localhost:3000/_next/static/chunks/node_modules_next_dist_f3530cac._.js:2297
[ 8572060ms] [WARNING] [Chat] Canal fechado, reconectando... @ http://localhost:3000/_next/static/chunks/node_modules_next_dist_f3530cac._.js:2297
[ 8572061ms] [WARNING] [Notificações] Canal fechado, reconectando... @ http://localhost:3000/_next/static/chunks/node_modules_next_dist_f3530cac._.js:2297
[ 8572061ms] [WARNING] [Chat] Canal fechado, reconectando... @ http://localhost:3000/_next/static/chunks/node_modules_next_dist_f3530cac._.js:2297
[ 8572061ms] [WARNING] [Notificações] Canal fechado, reconectando... @ http://localhost:3000/_next/static/chunks/node_modules_next_dist_f3530cac._.js:2297
[ 8572062ms] [WARNING] [Chat] Canal fechado, reconectando... @ http://localhost:3000/_next/static/chunks/node_modules_next_dist_f3530cac._.js:2297
[ 8572062ms] [WARNING] [Notificações] Canal fechado, reconectando... @ http://localhost:3000/_next/static/chunks/node_modules_next_dist_f3530cac._.js:2297
[ 8572227ms] [LOG] [Chat] Realtime conectado @ http://localhost:3000/_next/static/chunks/node_modules_next_dist_f3530cac._.js:2297
[ 8572228ms] [LOG] [Notificações] Realtime conectado @ http://localhost:3000/_next/static/chunks/node_modules_next_dist_f3530cac._.js:2297
[ 8575077ms] [WARNING] [Chat] Canal fechado, reconectando... @ http://localhost:3000/_next/static/chunks/node_modules_next_dist_f3530cac._.js:2297
[ 8575077ms] [WARNING] [Notificações] Canal fechado, reconectando... @ http://localhost:3000/_next/static/chunks/node_modules_next_dist_f3530cac._.js:2297
[ 8575077ms] [WARNING] [Chat] Canal fechado, reconectando... @ http://localhost:3000/_next/static/chunks/node_modules_next_dist_f3530cac._.js:2297
[ 8575077ms] [WARNING] [Notificações] Canal fechado, reconectando... @ http://localhost:3000/_next/static/chunks/node_modules_next_dist_f3530cac._.js:2297
[ 8575078ms] [WARNING] [Chat] Canal fechado, reconectando... @ http://localhost:3000/_next/static/chunks/node_modules_next_dist_f3530cac._.js:2297
[ 8575078ms] [WARNING] [Notificações] Canal fechado, reconectando... @ http://localhost:3000/_next/static/chunks/node_modules_next_dist_f3530cac._.js:2297
[ 8575227ms] [LOG] [Chat] Realtime conectado @ http://localhost:3000/_next/static/chunks/node_modules_next_dist_f3530cac._.js:2297
[ 8575245ms] [LOG] [Notificações] Realtime conectado @ http://localhost:3000/_next/static/chunks/node_modules_next_dist_f3530cac._.js:2297
[ 8576246ms] [LOG] [Fast Refresh] rebuilding @ http://localhost:3000/_next/static/chunks/node_modules_next_dist_f3530cac._.js:2297
[ 8576478ms] [LOG] [Fast Refresh] done in 341ms @ http://localhost:3000/_next/static/chunks/node_modules_next_dist_f3530cac._.js:2297
[ 8578077ms] [WARNING] [Chat] Canal fechado, reconectando... @ http://localhost:3000/_next/static/chunks/node_modules_next_dist_f3530cac._.js:2297
[ 8578078ms] [WARNING] [Notificações] Canal fechado, reconectando... @ http://localhost:3000/_next/static/chunks/node_modules_next_dist_f3530cac._.js:2297
[ 8578078ms] [WARNING] [Chat] Canal fechado, reconectando... @ http://localhost:3000/_next/static/chunks/node_modules_next_dist_f3530cac._.js:2297
[ 8578078ms] [WARNING] [Notificações] Canal fechado, reconectando... @ http://localhost:3000/_next/static/chunks/node_modules_next_dist_f3530cac._.js:2297
[ 8578079ms] [WARNING] [Chat] Canal fechado, reconectando... @ http://localhost:3000/_next/static/chunks/node_modules_next_dist_f3530cac._.js:2297
[ 8578079ms] [WARNING] [Notificações] Canal fechado, reconectando... @ http://localhost:3000/_next/static/chunks/node_modules_next_dist_f3530cac._.js:2297
[ 8578244ms] [LOG] [Chat] Realtime conectado @ http://localhost:3000/_next/static/chunks/node_modules_next_dist_f3530cac._.js:2297
[ 8578244ms] [LOG] [Notificações] Realtime conectado @ http://localhost:3000/_next/static/chunks/node_modules_next_dist_f3530cac._.js:2297
[ 8581093ms] [WARNING] [Chat] Canal fechado, reconectando... @ http://localhost:3000/_next/static/chunks/node_modules_next_dist_f3530cac._.js:2297
[ 8581094ms] [WARNING] [Notificações] Canal fechado, reconectando... @ http://localhost:3000/_next/static/chunks/node_modules_next_dist_f3530cac._.js:2297
[ 8581094ms] [WARNING] [Chat] Canal fechado, reconectando... @ http://localhost:3000/_next/static/chunks/node_modules_next_dist_f3530cac._.js:2297
[ 8581094ms] [WARNING] [Notificações] Canal fechado, reconectando... @ http://localhost:3000/_next/static/chunks/node_modules_next_dist_f3530cac._.js:2297
[ 8581095ms] [WARNING] [Chat] Canal fechado, reconectando... @ http://localhost:3000/_next/static/chunks/node_modules_next_dist_f3530cac._.js:2297
[ 8581095ms] [WARNING] [Notificações] Canal fechado, reconectando... @ http://localhost:3000/_next/static/chunks/node_modules_next_dist_f3530cac._.js:2297
[ 8581261ms] [LOG] [Chat] Realtime conectado @ http://localhost:3000/_next/static/chunks/node_modules_next_dist_f3530cac._.js:2297
[ 8581261ms] [LOG] [Notificações] Realtime conectado @ http://localhost:3000/_next/static/chunks/node_modules_next_dist_f3530cac._.js:2297
[ 8581328ms] [LOG] [Fast Refresh] rebuilding @ http://localhost:3000/_next/static/chunks/node_modules_next_dist_f3530cac._.js:2297
[ 8581801ms] [LOG] [Fast Refresh] done in 590ms @ http://localhost:3000/_next/static/chunks/node_modules_next_dist_f3530cac._.js:2297
[ 8584099ms] [WARNING] [Chat] Canal fechado, reconectando... @ http://localhost:3000/_next/static/chunks/node_modules_next_dist_f3530cac._.js:2297
[ 8584100ms] [WARNING] [Notificações] Canal fechado, reconectando... @ http://localhost:3000/_next/static/chunks/node_modules_next_dist_f3530cac._.js:2297
[ 8584100ms] [WARNING] [Chat] Canal fechado, reconectando... @ http://localhost:3000/_next/static/chunks/node_modules_next_dist_f3530cac._.js:2297
[ 8584101ms] [WARNING] [Notificações] Canal fechado, reconectando... @ http://localhost:3000/_next/static/chunks/node_modules_next_dist_f3530cac._.js:2297
[ 8584115ms] [WARNING] [Chat] Canal fechado, reconectando... @ http://localhost:3000/_next/static/chunks/node_modules_next_dist_f3530cac._.js:2297
[ 8584116ms] [WARNING] [Notificações] Canal fechado, reconectando... @ http://localhost:3000/_next/static/chunks/node_modules_next_dist_f3530cac._.js:2297
[ 8584260ms] [LOG] [Chat] Realtime conectado @ http://localhost:3000/_next/static/chunks/node_modules_next_dist_f3530cac._.js:2297
[ 8584260ms] [LOG] [Notificações] Realtime conectado @ http://localhost:3000/_next/static/chunks/node_modules_next_dist_f3530cac._.js:2297
[ 8587110ms] [WARNING] [Chat] Canal fechado, reconectando... @ http://localhost:3000/_next/static/chunks/node_modules_next_dist_f3530cac._.js:2297
[ 8587110ms] [WARNING] [Notificações] Canal fechado, reconectando... @ http://localhost:3000/_next/static/chunks/node_modules_next_dist_f3530cac._.js:2297
[ 8587111ms] [WARNING] [Chat] Canal fechado, reconectando... @ http://localhost:3000/_next/static/chunks/node_modules_next_dist_f3530cac._.js:2297
[ 8587111ms] [WARNING] [Notificações] Canal fechado, reconectando... @ http://localhost:3000/_next/static/chunks/node_modules_next_dist_f3530cac._.js:2297
[ 8587129ms] [WARNING] [Chat] Canal fechado, reconectando... @ http://localhost:3000/_next/static/chunks/node_modules_next_dist_f3530cac._.js:2297
[ 8587129ms] [WARNING] [Notificações] Canal fechado, reconectando... @ http://localhost:3000/_next/static/chunks/node_modules_next_dist_f3530cac._.js:2297
[ 8587362ms] [LOG] [Chat] Realtime conectado @ http://localhost:3000/_next/static/chunks/node_modules_next_dist_f3530cac._.js:2297
[ 8587362ms] [LOG] [Notificações] Realtime conectado @ http://localhost:3000/_next/static/chunks/node_modules_next_dist_f3530cac._.js:2297
[ 8590127ms] [WARNING] [Chat] Canal fechado, reconectando... @ http://localhost:3000/_next/static/chunks/node_modules_next_dist_f3530cac._.js:2297
[ 8590127ms] [WARNING] [Notificações] Canal fechado, reconectando... @ http://localhost:3000/_next/static/chunks/node_modules_next_dist_f3530cac._.js:2297
[ 8590127ms] [WARNING] [Chat] Canal fechado, reconectando... @ http://localhost:3000/_next/static/chunks/node_modules_next_dist_f3530cac._.js:2297
[ 8590128ms] [WARNING] [Notificações] Canal fechado, reconectando... @ http://localhost:3000/_next/static/chunks/node_modules_next_dist_f3530cac._.js:2297
[ 8590143ms] [WARNING] [Chat] Canal fechado, reconectando... @ http://localhost:3000/_next/static/chunks/node_modules_next_dist_f3530cac._.js:2297
[ 8590144ms] [WARNING] [Notificações] Canal fechado, reconectando... @ http://localhost:3000/_next/static/chunks/node_modules_next_dist_f3530cac._.js:2297
[ 8590279ms] [LOG] [Chat] Realtime conectado @ http://localhost:3000/_next/static/chunks/node_modules_next_dist_f3530cac._.js:2297
[ 8590293ms] [LOG] [Notificações] Realtime conectado @ http://localhost:3000/_next/static/chunks/node_modules_next_dist_f3530cac._.js:2297
[ 8593135ms] [WARNING] [Chat] Canal fechado, reconectando... @ http://localhost:3000/_next/static/chunks/node_modules_next_dist_f3530cac._.js:2297
[ 8593135ms] [WARNING] [Notificações] Canal fechado, reconectando... @ http://localhost:3000/_next/static/chunks/node_modules_next_dist_f3530cac._.js:2297
[ 8593135ms] [WARNING] [Chat] Canal fechado, reconectando... @ http://localhost:3000/_next/static/chunks/node_modules_next_dist_f3530cac._.js:2297
[ 8593151ms] [WARNING] [Notificações] Canal fechado, reconectando... @ http://localhost:3000/_next/static/chunks/node_modules_next_dist_f3530cac._.js:2297
[ 8593151ms] [WARNING] [Chat] Canal fechado, reconectando... @ http://localhost:3000/_next/static/chunks/node_modules_next_dist_f3530cac._.js:2297
[ 8593151ms] [WARNING] [Notificações] Canal fechado, reconectando... @ http://localhost:3000/_next/static/chunks/node_modules_next_dist_f3530cac._.js:2297
[ 8593314ms] [LOG] [Chat] Realtime conectado @ http://localhost:3000/_next/static/chunks/node_modules_next_dist_f3530cac._.js:2297
[ 8593315ms] [LOG] [Notificações] Realtime conectado @ http://localhost:3000/_next/static/chunks/node_modules_next_dist_f3530cac._.js:2297
[ 8605427ms] [WARNING] [Chat] Canal fechado, reconectando... @ http://localhost:3000/_next/static/chunks/node_modules_next_dist_f3530cac._.js:2297
[ 8605428ms] [WARNING] [Notificações] Canal fechado, reconectando... @ http://localhost:3000/_next/static/chunks/node_modules_next_dist_f3530cac._.js:2297
[ 8605444ms] [WARNING] [Chat] Canal fechado, reconectando... @ http://localhost:3000/_next/static/chunks/node_modules_next_dist_f3530cac._.js:2297
[ 8605445ms] [WARNING] [Notificações] Canal fechado, reconectando... @ http://localhost:3000/_next/static/chunks/node_modules_next_dist_f3530cac._.js:2297
[ 8605445ms] [WARNING] [Chat] Canal fechado, reconectando... @ http://localhost:3000/_next/static/chunks/node_modules_next_dist_f3530cac._.js:2297
[ 8605445ms] [WARNING] [Notificações] Canal fechado, reconectando... @ http://localhost:3000/_next/static/chunks/node_modules_next_dist_f3530cac._.js:2297
[ 8605597ms] [LOG] [Chat] Realtime conectado @ http://localhost:3000/_next/static/chunks/node_modules_next_dist_f3530cac._.js:2297
[ 8605620ms] [LOG] [Notificações] Realtime conectado @ http://localhost:3000/_next/static/chunks/node_modules_next_dist_f3530cac._.js:2297
[ 8605678ms] [LOG] [Fast Refresh] rebuilding @ http://localhost:3000/_next/static/chunks/node_modules_next_dist_f3530cac._.js:2297
[ 8605768ms] [LOG] [Fast Refresh] done in 207ms @ http://localhost:3000/_next/static/chunks/node_modules_next_dist_f3530cac._.js:2297
[ 8608428ms] [WARNING] [Chat] Canal fechado, reconectando... @ http://localhost:3000/_next/static/chunks/node_modules_next_dist_f3530cac._.js:2297
[ 8608428ms] [WARNING] [Notificações] Canal fechado, reconectando... @ http://localhost:3000/_next/static/chunks/node_modules_next_dist_f3530cac._.js:2297
[ 8608445ms] [WARNING] [Chat] Canal fechado, reconectando... @ http://localhost:3000/_next/static/chunks/node_modules_next_dist_f3530cac._.js:2297
[ 8608446ms] [WARNING] [Notificações] Canal fechado, reconectando... @ http://localhost:3000/_next/static/chunks/node_modules_next_dist_f3530cac._.js:2297
[ 8608446ms] [WARNING] [Chat] Canal fechado, reconectando... @ http://localhost:3000/_next/static/chunks/node_modules_next_dist_f3530cac._.js:2297
[ 8608446ms] [WARNING] [Notificações] Canal fechado, reconectando... @ http://localhost:3000/_next/static/chunks/node_modules_next_dist_f3530cac._.js:2297
[ 8608594ms] [LOG] [Chat] Realtime conectado @ http://localhost:3000/_next/static/chunks/node_modules_next_dist_f3530cac._.js:2297
[ 8608594ms] [LOG] [Notificações] Realtime conectado @ http://localhost:3000/_next/static/chunks/node_modules_next_dist_f3530cac._.js:2297
[ 8611444ms] [WARNING] [Chat] Canal fechado, reconectando... @ http://localhost:3000/_next/static/chunks/node_modules_next_dist_f3530cac._.js:2297
[ 8611444ms] [WARNING] [Notificações] Canal fechado, reconectando... @ http://localhost:3000/_next/static/chunks/node_modules_next_dist_f3530cac._.js:2297
[ 8611461ms] [WARNING] [Chat] Canal fechado, reconectando... @ http://localhost:3000/_next/static/chunks/node_modules_next_dist_f3530cac._.js:2297
[ 8611461ms] [WARNING] [Notificações] Canal fechado, reconectando... @ http://localhost:3000/_next/static/chunks/node_modules_next_dist_f3530cac._.js:2297
[ 8611461ms] [WARNING] [Chat] Canal fechado, reconectando... @ http://localhost:3000/_next/static/chunks/node_modules_next_dist_f3530cac._.js:2297
[ 8611462ms] [WARNING] [Notificações] Canal fechado, reconectando... @ http://localhost:3000/_next/static/chunks/node_modules_next_dist_f3530cac._.js:2297
[ 8611627ms] [LOG] [Chat] Realtime conectado @ http://localhost:3000/_next/static/chunks/node_modules_next_dist_f3530cac._.js:2297
[ 8611627ms] [LOG] [Notificações] Realtime conectado @ http://localhost:3000/_next/static/chunks/node_modules_next_dist_f3530cac._.js:2297
[ 8614444ms] [WARNING] [Chat] Canal fechado, reconectando... @ http://localhost:3000/_next/static/chunks/node_modules_next_dist_f3530cac._.js:2297
[ 8614445ms] [WARNING] [Notificações] Canal fechado, reconectando... @ http://localhost:3000/_next/static/chunks/node_modules_next_dist_f3530cac._.js:2297
[ 8614461ms] [WARNING] [Chat] Canal fechado, reconectando... @ http://localhost:3000/_next/static/chunks/node_modules_next_dist_f3530cac._.js:2297
[ 8614462ms] [WARNING] [Notificações] Canal fechado, reconectando... @ http://localhost:3000/_next/static/chunks/node_modules_next_dist_f3530cac._.js:2297
[ 8614463ms] [WARNING] [Chat] Canal fechado, reconectando... @ http://localhost:3000/_next/static/chunks/node_modules_next_dist_f3530cac._.js:2297
[ 8614463ms] [WARNING] [Notificações] Canal fechado, reconectando... @ http://localhost:3000/_next/static/chunks/node_modules_next_dist_f3530cac._.js:2297
[ 8614611ms] [LOG] [Chat] Realtime conectado @ http://localhost:3000/_next/static/chunks/node_modules_next_dist_f3530cac._.js:2297
[ 8614611ms] [LOG] [Notificações] Realtime conectado @ http://localhost:3000/_next/static/chunks/node_modules_next_dist_f3530cac._.js:2297
[ 8617461ms] [WARNING] [Chat] Canal fechado, reconectando... @ http://localhost:3000/_next/static/chunks/node_modules_next_dist_f3530cac._.js:2297
[ 8617461ms] [WARNING] [Notificações] Canal fechado, reconectando... @ http://localhost:3000/_next/static/chunks/node_modules_next_dist_f3530cac._.js:2297
[ 8617478ms] [WARNING] [Chat] Canal fechado, reconectando... @ http://localhost:3000/_next/static/chunks/node_modules_next_dist_f3530cac._.js:2297
[ 8617478ms] [WARNING] [Notificações] Canal fechado, reconectando... @ http://localhost:3000/_next/static/chunks/node_modules_next_dist_f3530cac._.js:2297
[ 8617478ms] [WARNING] [Chat] Canal fechado, reconectando... @ http://localhost:3000/_next/static/chunks/node_modules_next_dist_f3530cac._.js:2297
[ 8617479ms] [WARNING] [Notificações] Canal fechado, reconectando... @ http://localhost:3000/_next/static/chunks/node_modules_next_dist_f3530cac._.js:2297
[ 8617646ms] [LOG] [Chat] Realtime conectado @ http://localhost:3000/_next/static/chunks/node_modules_next_dist_f3530cac._.js:2297
[ 8617646ms] [LOG] [Notificações] Realtime conectado @ http://localhost:3000/_next/static/chunks/node_modules_next_dist_f3530cac._.js:2297
[ 8620463ms] [WARNING] [Chat] Canal fechado, reconectando... @ http://localhost:3000/_next/static/chunks/node_modules_next_dist_f3530cac._.js:2297
[ 8620464ms] [WARNING] [Notificações] Canal fechado, reconectando... @ http://localhost:3000/_next/static/chunks/node_modules_next_dist_f3530cac._.js:2297
[ 8620496ms] [WARNING] [Chat] Canal fechado, reconectando... @ http://localhost:3000/_next/static/chunks/node_modules_next_dist_f3530cac._.js:2297
[ 8620496ms] [WARNING] [Notificações] Canal fechado, reconectando... @ http://localhost:3000/_next/static/chunks/node_modules_next_dist_f3530cac._.js:2297
[ 8620496ms] [WARNING] [Chat] Canal fechado, reconectando... @ http://localhost:3000/_next/static/chunks/node_modules_next_dist_f3530cac._.js:2297
[ 8620498ms] [WARNING] [Notificações] Canal fechado, reconectando... @ http://localhost:3000/_next/static/chunks/node_modules_next_dist_f3530cac._.js:2297
[ 8620645ms] [LOG] [Chat] Realtime conectado @ http://localhost:3000/_next/static/chunks/node_modules_next_dist_f3530cac._.js:2297
[ 8620645ms] [LOG] [Notificações] Realtime conectado @ http://localhost:3000/_next/static/chunks/node_modules_next_dist_f3530cac._.js:2297
[ 8623478ms] [WARNING] [Chat] Canal fechado, reconectando... @ http://localhost:3000/_next/static/chunks/node_modules_next_dist_f3530cac._.js:2297
[ 8623479ms] [WARNING] [Notificações] Canal fechado, reconectando... @ http://localhost:3000/_next/static/chunks/node_modules_next_dist_f3530cac._.js:2297
[ 8623510ms] [WARNING] [Chat] Canal fechado, reconectando... @ http://localhost:3000/_next/static/chunks/node_modules_next_dist_f3530cac._.js:2297
[ 8623511ms] [WARNING] [Notificações] Canal fechado, reconectando... @ http://localhost:3000/_next/static/chunks/node_modules_next_dist_f3530cac._.js:2297
[ 8623511ms] [WARNING] [Chat] Canal fechado, reconectando... @ http://localhost:3000/_next/static/chunks/node_modules_next_dist_f3530cac._.js:2297
[ 8623511ms] [WARNING] [Notificações] Canal fechado, reconectando... @ http://localhost:3000/_next/static/chunks/node_modules_next_dist_f3530cac._.js:2297
[ 8623660ms] [LOG] [Chat] Realtime conectado @ http://localhost:3000/_next/static/chunks/node_modules_next_dist_f3530cac._.js:2297
[ 8623660ms] [LOG] [Notificações] Realtime conectado @ http://localhost:3000/_next/static/chunks/node_modules_next_dist_f3530cac._.js:2297
[ 8626494ms] [WARNING] [Chat] Canal fechado, reconectando... @ http://localhost:3000/_next/static/chunks/node_modules_next_dist_f3530cac._.js:2297
[ 8626494ms] [WARNING] [Notificações] Canal fechado, reconectando... @ http://localhost:3000/_next/static/chunks/node_modules_next_dist_f3530cac._.js:2297
[ 8626511ms] [WARNING] [Chat] Canal fechado, reconectando... @ http://localhost:3000/_next/static/chunks/node_modules_next_dist_f3530cac._.js:2297
[ 8626512ms] [WARNING] [Notificações] Canal fechado, reconectando... @ http://localhost:3000/_next/static/chunks/node_modules_next_dist_f3530cac._.js:2297
[ 8626512ms] [WARNING] [Chat] Canal fechado, reconectando... @ http://localhost:3000/_next/static/chunks/node_modules_next_dist_f3530cac._.js:2297
[ 8626512ms] [WARNING] [Notificações] Canal fechado, reconectando... @ http://localhost:3000/_next/static/chunks/node_modules_next_dist_f3530cac._.js:2297
[ 8626661ms] [LOG] [Chat] Realtime conectado @ http://localhost:3000/_next/static/chunks/node_modules_next_dist_f3530cac._.js:2297
[ 8626677ms] [LOG] [Notificações] Realtime conectado @ http://localhost:3000/_next/static/chunks/node_modules_next_dist_f3530cac._.js:2297
[ 8629494ms] [WARNING] [Chat] Canal fechado, reconectando... @ http://localhost:3000/_next/static/chunks/node_modules_next_dist_f3530cac._.js:2297
[ 8629495ms] [WARNING] [Notificações] Canal fechado, reconectando... @ http://localhost:3000/_next/static/chunks/node_modules_next_dist_f3530cac._.js:2297
[ 8629513ms] [WARNING] [Chat] Canal fechado, reconectando... @ http://localhost:3000/_next/static/chunks/node_modules_next_dist_f3530cac._.js:2297
[ 8629514ms] [WARNING] [Notificações] Canal fechado, reconectando... @ http://localhost:3000/_next/static/chunks/node_modules_next_dist_f3530cac._.js:2297
[ 8629515ms] [WARNING] [Chat] Canal fechado, reconectando... @ http://localhost:3000/_next/static/chunks/node_modules_next_dist_f3530cac._.js:2297
[ 8629515ms] [WARNING] [Notificações] Canal fechado, reconectando... @ http://localhost:3000/_next/static/chunks/node_modules_next_dist_f3530cac._.js:2297
[ 8629662ms] [LOG] [Chat] Realtime conectado @ http://localhost:3000/_next/static/chunks/node_modules_next_dist_f3530cac._.js:2297
[ 8629663ms] [LOG] [Notificações] Realtime conectado @ http://localhost:3000/_next/static/chunks/node_modules_next_dist_f3530cac._.js:2297
[ 8632524ms] [WARNING] [Chat] Canal fechado, reconectando... @ http://localhost:3000/_next/static/chunks/node_modules_next_dist_f3530cac._.js:2297
[ 8632524ms] [WARNING] [Notificações] Canal fechado, reconectando... @ http://localhost:3000/_next/static/chunks/node_modules_next_dist_f3530cac._.js:2297
[ 8632544ms] [WARNING] [Chat] Canal fechado, reconectando... @ http://localhost:3000/_next/static/chunks/node_modules_next_dist_f3530cac._.js:2297
[ 8632545ms] [WARNING] [Notificações] Canal fechado, reconectando... @ http://localhost:3000/_next/static/chunks/node_modules_next_dist_f3530cac._.js:2297
[ 8632545ms] [WARNING] [Chat] Canal fechado, reconectando... @ http://localhost:3000/_next/static/chunks/node_modules_next_dist_f3530cac._.js:2297
[ 8632546ms] [WARNING] [Notificações] Canal fechado, reconectando... @ http://localhost:3000/_next/static/chunks/node_modules_next_dist_f3530cac._.js:2297
[ 8632759ms] [LOG] [Chat] Realtime conectado @ http://localhost:3000/_next/static/chunks/node_modules_next_dist_f3530cac._.js:2297
[ 8632760ms] [LOG] [Notificações] Realtime conectado @ http://localhost:3000/_next/static/chunks/node_modules_next_dist_f3530cac._.js:2297
[ 8632829ms] [LOG] [Fast Refresh] rebuilding @ http://localhost:3000/_next/static/chunks/node_modules_next_dist_f3530cac._.js:2297
[ 8632890ms] [LOG] [Fast Refresh] done in 165ms @ http://localhost:3000/_next/static/chunks/node_modules_next_dist_f3530cac._.js:2297
[ 8633041ms] [LOG] [Fast Refresh] rebuilding @ http://localhost:3000/_next/static/chunks/node_modules_next_dist_f3530cac._.js:2297
[ 8635502ms] [LOG] [Fast Refresh] done in 300ms @ http://localhost:3000/_next/static/chunks/node_modules_next_dist_f3530cac._.js:2297
[ 8635563ms] [WARNING] [Chat] Canal fechado, reconectando... @ http://localhost:3000/_next/static/chunks/node_modules_next_dist_f3530cac._.js:2297
[ 8635564ms] [WARNING] [Notificações] Canal fechado, reconectando... @ http://localhost:3000/_next/static/chunks/node_modules_next_dist_f3530cac._.js:2297
[ 8635566ms] [WARNING] [Chat] Canal fechado, reconectando... @ http://localhost:3000/_next/static/chunks/node_modules_next_dist_f3530cac._.js:2297
[ 8635566ms] [WARNING] [Notificações] Canal fechado, reconectando... @ http://localhost:3000/_next/static/chunks/node_modules_next_dist_f3530cac._.js:2297
[ 8635567ms] [WARNING] [Chat] Canal fechado, reconectando... @ http://localhost:3000/_next/static/chunks/node_modules_next_dist_f3530cac._.js:2297
[ 8635572ms] [WARNING] [Notificações] Canal fechado, reconectando... @ http://localhost:3000/_next/static/chunks/node_modules_next_dist_f3530cac._.js:2297
[ 8636688ms] [LOG] [Chat] Realtime conectado @ http://localhost:3000/_next/static/chunks/node_modules_next_dist_f3530cac._.js:2297
[ 8636688ms] [LOG] [Notificações] Realtime conectado @ http://localhost:3000/_next/static/chunks/node_modules_next_dist_f3530cac._.js:2297
[ 8638581ms] [WARNING] [Chat] Canal fechado, reconectando... @ http://localhost:3000/_next/static/chunks/node_modules_next_dist_f3530cac._.js:2297
[ 8638582ms] [WARNING] [Notificações] Canal fechado, reconectando... @ http://localhost:3000/_next/static/chunks/node_modules_next_dist_f3530cac._.js:2297
[ 8638582ms] [WARNING] [Chat] Canal fechado, reconectando... @ http://localhost:3000/_next/static/chunks/node_modules_next_dist_f3530cac._.js:2297
[ 8638582ms] [WARNING] [Notificações] Canal fechado, reconectando... @ http://localhost:3000/_next/static/chunks/node_modules_next_dist_f3530cac._.js:2297
[ 8638583ms] [WARNING] [Chat] Canal fechado, reconectando... @ http://localhost:3000/_next/static/chunks/node_modules_next_dist_f3530cac._.js:2297
[ 8638583ms] [WARNING] [Notificações] Canal fechado, reconectando... @ http://localhost:3000/_next/static/chunks/node_modules_next_dist_f3530cac._.js:2297
[ 8638745ms] [LOG] [Chat] Realtime conectado @ http://localhost:3000/_next/static/chunks/node_modules_next_dist_f3530cac._.js:2297
[ 8638745ms] [LOG] [Notificações] Realtime conectado @ http://localhost:3000/_next/static/chunks/node_modules_next_dist_f3530cac._.js:2297
[ 8639223ms] [LOG] [Fast Refresh] rebuilding @ http://localhost:3000/_next/static/chunks/node_modules_next_dist_f3530cac._.js:2297
[ 8639270ms] [LOG] [Fast Refresh] done in 149ms @ http://localhost:3000/_next/static/chunks/node_modules_next_dist_f3530cac._.js:2297
[ 8639395ms] [LOG] [Fast Refresh] rebuilding @ http://localhost:3000/_next/static/chunks/node_modules_next_dist_f3530cac._.js:2297
[ 8640625ms] [LOG] [Fast Refresh] done in 107ms @ http://localhost:3000/_next/static/chunks/node_modules_next_dist_f3530cac._.js:2297
[ 8641671ms] [WARNING] [Chat] Canal fechado, reconectando... @ http://localhost:3000/_next/static/chunks/node_modules_next_dist_f3530cac._.js:2297
[ 8641671ms] [WARNING] [Notificações] Canal fechado, reconectando... @ http://localhost:3000/_next/static/chunks/node_modules_next_dist_f3530cac._.js:2297
[ 8641671ms] [WARNING] [Chat] Canal fechado, reconectando... @ http://localhost:3000/_next/static/chunks/node_modules_next_dist_f3530cac._.js:2297
[ 8641672ms] [WARNING] [Notificações] Canal fechado, reconectando... @ http://localhost:3000/_next/static/chunks/node_modules_next_dist_f3530cac._.js:2297
[ 8641672ms] [WARNING] [Chat] Canal fechado, reconectando... @ http://localhost:3000/_next/static/chunks/node_modules_next_dist_f3530cac._.js:2297
[ 8641688ms] [WARNING] [Notificações] Canal fechado, reconectando... @ http://localhost:3000/_next/static/chunks/node_modules_next_dist_f3530cac._.js:2297
[ 8642614ms] [LOG] [Chat] Realtime conectado @ http://localhost:3000/_next/static/chunks/node_modules_next_dist_f3530cac._.js:2297
[ 8642614ms] [LOG] [Notificações] Realtime conectado @ http://localhost:3000/_next/static/chunks/node_modules_next_dist_f3530cac._.js:2297
[ 8645816ms] [WARNING] [Chat] Canal fechado, reconectando... @ http://localhost:3000/_next/static/chunks/node_modules_next_dist_f3530cac._.js:2297
[ 8645817ms] [WARNING] [Notificações] Canal fechado, reconectando... @ http://localhost:3000/_next/static/chunks/node_modules_next_dist_f3530cac._.js:2297
[ 8645817ms] [WARNING] [Chat] Canal fechado, reconectando... @ http://localhost:3000/_next/static/chunks/node_modules_next_dist_f3530cac._.js:2297
[ 8645818ms] [WARNING] [Notificações] Canal fechado, reconectando... @ http://localhost:3000/_next/static/chunks/node_modules_next_dist_f3530cac._.js:2297
[ 8645818ms] [WARNING] [Chat] Canal fechado, reconectando... @ http://localhost:3000/_next/static/chunks/node_modules_next_dist_f3530cac._.js:2297
[ 8645818ms] [WARNING] [Notificações] Canal fechado, reconectando... @ http://localhost:3000/_next/static/chunks/node_modules_next_dist_f3530cac._.js:2297
[ 8645996ms] [LOG] [Chat] Realtime conectado @ http://localhost:3000/_next/static/chunks/node_modules_next_dist_f3530cac._.js:2297
[ 8646009ms] [LOG] [Notificações] Realtime conectado @ http://localhost:3000/_next/static/chunks/node_modules_next_dist_f3530cac._.js:2297
[ 8648827ms] [WARNING] [Chat] Canal fechado, reconectando... @ http://localhost:3000/_next/static/chunks/node_modules_next_dist_f3530cac._.js:2297
[ 8648828ms] [WARNING] [Notificações] Canal fechado, reconectando... @ http://localhost:3000/_next/static/chunks/node_modules_next_dist_f3530cac._.js:2297
[ 8648828ms] [WARNING] [Chat] Canal fechado, reconectando... @ http://localhost:3000/_next/static/chunks/node_modules_next_dist_f3530cac._.js:2297
[ 8648828ms] [WARNING] [Notificações] Canal fechado, reconectando... @ http://localhost:3000/_next/static/chunks/node_modules_next_dist_f3530cac._.js:2297
[ 8648829ms] [WARNING] [Chat] Canal fechado, reconectando... @ http://localhost:3000/_next/static/chunks/node_modules_next_dist_f3530cac._.js:2297
[ 8648829ms] [WARNING] [Notificações] Canal fechado, reconectando... @ http://localhost:3000/_next/static/chunks/node_modules_next_dist_f3530cac._.js:2297
[ 8648992ms] [LOG] [Chat] Realtime conectado @ http://localhost:3000/_next/static/chunks/node_modules_next_dist_f3530cac._.js:2297
[ 8648996ms] [LOG] [Notificações] Realtime conectado @ http://localhost:3000/_next/static/chunks/node_modules_next_dist_f3530cac._.js:2297
[ 8651842ms] [WARNING] [Chat] Canal fechado, reconectando... @ http://localhost:3000/_next/static/chunks/node_modules_next_dist_f3530cac._.js:2297
[ 8651842ms] [WARNING] [Notificações] Canal fechado, reconectando... @ http://localhost:3000/_next/static/chunks/node_modules_next_dist_f3530cac._.js:2297
[ 8651843ms] [WARNING] [Chat] Canal fechado, reconectando... @ http://localhost:3000/_next/static/chunks/node_modules_next_dist_f3530cac._.js:2297
[ 8651843ms] [WARNING] [Notificações] Canal fechado, reconectando... @ http://localhost:3000/_next/static/chunks/node_modules_next_dist_f3530cac._.js:2297
[ 8651844ms] [WARNING] [Chat] Canal fechado, reconectando... @ http://localhost:3000/_next/static/chunks/node_modules_next_dist_f3530cac._.js:2297
[ 8651844ms] [WARNING] [Notificações] Canal fechado, reconectando... @ http://localhost:3000/_next/static/chunks/node_modules_next_dist_f3530cac._.js:2297
[ 8652009ms] [LOG] [Chat] Realtime conectado @ http://localhost:3000/_next/static/chunks/node_modules_next_dist_f3530cac._.js:2297
[ 8652009ms] [LOG] [Notificações] Realtime conectado @ http://localhost:3000/_next/static/chunks/node_modules_next_dist_f3530cac._.js:2297
[ 8654859ms] [WARNING] [Chat] Canal fechado, reconectando... @ http://localhost:3000/_next/static/chunks/node_modules_next_dist_f3530cac._.js:2297
[ 8654859ms] [WARNING] [Notificações] Canal fechado, reconectando... @ http://localhost:3000/_next/static/chunks/node_modules_next_dist_f3530cac._.js:2297
[ 8654860ms] [WARNING] [Chat] Canal fechado, reconectando... @ http://localhost:3000/_next/static/chunks/node_modules_next_dist_f3530cac._.js:2297
[ 8654860ms] [WARNING] [Notificações] Canal fechado, reconectando... @ http://localhost:3000/_next/static/chunks/node_modules_next_dist_f3530cac._.js:2297
[ 8654861ms] [WARNING] [Chat] Canal fechado, reconectando... @ http://localhost:3000/_next/static/chunks/node_modules_next_dist_f3530cac._.js:2297
[ 8654861ms] [WARNING] [Notificações] Canal fechado, reconectando... @ http://localhost:3000/_next/static/chunks/node_modules_next_dist_f3530cac._.js:2297
[ 8655009ms] [LOG] [Chat] Realtime conectado @ http://localhost:3000/_next/static/chunks/node_modules_next_dist_f3530cac._.js:2297
[ 8655026ms] [LOG] [Notificações] Realtime conectado @ http://localhost:3000/_next/static/chunks/node_modules_next_dist_f3530cac._.js:2297
[ 8657864ms] [WARNING] [Chat] Canal fechado, reconectando... @ http://localhost:3000/_next/static/chunks/node_modules_next_dist_f3530cac._.js:2297
[ 8657865ms] [WARNING] [Notificações] Canal fechado, reconectando... @ http://localhost:3000/_next/static/chunks/node_modules_next_dist_f3530cac._.js:2297
[ 8657866ms] [WARNING] [Chat] Canal fechado, reconectando... @ http://localhost:3000/_next/static/chunks/node_modules_next_dist_f3530cac._.js:2297
[ 8657895ms] [WARNING] [Notificações] Canal fechado, reconectando... @ http://localhost:3000/_next/static/chunks/node_modules_next_dist_f3530cac._.js:2297
[ 8657896ms] [WARNING] [Chat] Canal fechado, reconectando... @ http://localhost:3000/_next/static/chunks/node_modules_next_dist_f3530cac._.js:2297
[ 8657896ms] [WARNING] [Notificações] Canal fechado, reconectando... @ http://localhost:3000/_next/static/chunks/node_modules_next_dist_f3530cac._.js:2297
[ 8658069ms] [LOG] [Chat] Realtime conectado @ http://localhost:3000/_next/static/chunks/node_modules_next_dist_f3530cac._.js:2297
[ 8658069ms] [LOG] [Notificações] Realtime conectado @ http://localhost:3000/_next/static/chunks/node_modules_next_dist_f3530cac._.js:2297
[ 8660876ms] [WARNING] [Chat] Canal fechado, reconectando... @ http://localhost:3000/_next/static/chunks/node_modules_next_dist_f3530cac._.js:2297
[ 8660877ms] [WARNING] [Notificações] Canal fechado, reconectando... @ http://localhost:3000/_next/static/chunks/node_modules_next_dist_f3530cac._.js:2297
[ 8660877ms] [WARNING] [Chat] Canal fechado, reconectando... @ http://localhost:3000/_next/static/chunks/node_modules_next_dist_f3530cac._.js:2297
[ 8660909ms] [WARNING] [Notificações] Canal fechado, reconectando... @ http://localhost:3000/_next/static/chunks/node_modules_next_dist_f3530cac._.js:2297
[ 8660910ms] [WARNING] [Chat] Canal fechado, reconectando... @ http://localhost:3000/_next/static/chunks/node_modules_next_dist_f3530cac._.js:2297
[ 8660910ms] [WARNING] [Notificações] Canal fechado, reconectando... @ http://localhost:3000/_next/static/chunks/node_modules_next_dist_f3530cac._.js:2297
[ 8661061ms] [LOG] [Chat] Realtime conectado @ http://localhost:3000/_next/static/chunks/node_modules_next_dist_f3530cac._.js:2297
[ 8661076ms] [LOG] [Notificações] Realtime conectado @ http://localhost:3000/_next/static/chunks/node_modules_next_dist_f3530cac._.js:2297
[ 8663892ms] [WARNING] [Chat] Canal fechado, reconectando... @ http://localhost:3000/_next/static/chunks/node_modules_next_dist_f3530cac._.js:2297
[ 8663893ms] [WARNING] [Notificações] Canal fechado, reconectando... @ http://localhost:3000/_next/static/chunks/node_modules_next_dist_f3530cac._.js:2297
[ 8663893ms] [WARNING] [Chat] Canal fechado, reconectando... @ http://localhost:3000/_next/static/chunks/node_modules_next_dist_f3530cac._.js:2297
[ 8663910ms] [WARNING] [Notificações] Canal fechado, reconectando... @ http://localhost:3000/_next/static/chunks/node_modules_next_dist_f3530cac._.js:2297
[ 8663911ms] [WARNING] [Chat] Canal fechado, reconectando... @ http://localhost:3000/_next/static/chunks/node_modules_next_dist_f3530cac._.js:2297
[ 8663911ms] [WARNING] [Notificações] Canal fechado, reconectando... @ http://localhost:3000/_next/static/chunks/node_modules_next_dist_f3530cac._.js:2297
[ 8664061ms] [LOG] [Chat] Realtime conectado @ http://localhost:3000/_next/static/chunks/node_modules_next_dist_f3530cac._.js:2297
[ 8664075ms] [LOG] [Notificações] Realtime conectado @ http://localhost:3000/_next/static/chunks/node_modules_next_dist_f3530cac._.js:2297
[ 8666908ms] [WARNING] [Chat] Canal fechado, reconectando... @ http://localhost:3000/_next/static/chunks/node_modules_next_dist_f3530cac._.js:2297
[ 8666909ms] [WARNING] [Notificações] Canal fechado, reconectando... @ http://localhost:3000/_next/static/chunks/node_modules_next_dist_f3530cac._.js:2297
[ 8666909ms] [WARNING] [Chat] Canal fechado, reconectando... @ http://localhost:3000/_next/static/chunks/node_modules_next_dist_f3530cac._.js:2297
[ 8666926ms] [WARNING] [Notificações] Canal fechado, reconectando... @ http://localhost:3000/_next/static/chunks/node_modules_next_dist_f3530cac._.js:2297
[ 8666926ms] [WARNING] [Chat] Canal fechado, reconectando... @ http://localhost:3000/_next/static/chunks/node_modules_next_dist_f3530cac._.js:2297
[ 8666926ms] [WARNING] [Notificações] Canal fechado, reconectando... @ http://localhost:3000/_next/static/chunks/node_modules_next_dist_f3530cac._.js:2297
[ 8667092ms] [LOG] [Chat] Realtime conectado @ http://localhost:3000/_next/static/chunks/node_modules_next_dist_f3530cac._.js:2297
[ 8667092ms] [LOG] [Notificações] Realtime conectado @ http://localhost:3000/_next/static/chunks/node_modules_next_dist_f3530cac._.js:2297
[ 8669925ms] [WARNING] [Chat] Canal fechado, reconectando... @ http://localhost:3000/_next/static/chunks/node_modules_next_dist_f3530cac._.js:2297
[ 8669925ms] [WARNING] [Notificações] Canal fechado, reconectando... @ http://localhost:3000/_next/static/chunks/node_modules_next_dist_f3530cac._.js:2297
[ 8669926ms] [WARNING] [Chat] Canal fechado, reconectando... @ http://localhost:3000/_next/static/chunks/node_modules_next_dist_f3530cac._.js:2297
[ 8669926ms] [WARNING] [Notificações] Canal fechado, reconectando... @ http://localhost:3000/_next/static/chunks/node_modules_next_dist_f3530cac._.js:2297
[ 8669926ms] [WARNING] [Chat] Canal fechado, reconectando... @ http://localhost:3000/_next/static/chunks/node_modules_next_dist_f3530cac._.js:2297
[ 8669942ms] [WARNING] [Notificações] Canal fechado, reconectando... @ http://localhost:3000/_next/static/chunks/node_modules_next_dist_f3530cac._.js:2297
[ 8670092ms] [LOG] [Chat] Realtime conectado @ http://localhost:3000/_next/static/chunks/node_modules_next_dist_f3530cac._.js:2297
[ 8670092ms] [LOG] [Notificações] Realtime conectado @ http://localhost:3000/_next/static/chunks/node_modules_next_dist_f3530cac._.js:2297
[ 8672926ms] [WARNING] [Chat] Canal fechado, reconectando... @ http://localhost:3000/_next/static/chunks/node_modules_next_dist_f3530cac._.js:2297
[ 8672926ms] [WARNING] [Notificações] Canal fechado, reconectando... @ http://localhost:3000/_next/static/chunks/node_modules_next_dist_f3530cac._.js:2297
[ 8672926ms] [WARNING] [Chat] Canal fechado, reconectando... @ http://localhost:3000/_next/static/chunks/node_modules_next_dist_f3530cac._.js:2297
[ 8672927ms] [WARNING] [Notificações] Canal fechado, reconectando... @ http://localhost:3000/_next/static/chunks/node_modules_next_dist_f3530cac._.js:2297
[ 8672927ms] [WARNING] [Chat] Canal fechado, reconectando... @ http://localhost:3000/_next/static/chunks/node_modules_next_dist_f3530cac._.js:2297
[ 8672942ms] [WARNING] [Notificações] Canal fechado, reconectando... @ http://localhost:3000/_next/static/chunks/node_modules_next_dist_f3530cac._.js:2297
[ 8673109ms] [LOG] [Chat] Realtime conectado @ http://localhost:3000/_next/static/chunks/node_modules_next_dist_f3530cac._.js:2297
[ 8673109ms] [LOG] [Notificações] Realtime conectado @ http://localhost:3000/_next/static/chunks/node_modules_next_dist_f3530cac._.js:2297
[ 8675935ms] [WARNING] [Chat] Canal fechado, reconectando... @ http://localhost:3000/_next/static/chunks/node_modules_next_dist_f3530cac._.js:2297
[ 8675936ms] [WARNING] [Notificações] Canal fechado, reconectando... @ http://localhost:3000/_next/static/chunks/node_modules_next_dist_f3530cac._.js:2297
[ 8675936ms] [WARNING] [Chat] Canal fechado, reconectando... @ http://localhost:3000/_next/static/chunks/node_modules_next_dist_f3530cac._.js:2297
[ 8675937ms] [WARNING] [Notificações] Canal fechado, reconectando... @ http://localhost:3000/_next/static/chunks/node_modules_next_dist_f3530cac._.js:2297
[ 8675954ms] [WARNING] [Chat] Canal fechado, reconectando... @ http://localhost:3000/_next/static/chunks/node_modules_next_dist_f3530cac._.js:2297
[ 8675954ms] [WARNING] [Notificações] Canal fechado, reconectando... @ http://localhost:3000/_next/static/chunks/node_modules_next_dist_f3530cac._.js:2297
[ 8676162ms] [LOG] [Chat] Realtime conectado @ http://localhost:3000/_next/static/chunks/node_modules_next_dist_f3530cac._.js:2297
[ 8676162ms] [LOG] [Notificações] Realtime conectado @ http://localhost:3000/_next/static/chunks/node_modules_next_dist_f3530cac._.js:2297
[ 8678941ms] [WARNING] [Chat] Canal fechado, reconectando... @ http://localhost:3000/_next/static/chunks/node_modules_next_dist_f3530cac._.js:2297
[ 8678942ms] [WARNING] [Notificações] Canal fechado, reconectando... @ http://localhost:3000/_next/static/chunks/node_modules_next_dist_f3530cac._.js:2297
[ 8678942ms] [WARNING] [Chat] Canal fechado, reconectando... @ http://localhost:3000/_next/static/chunks/node_modules_next_dist_f3530cac._.js:2297
[ 8678942ms] [WARNING] [Notificações] Canal fechado, reconectando... @ http://localhost:3000/_next/static/chunks/node_modules_next_dist_f3530cac._.js:2297
[ 8678958ms] [WARNING] [Chat] Canal fechado, reconectando... @ http://localhost:3000/_next/static/chunks/node_modules_next_dist_f3530cac._.js:2297
[ 8678958ms] [WARNING] [Notificações] Canal fechado, reconectando... @ http://localhost:3000/_next/static/chunks/node_modules_next_dist_f3530cac._.js:2297
[ 8679127ms] [LOG] [Chat] Realtime conectado @ http://localhost:3000/_next/static/chunks/node_modules_next_dist_f3530cac._.js:2297
[ 8679127ms] [LOG] [Notificações] Realtime conectado @ http://localhost:3000/_next/static/chunks/node_modules_next_dist_f3530cac._.js:2297
[ 8681942ms] [WARNING] [Chat] Canal fechado, reconectando... @ http://localhost:3000/_next/static/chunks/node_modules_next_dist_f3530cac._.js:2297
[ 8681942ms] [WARNING] [Notificações] Canal fechado, reconectando... @ http://localhost:3000/_next/static/chunks/node_modules_next_dist_f3530cac._.js:2297
[ 8681942ms] [WARNING] [Chat] Canal fechado, reconectando... @ http://localhost:3000/_next/static/chunks/node_modules_next_dist_f3530cac._.js:2297
[ 8681943ms] [WARNING] [Notificações] Canal fechado, reconectando... @ http://localhost:3000/_next/static/chunks/node_modules_next_dist_f3530cac._.js:2297
[ 8681958ms] [WARNING] [Chat] Canal fechado, reconectando... @ http://localhost:3000/_next/static/chunks/node_modules_next_dist_f3530cac._.js:2297
[ 8681959ms] [WARNING] [Notificações] Canal fechado, reconectando... @ http://localhost:3000/_next/static/chunks/node_modules_next_dist_f3530cac._.js:2297
[ 8682111ms] [LOG] [Chat] Realtime conectado @ http://localhost:3000/_next/static/chunks/node_modules_next_dist_f3530cac._.js:2297
[ 8682125ms] [LOG] [Notificações] Realtime conectado @ http://localhost:3000/_next/static/chunks/node_modules_next_dist_f3530cac._.js:2297
[ 8684944ms] [WARNING] [Chat] Canal fechado, reconectando... @ http://localhost:3000/_next/static/chunks/node_modules_next_dist_f3530cac._.js:2297
[ 8684944ms] [WARNING] [Notificações] Canal fechado, reconectando... @ http://localhost:3000/_next/static/chunks/node_modules_next_dist_f3530cac._.js:2297
[ 8684945ms] [WARNING] [Chat] Canal fechado, reconectando... @ http://localhost:3000/_next/static/chunks/node_modules_next_dist_f3530cac._.js:2297
[ 8684945ms] [WARNING] [Notificações] Canal fechado, reconectando... @ http://localhost:3000/_next/static/chunks/node_modules_next_dist_f3530cac._.js:2297
[ 8684959ms] [WARNING] [Chat] Canal fechado, reconectando... @ http://localhost:3000/_next/static/chunks/node_modules_next_dist_f3530cac._.js:2297
[ 8684960ms] [WARNING] [Notificações] Canal fechado, reconectando... @ http://localhost:3000/_next/static/chunks/node_modules_next_dist_f3530cac._.js:2297
[ 8685126ms] [LOG] [Chat] Realtime conectado @ http://localhost:3000/_next/static/chunks/node_modules_next_dist_f3530cac._.js:2297
[ 8685126ms] [LOG] [Notificações] Realtime conectado @ http://localhost:3000/_next/static/chunks/node_modules_next_dist_f3530cac._.js:2297
[ 8687958ms] [WARNING] [Chat] Canal fechado, reconectando... @ http://localhost:3000/_next/static/chunks/node_modules_next_dist_f3530cac._.js:2297
[ 8687959ms] [WARNING] [Notificações] Canal fechado, reconectando... @ http://localhost:3000/_next/static/chunks/node_modules_next_dist_f3530cac._.js:2297
[ 8687959ms] [WARNING] [Chat] Canal fechado, reconectando... @ http://localhost:3000/_next/static/chunks/node_modules_next_dist_f3530cac._.js:2297
[ 8687959ms] [WARNING] [Notificações] Canal fechado, reconectando... @ http://localhost:3000/_next/static/chunks/node_modules_next_dist_f3530cac._.js:2297
[ 8687960ms] [WARNING] [Chat] Canal fechado, reconectando... @ http://localhost:3000/_next/static/chunks/node_modules_next_dist_f3530cac._.js:2297
[ 8687960ms] [WARNING] [Notificações] Canal fechado, reconectando... @ http://localhost:3000/_next/static/chunks/node_modules_next_dist_f3530cac._.js:2297
[ 8688126ms] [LOG] [Chat] Realtime conectado @ http://localhost:3000/_next/static/chunks/node_modules_next_dist_f3530cac._.js:2297
[ 8688126ms] [LOG] [Notificações] Realtime conectado @ http://localhost:3000/_next/static/chunks/node_modules_next_dist_f3530cac._.js:2297
[ 8690974ms] [WARNING] [Chat] Canal fechado, reconectando... @ http://localhost:3000/_next/static/chunks/node_modules_next_dist_f3530cac._.js:2297
[ 8690975ms] [WARNING] [Notificações] Canal fechado, reconectando... @ http://localhost:3000/_next/static/chunks/node_modules_next_dist_f3530cac._.js:2297
[ 8690975ms] [WARNING] [Chat] Canal fechado, reconectando... @ http://localhost:3000/_next/static/chunks/node_modules_next_dist_f3530cac._.js:2297
[ 8690976ms] [WARNING] [Notificações] Canal fechado, reconectando... @ http://localhost:3000/_next/static/chunks/node_modules_next_dist_f3530cac._.js:2297
[ 8690976ms] [WARNING] [Chat] Canal fechado, reconectando... @ http://localhost:3000/_next/static/chunks/node_modules_next_dist_f3530cac._.js:2297
[ 8690976ms] [WARNING] [Notificações] Canal fechado, reconectando... @ http://localhost:3000/_next/static/chunks/node_modules_next_dist_f3530cac._.js:2297
[ 8691175ms] [LOG] [Chat] Realtime conectado @ http://localhost:3000/_next/static/chunks/node_modules_next_dist_f3530cac._.js:2297
[ 8691175ms] [LOG] [Notificações] Realtime conectado @ http://localhost:3000/_next/static/chunks/node_modules_next_dist_f3530cac._.js:2297
[ 8693975ms] [WARNING] [Chat] Canal fechado, reconectando... @ http://localhost:3000/_next/static/chunks/node_modules_next_dist_f3530cac._.js:2297
[ 8693975ms] [WARNING] [Notificações] Canal fechado, reconectando... @ http://localhost:3000/_next/static/chunks/node_modules_next_dist_f3530cac._.js:2297
[ 8693976ms] [WARNING] [Chat] Canal fechado, reconectando... @ http://localhost:3000/_next/static/chunks/node_modules_next_dist_f3530cac._.js:2297
[ 8693976ms] [WARNING] [Notificações] Canal fechado, reconectando... @ http://localhost:3000/_next/static/chunks/node_modules_next_dist_f3530cac._.js:2297
[ 8693976ms] [WARNING] [Chat] Canal fechado, reconectando... @ http://localhost:3000/_next/static/chunks/node_modules_next_dist_f3530cac._.js:2297
[ 8693977ms] [WARNING] [Notificações] Canal fechado, reconectando... @ http://localhost:3000/_next/static/chunks/node_modules_next_dist_f3530cac._.js:2297
[ 8694142ms] [LOG] [Chat] Realtime conectado @ http://localhost:3000/_next/static/chunks/node_modules_next_dist_f3530cac._.js:2297
[ 8694142ms] [LOG] [Notificações] Realtime conectado @ http://localhost:3000/_next/static/chunks/node_modules_next_dist_f3530cac._.js:2297
[ 8696993ms] [WARNING] [Chat] Canal fechado, reconectando... @ http://localhost:3000/_next/static/chunks/node_modules_next_dist_f3530cac._.js:2297
[ 8696993ms] [WARNING] [Notificações] Canal fechado, reconectando... @ http://localhost:3000/_next/static/chunks/node_modules_next_dist_f3530cac._.js:2297
[ 8696993ms] [WARNING] [Chat] Canal fechado, reconectando... @ http://localhost:3000/_next/static/chunks/node_modules_next_dist_f3530cac._.js:2297
[ 8696994ms] [WARNING] [Notificações] Canal fechado, reconectando... @ http://localhost:3000/_next/static/chunks/node_modules_next_dist_f3530cac._.js:2297
[ 8696994ms] [WARNING] [Chat] Canal fechado, reconectando... @ http://localhost:3000/_next/static/chunks/node_modules_next_dist_f3530cac._.js:2297
[ 8696994ms] [WARNING] [Notificações] Canal fechado, reconectando... @ http://localhost:3000/_next/static/chunks/node_modules_next_dist_f3530cac._.js:2297
[ 8697159ms] [LOG] [Chat] Realtime conectado @ http://localhost:3000/_next/static/chunks/node_modules_next_dist_f3530cac._.js:2297
[ 8697159ms] [LOG] [Notificações] Realtime conectado @ http://localhost:3000/_next/static/chunks/node_modules_next_dist_f3530cac._.js:2297
[ 8700008ms] [WARNING] [Chat] Canal fechado, reconectando... @ http://localhost:3000/_next/static/chunks/node_modules_next_dist_f3530cac._.js:2297
[ 8700008ms] [WARNING] [Notificações] Canal fechado, reconectando... @ http://localhost:3000/_next/static/chunks/node_modules_next_dist_f3530cac._.js:2297
[ 8700009ms] [WARNING] [Chat] Canal fechado, reconectando... @ http://localhost:3000/_next/static/chunks/node_modules_next_dist_f3530cac._.js:2297
[ 8700009ms] [WARNING] [Notificações] Canal fechado, reconectando... @ http://localhost:3000/_next/static/chunks/node_modules_next_dist_f3530cac._.js:2297
[ 8700009ms] [WARNING] [Chat] Canal fechado, reconectando... @ http://localhost:3000/_next/static/chunks/node_modules_next_dist_f3530cac._.js:2297
[ 8700009ms] [WARNING] [Notificações] Canal fechado, reconectando... @ http://localhost:3000/_next/static/chunks/node_modules_next_dist_f3530cac._.js:2297
[ 8700175ms] [LOG] [Chat] Realtime conectado @ http://localhost:3000/_next/static/chunks/node_modules_next_dist_f3530cac._.js:2297
[ 8700191ms] [LOG] [Notificações] Realtime conectado @ http://localhost:3000/_next/static/chunks/node_modules_next_dist_f3530cac._.js:2297
[ 8703025ms] [WARNING] [Chat] Canal fechado, reconectando... @ http://localhost:3000/_next/static/chunks/node_modules_next_dist_f3530cac._.js:2297
[ 8703025ms] [WARNING] [Notificações] Canal fechado, reconectando... @ http://localhost:3000/_next/static/chunks/node_modules_next_dist_f3530cac._.js:2297
[ 8703026ms] [WARNING] [Chat] Canal fechado, reconectando... @ http://localhost:3000/_next/static/chunks/node_modules_next_dist_f3530cac._.js:2297
[ 8703026ms] [WARNING] [Notificações] Canal fechado, reconectando... @ http://localhost:3000/_next/static/chunks/node_modules_next_dist_f3530cac._.js:2297
[ 8703027ms] [WARNING] [Chat] Canal fechado, reconectando... @ http://localhost:3000/_next/static/chunks/node_modules_next_dist_f3530cac._.js:2297
[ 8703027ms] [WARNING] [Notificações] Canal fechado, reconectando... @ http://localhost:3000/_next/static/chunks/node_modules_next_dist_f3530cac._.js:2297
[ 8703191ms] [LOG] [Chat] Realtime conectado @ http://localhost:3000/_next/static/chunks/node_modules_next_dist_f3530cac._.js:2297
[ 8703191ms] [LOG] [Notificações] Realtime conectado @ http://localhost:3000/_next/static/chunks/node_modules_next_dist_f3530cac._.js:2297
[ 8706041ms] [WARNING] [Chat] Canal fechado, reconectando... @ http://localhost:3000/_next/static/chunks/node_modules_next_dist_f3530cac._.js:2297
[ 8706042ms] [WARNING] [Notificações] Canal fechado, reconectando... @ http://localhost:3000/_next/static/chunks/node_modules_next_dist_f3530cac._.js:2297
[ 8706042ms] [WARNING] [Chat] Canal fechado, reconectando... @ http://localhost:3000/_next/static/chunks/node_modules_next_dist_f3530cac._.js:2297
[ 8706042ms] [WARNING] [Notificações] Canal fechado, reconectando... @ http://localhost:3000/_next/static/chunks/node_modules_next_dist_f3530cac._.js:2297
[ 8706042ms] [WARNING] [Chat] Canal fechado, reconectando... @ http://localhost:3000/_next/static/chunks/node_modules_next_dist_f3530cac._.js:2297
[ 8706042ms] [WARNING] [Notificações] Canal fechado, reconectando... @ http://localhost:3000/_next/static/chunks/node_modules_next_dist_f3530cac._.js:2297
[ 8706208ms] [LOG] [Chat] Realtime conectado @ http://localhost:3000/_next/static/chunks/node_modules_next_dist_f3530cac._.js:2297
[ 8706208ms] [LOG] [Notificações] Realtime conectado @ http://localhost:3000/_next/static/chunks/node_modules_next_dist_f3530cac._.js:2297
[ 8709043ms] [WARNING] [Chat] Canal fechado, reconectando... @ http://localhost:3000/_next/static/chunks/node_modules_next_dist_f3530cac._.js:2297
[ 8709043ms] [WARNING] [Notificações] Canal fechado, reconectando... @ http://localhost:3000/_next/static/chunks/node_modules_next_dist_f3530cac._.js:2297
[ 8709044ms] [WARNING] [Chat] Canal fechado, reconectando... @ http://localhost:3000/_next/static/chunks/node_modules_next_dist_f3530cac._.js:2297
[ 8709044ms] [WARNING] [Notificações] Canal fechado, reconectando... @ http://localhost:3000/_next/static/chunks/node_modules_next_dist_f3530cac._.js:2297
[ 8709044ms] [WARNING] [Chat] Canal fechado, reconectando... @ http://localhost:3000/_next/static/chunks/node_modules_next_dist_f3530cac._.js:2297
[ 8709045ms] [WARNING] [Notificações] Canal fechado, reconectando... @ http://localhost:3000/_next/static/chunks/node_modules_next_dist_f3530cac._.js:2297
[ 8709192ms] [LOG] [Chat] Realtime conectado @ http://localhost:3000/_next/static/chunks/node_modules_next_dist_f3530cac._.js:2297
[ 8709209ms] [LOG] [Notificações] Realtime conectado @ http://localhost:3000/_next/static/chunks/node_modules_next_dist_f3530cac._.js:2297
[ 8712043ms] [WARNING] [Chat] Canal fechado, reconectando... @ http://localhost:3000/_next/static/chunks/node_modules_next_dist_f3530cac._.js:2297
[ 8712044ms] [WARNING] [Notificações] Canal fechado, reconectando... @ http://localhost:3000/_next/static/chunks/node_modules_next_dist_f3530cac._.js:2297
[ 8712044ms] [WARNING] [Chat] Canal fechado, reconectando... @ http://localhost:3000/_next/static/chunks/node_modules_next_dist_f3530cac._.js:2297
[ 8712044ms] [WARNING] [Notificações] Canal fechado, reconectando... @ http://localhost:3000/_next/static/chunks/node_modules_next_dist_f3530cac._.js:2297
[ 8712045ms] [WARNING] [Chat] Canal fechado, reconectando... @ http://localhost:3000/_next/static/chunks/node_modules_next_dist_f3530cac._.js:2297
[ 8712061ms] [WARNING] [Notificações] Canal fechado, reconectando... @ http://localhost:3000/_next/static/chunks/node_modules_next_dist_f3530cac._.js:2297
[ 8712211ms] [LOG] [Chat] Realtime conectado @ http://localhost:3000/_next/static/chunks/node_modules_next_dist_f3530cac._.js:2297
[ 8712211ms] [LOG] [Notificações] Realtime conectado @ http://localhost:3000/_next/static/chunks/node_modules_next_dist_f3530cac._.js:2297
[ 8715058ms] [WARNING] [Chat] Canal fechado, reconectando... @ http://localhost:3000/_next/static/chunks/node_modules_next_dist_f3530cac._.js:2297
[ 8715058ms] [WARNING] [Notificações] Canal fechado, reconectando... @ http://localhost:3000/_next/static/chunks/node_modules_next_dist_f3530cac._.js:2297
[ 8715058ms] [WARNING] [Chat] Canal fechado, reconectando... @ http://localhost:3000/_next/static/chunks/node_modules_next_dist_f3530cac._.js:2297
[ 8715058ms] [WARNING] [Notificações] Canal fechado, reconectando... @ http://localhost:3000/_next/static/chunks/node_modules_next_dist_f3530cac._.js:2297
[ 8715059ms] [WARNING] [Chat] Canal fechado, reconectando... @ http://localhost:3000/_next/static/chunks/node_modules_next_dist_f3530cac._.js:2297
[ 8715074ms] [WARNING] [Notificações] Canal fechado, reconectando... @ http://localhost:3000/_next/static/chunks/node_modules_next_dist_f3530cac._.js:2297
[ 8715224ms] [LOG] [Chat] Realtime conectado @ http://localhost:3000/_next/static/chunks/node_modules_next_dist_f3530cac._.js:2297
[ 8715224ms] [LOG] [Notificações] Realtime conectado @ http://localhost:3000/_next/static/chunks/node_modules_next_dist_f3530cac._.js:2297
[ 8718077ms] [WARNING] [Chat] Canal fechado, reconectando... @ http://localhost:3000/_next/static/chunks/node_modules_next_dist_f3530cac._.js:2297
[ 8718078ms] [WARNING] [Notificações] Canal fechado, reconectando... @ http://localhost:3000/_next/static/chunks/node_modules_next_dist_f3530cac._.js:2297
[ 8718078ms] [WARNING] [Chat] Canal fechado, reconectando... @ http://localhost:3000/_next/static/chunks/node_modules_next_dist_f3530cac._.js:2297
[ 8718079ms] [WARNING] [Notificações] Canal fechado, reconectando... @ http://localhost:3000/_next/static/chunks/node_modules_next_dist_f3530cac._.js:2297
[ 8718080ms] [WARNING] [Chat] Canal fechado, reconectando... @ http://localhost:3000/_next/static/chunks/node_modules_next_dist_f3530cac._.js:2297
[ 8718081ms] [WARNING] [Notificações] Canal fechado, reconectando... @ http://localhost:3000/_next/static/chunks/node_modules_next_dist_f3530cac._.js:2297
[ 8718242ms] [LOG] [Chat] Realtime conectado @ http://localhost:3000/_next/static/chunks/node_modules_next_dist_f3530cac._.js:2297
[ 8718244ms] [LOG] [Notificações] Realtime conectado @ http://localhost:3000/_next/static/chunks/node_modules_next_dist_f3530cac._.js:2297
[ 8721092ms] [WARNING] [Chat] Canal fechado, reconectando... @ http://localhost:3000/_next/static/chunks/node_modules_next_dist_f3530cac._.js:2297
[ 8721093ms] [WARNING] [Notificações] Canal fechado, reconectando... @ http://localhost:3000/_next/static/chunks/node_modules_next_dist_f3530cac._.js:2297
[ 8721093ms] [WARNING] [Chat] Canal fechado, reconectando... @ http://localhost:3000/_next/static/chunks/node_modules_next_dist_f3530cac._.js:2297
[ 8721093ms] [WARNING] [Notificações] Canal fechado, reconectando... @ http://localhost:3000/_next/static/chunks/node_modules_next_dist_f3530cac._.js:2297
[ 8721094ms] [WARNING] [Chat] Canal fechado, reconectando... @ http://localhost:3000/_next/static/chunks/node_modules_next_dist_f3530cac._.js:2297
[ 8721094ms] [WARNING] [Notificações] Canal fechado, reconectando... @ http://localhost:3000/_next/static/chunks/node_modules_next_dist_f3530cac._.js:2297
[ 8721243ms] [LOG] [Chat] Realtime conectado @ http://localhost:3000/_next/static/chunks/node_modules_next_dist_f3530cac._.js:2297
[ 8721259ms] [LOG] [Notificações] Realtime conectado @ http://localhost:3000/_next/static/chunks/node_modules_next_dist_f3530cac._.js:2297
[ 8723471ms] [LOG] [Fast Refresh] rebuilding @ http://localhost:3000/_next/static/chunks/node_modules_next_dist_f3530cac._.js:2297
[ 8723594ms] [LOG] [Fast Refresh] done in 253ms @ http://localhost:3000/_next/static/chunks/node_modules_next_dist_f3530cac._.js:2297
[ 8724125ms] [WARNING] [Chat] Canal fechado, reconectando... @ http://localhost:3000/_next/static/chunks/node_modules_next_dist_f3530cac._.js:2297
[ 8724126ms] [WARNING] [Notificações] Canal fechado, reconectando... @ http://localhost:3000/_next/static/chunks/node_modules_next_dist_f3530cac._.js:2297
[ 8724126ms] [WARNING] [Chat] Canal fechado, reconectando... @ http://localhost:3000/_next/static/chunks/node_modules_next_dist_f3530cac._.js:2297
[ 8724127ms] [WARNING] [Notificações] Canal fechado, reconectando... @ http://localhost:3000/_next/static/chunks/node_modules_next_dist_f3530cac._.js:2297
[ 8724127ms] [WARNING] [Chat] Canal fechado, reconectando... @ http://localhost:3000/_next/static/chunks/node_modules_next_dist_f3530cac._.js:2297
[ 8724128ms] [WARNING] [Notificações] Canal fechado, reconectando... @ http://localhost:3000/_next/static/chunks/node_modules_next_dist_f3530cac._.js:2297
[ 8724310ms] [LOG] [Chat] Realtime conectado @ http://localhost:3000/_next/static/chunks/node_modules_next_dist_f3530cac._.js:2297
[ 8724311ms] [LOG] [Notificações] Realtime conectado @ http://localhost:3000/_next/static/chunks/node_modules_next_dist_f3530cac._.js:2297
[ 8727143ms] [WARNING] [Chat] Canal fechado, reconectando... @ http://localhost:3000/_next/static/chunks/node_modules_next_dist_f3530cac._.js:2297
[ 8727143ms] [WARNING] [Notificações] Canal fechado, reconectando... @ http://localhost:3000/_next/static/chunks/node_modules_next_dist_f3530cac._.js:2297
[ 8727144ms] [WARNING] [Chat] Canal fechado, reconectando... @ http://localhost:3000/_next/static/chunks/node_modules_next_dist_f3530cac._.js:2297
[ 8727144ms] [WARNING] [Notificações] Canal fechado, reconectando... @ http://localhost:3000/_next/static/chunks/node_modules_next_dist_f3530cac._.js:2297
[ 8727144ms] [WARNING] [Chat] Canal fechado, reconectando... @ http://localhost:3000/_next/static/chunks/node_modules_next_dist_f3530cac._.js:2297
[ 8727145ms] [WARNING] [Notificações] Canal fechado, reconectando... @ http://localhost:3000/_next/static/chunks/node_modules_next_dist_f3530cac._.js:2297
[ 8727307ms] [LOG] [Chat] Realtime conectado @ http://localhost:3000/_next/static/chunks/node_modules_next_dist_f3530cac._.js:2297
[ 8727307ms] [LOG] [Notificações] Realtime conectado @ http://localhost:3000/_next/static/chunks/node_modules_next_dist_f3530cac._.js:2297
[ 8730158ms] [WARNING] [Chat] Canal fechado, reconectando... @ http://localhost:3000/_next/static/chunks/node_modules_next_dist_f3530cac._.js:2297
[ 8730158ms] [WARNING] [Notificações] Canal fechado, reconectando... @ http://localhost:3000/_next/static/chunks/node_modules_next_dist_f3530cac._.js:2297
[ 8730158ms] [WARNING] [Chat] Canal fechado, reconectando... @ http://localhost:3000/_next/static/chunks/node_modules_next_dist_f3530cac._.js:2297
[ 8730159ms] [WARNING] [Notificações] Canal fechado, reconectando... @ http://localhost:3000/_next/static/chunks/node_modules_next_dist_f3530cac._.js:2297
[ 8730160ms] [WARNING] [Chat] Canal fechado, reconectando... @ http://localhost:3000/_next/static/chunks/node_modules_next_dist_f3530cac._.js:2297
[ 8730160ms] [WARNING] [Notificações] Canal fechado, reconectando... @ http://localhost:3000/_next/static/chunks/node_modules_next_dist_f3530cac._.js:2297
[ 8730327ms] [LOG] [Chat] Realtime conectado @ http://localhost:3000/_next/static/chunks/node_modules_next_dist_f3530cac._.js:2297
[ 8730327ms] [LOG] [Notificações] Realtime conectado @ http://localhost:3000/_next/static/chunks/node_modules_next_dist_f3530cac._.js:2297
[ 8733162ms] [WARNING] [Chat] Canal fechado, reconectando... @ http://localhost:3000/_next/static/chunks/node_modules_next_dist_f3530cac._.js:2297
[ 8733163ms] [WARNING] [Notificações] Canal fechado, reconectando... @ http://localhost:3000/_next/static/chunks/node_modules_next_dist_f3530cac._.js:2297
[ 8733163ms] [WARNING] [Chat] Canal fechado, reconectando... @ http://localhost:3000/_next/static/chunks/node_modules_next_dist_f3530cac._.js:2297
[ 8733164ms] [WARNING] [Notificações] Canal fechado, reconectando... @ http://localhost:3000/_next/static/chunks/node_modules_next_dist_f3530cac._.js:2297
[ 8733181ms] [WARNING] [Chat] Canal fechado, reconectando... @ http://localhost:3000/_next/static/chunks/node_modules_next_dist_f3530cac._.js:2297
[ 8733181ms] [WARNING] [Notificações] Canal fechado, reconectando... @ http://localhost:3000/_next/static/chunks/node_modules_next_dist_f3530cac._.js:2297
[ 8733327ms] [LOG] [Chat] Realtime conectado @ http://localhost:3000/_next/static/chunks/node_modules_next_dist_f3530cac._.js:2297
[ 8733327ms] [LOG] [Notificações] Realtime conectado @ http://localhost:3000/_next/static/chunks/node_modules_next_dist_f3530cac._.js:2297
[ 8736175ms] [WARNING] [Chat] Canal fechado, reconectando... @ http://localhost:3000/_next/static/chunks/node_modules_next_dist_f3530cac._.js:2297
[ 8736175ms] [WARNING] [Notificações] Canal fechado, reconectando... @ http://localhost:3000/_next/static/chunks/node_modules_next_dist_f3530cac._.js:2297
[ 8736176ms] [WARNING] [Chat] Canal fechado, reconectando... @ http://localhost:3000/_next/static/chunks/node_modules_next_dist_f3530cac._.js:2297
[ 8736176ms] [WARNING] [Notificações] Canal fechado, reconectando... @ http://localhost:3000/_next/static/chunks/node_modules_next_dist_f3530cac._.js:2297
[ 8736192ms] [WARNING] [Chat] Canal fechado, reconectando... @ http://localhost:3000/_next/static/chunks/node_modules_next_dist_f3530cac._.js:2297
[ 8736193ms] [WARNING] [Notificações] Canal fechado, reconectando... @ http://localhost:3000/_next/static/chunks/node_modules_next_dist_f3530cac._.js:2297
[ 8736343ms] [LOG] [Chat] Realtime conectado @ http://localhost:3000/_next/static/chunks/node_modules_next_dist_f3530cac._.js:2297
[ 8736343ms] [LOG] [Notificações] Realtime conectado @ http://localhost:3000/_next/static/chunks/node_modules_next_dist_f3530cac._.js:2297
[ 8738262ms] [LOG] [Fast Refresh] rebuilding @ http://localhost:3000/_next/static/chunks/node_modules_next_dist_f3530cac._.js:2297
[ 8738495ms] [LOG] [Fast Refresh] done in 338ms @ http://localhost:3000/_next/static/chunks/node_modules_next_dist_f3530cac._.js:2297
[ 8739190ms] [WARNING] [Chat] Canal fechado, reconectando... @ http://localhost:3000/_next/static/chunks/node_modules_next_dist_f3530cac._.js:2297
[ 8739191ms] [WARNING] [Notificações] Canal fechado, reconectando... @ http://localhost:3000/_next/static/chunks/node_modules_next_dist_f3530cac._.js:2297
[ 8739191ms] [WARNING] [Chat] Canal fechado, reconectando... @ http://localhost:3000/_next/static/chunks/node_modules_next_dist_f3530cac._.js:2297
[ 8739191ms] [WARNING] [Notificações] Canal fechado, reconectando... @ http://localhost:3000/_next/static/chunks/node_modules_next_dist_f3530cac._.js:2297
[ 8739208ms] [WARNING] [Chat] Canal fechado, reconectando... @ http://localhost:3000/_next/static/chunks/node_modules_next_dist_f3530cac._.js:2297
[ 8739209ms] [WARNING] [Notificações] Canal fechado, reconectando... @ http://localhost:3000/_next/static/chunks/node_modules_next_dist_f3530cac._.js:2297
[ 8739342ms] [LOG] [Chat] Realtime conectado @ http://localhost:3000/_next/static/chunks/node_modules_next_dist_f3530cac._.js:2297
[ 8739360ms] [LOG] [Notificações] Realtime conectado @ http://localhost:3000/_next/static/chunks/node_modules_next_dist_f3530cac._.js:2297
[ 8742191ms] [WARNING] [Chat] Canal fechado, reconectando... @ http://localhost:3000/_next/static/chunks/node_modules_next_dist_f3530cac._.js:2297
[ 8742191ms] [WARNING] [Notificações] Canal fechado, reconectando... @ http://localhost:3000/_next/static/chunks/node_modules_next_dist_f3530cac._.js:2297
[ 8742191ms] [WARNING] [Chat] Canal fechado, reconectando... @ http://localhost:3000/_next/static/chunks/node_modules_next_dist_f3530cac._.js:2297
[ 8742192ms] [WARNING] [Notificações] Canal fechado, reconectando... @ http://localhost:3000/_next/static/chunks/node_modules_next_dist_f3530cac._.js:2297
[ 8742210ms] [WARNING] [Chat] Canal fechado, reconectando... @ http://localhost:3000/_next/static/chunks/node_modules_next_dist_f3530cac._.js:2297
[ 8742210ms] [WARNING] [Notificações] Canal fechado, reconectando... @ http://localhost:3000/_next/static/chunks/node_modules_next_dist_f3530cac._.js:2297
[ 8742359ms] [LOG] [Chat] Realtime conectado @ http://localhost:3000/_next/static/chunks/node_modules_next_dist_f3530cac._.js:2297
[ 8742360ms] [LOG] [Notificações] Realtime conectado @ http://localhost:3000/_next/static/chunks/node_modules_next_dist_f3530cac._.js:2297
[ 8745194ms] [WARNING] [Chat] Canal fechado, reconectando... @ http://localhost:3000/_next/static/chunks/node_modules_next_dist_f3530cac._.js:2297
[ 8745195ms] [WARNING] [Notificações] Canal fechado, reconectando... @ http://localhost:3000/_next/static/chunks/node_modules_next_dist_f3530cac._.js:2297
[ 8745195ms] [WARNING] [Chat] Canal fechado, reconectando... @ http://localhost:3000/_next/static/chunks/node_modules_next_dist_f3530cac._.js:2297
[ 8745196ms] [WARNING] [Notificações] Canal fechado, reconectando... @ http://localhost:3000/_next/static/chunks/node_modules_next_dist_f3530cac._.js:2297
[ 8745224ms] [WARNING] [Chat] Canal fechado, reconectando... @ http://localhost:3000/_next/static/chunks/node_modules_next_dist_f3530cac._.js:2297
[ 8745224ms] [WARNING] [Notificações] Canal fechado, reconectando... @ http://localhost:3000/_next/static/chunks/node_modules_next_dist_f3530cac._.js:2297
[ 8745375ms] [LOG] [Chat] Realtime conectado @ http://localhost:3000/_next/static/chunks/node_modules_next_dist_f3530cac._.js:2297
[ 8745375ms] [LOG] [Notificações] Realtime conectado @ http://localhost:3000/_next/static/chunks/node_modules_next_dist_f3530cac._.js:2297
[ 8748195ms] [WARNING] [Chat] Canal fechado, reconectando... @ http://localhost:3000/_next/static/chunks/node_modules_next_dist_f3530cac._.js:2297
[ 8748208ms] [WARNING] [Notificações] Canal fechado, reconectando... @ http://localhost:3000/_next/static/chunks/node_modules_next_dist_f3530cac._.js:2297
[ 8748208ms] [WARNING] [Chat] Canal fechado, reconectando... @ http://localhost:3000/_next/static/chunks/node_modules_next_dist_f3530cac._.js:2297
[ 8748208ms] [WARNING] [Notificações] Canal fechado, reconectando... @ http://localhost:3000/_next/static/chunks/node_modules_next_dist_f3530cac._.js:2297
[ 8748241ms] [WARNING] [Chat] Canal fechado, reconectando... @ http://localhost:3000/_next/static/chunks/node_modules_next_dist_f3530cac._.js:2297
[ 8748242ms] [WARNING] [Notificações] Canal fechado, reconectando... @ http://localhost:3000/_next/static/chunks/node_modules_next_dist_f3530cac._.js:2297
[ 8748395ms] [LOG] [Chat] Realtime conectado @ http://localhost:3000/_next/static/chunks/node_modules_next_dist_f3530cac._.js:2297
[ 8748409ms] [LOG] [Notificações] Realtime conectado @ http://localhost:3000/_next/static/chunks/node_modules_next_dist_f3530cac._.js:2297
[ 8751207ms] [WARNING] [Chat] Canal fechado, reconectando... @ http://localhost:3000/_next/static/chunks/node_modules_next_dist_f3530cac._.js:2297
[ 8751225ms] [WARNING] [Notificações] Canal fechado, reconectando... @ http://localhost:3000/_next/static/chunks/node_modules_next_dist_f3530cac._.js:2297
[ 8751225ms] [WARNING] [Chat] Canal fechado, reconectando... @ http://localhost:3000/_next/static/chunks/node_modules_next_dist_f3530cac._.js:2297
[ 8751225ms] [WARNING] [Notificações] Canal fechado, reconectando... @ http://localhost:3000/_next/static/chunks/node_modules_next_dist_f3530cac._.js:2297
[ 8751243ms] [WARNING] [Chat] Canal fechado, reconectando... @ http://localhost:3000/_next/static/chunks/node_modules_next_dist_f3530cac._.js:2297
[ 8751243ms] [WARNING] [Notificações] Canal fechado, reconectando... @ http://localhost:3000/_next/static/chunks/node_modules_next_dist_f3530cac._.js:2297
[ 8751392ms] [LOG] [Chat] Realtime conectado @ http://localhost:3000/_next/static/chunks/node_modules_next_dist_f3530cac._.js:2297
[ 8751392ms] [LOG] [Notificações] Realtime conectado @ http://localhost:3000/_next/static/chunks/node_modules_next_dist_f3530cac._.js:2297
[ 8754210ms] [WARNING] [Chat] Canal fechado, reconectando... @ http://localhost:3000/_next/static/chunks/node_modules_next_dist_f3530cac._.js:2297
[ 8754226ms] [WARNING] [Notificações] Canal fechado, reconectando... @ http://localhost:3000/_next/static/chunks/node_modules_next_dist_f3530cac._.js:2297
[ 8754227ms] [WARNING] [Chat] Canal fechado, reconectando... @ http://localhost:3000/_next/static/chunks/node_modules_next_dist_f3530cac._.js:2297
[ 8754227ms] [WARNING] [Notificações] Canal fechado, reconectando... @ http://localhost:3000/_next/static/chunks/node_modules_next_dist_f3530cac._.js:2297
[ 8754260ms] [WARNING] [Chat] Canal fechado, reconectando... @ http://localhost:3000/_next/static/chunks/node_modules_next_dist_f3530cac._.js:2297
[ 8754260ms] [WARNING] [Notificações] Canal fechado, reconectando... @ http://localhost:3000/_next/static/chunks/node_modules_next_dist_f3530cac._.js:2297
[ 8754414ms] [LOG] [Chat] Realtime conectado @ http://localhost:3000/_next/static/chunks/node_modules_next_dist_f3530cac._.js:2297
[ 8754428ms] [LOG] [Notificações] Realtime conectado @ http://localhost:3000/_next/static/chunks/node_modules_next_dist_f3530cac._.js:2297
[ 8757225ms] [WARNING] [Chat] Canal fechado, reconectando... @ http://localhost:3000/_next/static/chunks/node_modules_next_dist_f3530cac._.js:2297
[ 8757244ms] [WARNING] [Notificações] Canal fechado, reconectando... @ http://localhost:3000/_next/static/chunks/node_modules_next_dist_f3530cac._.js:2297
[ 8757245ms] [WARNING] [Chat] Canal fechado, reconectando... @ http://localhost:3000/_next/static/chunks/node_modules_next_dist_f3530cac._.js:2297
[ 8757245ms] [WARNING] [Notificações] Canal fechado, reconectando... @ http://localhost:3000/_next/static/chunks/node_modules_next_dist_f3530cac._.js:2297
[ 8757260ms] [WARNING] [Chat] Canal fechado, reconectando... @ http://localhost:3000/_next/static/chunks/node_modules_next_dist_f3530cac._.js:2297
[ 8757261ms] [WARNING] [Notificações] Canal fechado, reconectando... @ http://localhost:3000/_next/static/chunks/node_modules_next_dist_f3530cac._.js:2297
[ 8757413ms] [LOG] [Chat] Realtime conectado @ http://localhost:3000/_next/static/chunks/node_modules_next_dist_f3530cac._.js:2297
[ 8757427ms] [LOG] [Notificações] Realtime conectado @ http://localhost:3000/_next/static/chunks/node_modules_next_dist_f3530cac._.js:2297
[ 8760241ms] [WARNING] [Chat] Canal fechado, reconectando... @ http://localhost:3000/_next/static/chunks/node_modules_next_dist_f3530cac._.js:2297
[ 8760285ms] [WARNING] [Notificações] Canal fechado, reconectando... @ http://localhost:3000/_next/static/chunks/node_modules_next_dist_f3530cac._.js:2297
[ 8760286ms] [WARNING] [Chat] Canal fechado, reconectando... @ http://localhost:3000/_next/static/chunks/node_modules_next_dist_f3530cac._.js:2297
[ 8760287ms] [WARNING] [Notificações] Canal fechado, reconectando... @ http://localhost:3000/_next/static/chunks/node_modules_next_dist_f3530cac._.js:2297
[ 8760289ms] [WARNING] [Chat] Canal fechado, reconectando... @ http://localhost:3000/_next/static/chunks/node_modules_next_dist_f3530cac._.js:2297
[ 8760290ms] [WARNING] [Notificações] Canal fechado, reconectando... @ http://localhost:3000/_next/static/chunks/node_modules_next_dist_f3530cac._.js:2297
[ 8760473ms] [LOG] [Chat] Realtime conectado @ http://localhost:3000/_next/static/chunks/node_modules_next_dist_f3530cac._.js:2297
[ 8760474ms] [LOG] [Notificações] Realtime conectado @ http://localhost:3000/_next/static/chunks/node_modules_next_dist_f3530cac._.js:2297
[ 8763242ms] [WARNING] [Chat] Canal fechado, reconectando... @ http://localhost:3000/_next/static/chunks/node_modules_next_dist_f3530cac._.js:2297
[ 8763291ms] [WARNING] [Notificações] Canal fechado, reconectando... @ http://localhost:3000/_next/static/chunks/node_modules_next_dist_f3530cac._.js:2297
[ 8763291ms] [WARNING] [Chat] Canal fechado, reconectando... @ http://localhost:3000/_next/static/chunks/node_modules_next_dist_f3530cac._.js:2297
[ 8763291ms] [WARNING] [Notificações] Canal fechado, reconectando... @ http://localhost:3000/_next/static/chunks/node_modules_next_dist_f3530cac._.js:2297
[ 8763292ms] [WARNING] [Chat] Canal fechado, reconectando... @ http://localhost:3000/_next/static/chunks/node_modules_next_dist_f3530cac._.js:2297
[ 8763292ms] [WARNING] [Notificações] Canal fechado, reconectando... @ http://localhost:3000/_next/static/chunks/node_modules_next_dist_f3530cac._.js:2297
[ 8763444ms] [LOG] [Chat] Realtime conectado @ http://localhost:3000/_next/static/chunks/node_modules_next_dist_f3530cac._.js:2297
[ 8763460ms] [LOG] [Notificações] Realtime conectado @ http://localhost:3000/_next/static/chunks/node_modules_next_dist_f3530cac._.js:2297
[ 8766243ms] [WARNING] [Chat] Canal fechado, reconectando... @ http://localhost:3000/_next/static/chunks/node_modules_next_dist_f3530cac._.js:2297
[ 8766307ms] [WARNING] [Notificações] Canal fechado, reconectando... @ http://localhost:3000/_next/static/chunks/node_modules_next_dist_f3530cac._.js:2297
[ 8766308ms] [WARNING] [Chat] Canal fechado, reconectando... @ http://localhost:3000/_next/static/chunks/node_modules_next_dist_f3530cac._.js:2297
[ 8766308ms] [WARNING] [Notificações] Canal fechado, reconectando... @ http://localhost:3000/_next/static/chunks/node_modules_next_dist_f3530cac._.js:2297
[ 8766309ms] [WARNING] [Chat] Canal fechado, reconectando... @ http://localhost:3000/_next/static/chunks/node_modules_next_dist_f3530cac._.js:2297
[ 8766309ms] [WARNING] [Notificações] Canal fechado, reconectando... @ http://localhost:3000/_next/static/chunks/node_modules_next_dist_f3530cac._.js:2297
[ 8766459ms] [LOG] [Chat] Realtime conectado @ http://localhost:3000/_next/static/chunks/node_modules_next_dist_f3530cac._.js:2297
[ 8766460ms] [LOG] [Notificações] Realtime conectado @ http://localhost:3000/_next/static/chunks/node_modules_next_dist_f3530cac._.js:2297
[ 8769283ms] [WARNING] [Chat] Canal fechado, reconectando... @ http://localhost:3000/_next/static/chunks/node_modules_next_dist_f3530cac._.js:2297
[ 8769344ms] [WARNING] [Notificações] Canal fechado, reconectando... @ http://localhost:3000/_next/static/chunks/node_modules_next_dist_f3530cac._.js:2297
[ 8769345ms] [WARNING] [Chat] Canal fechado, reconectando... @ http://localhost:3000/_next/static/chunks/node_modules_next_dist_f3530cac._.js:2297
[ 8769346ms] [WARNING] [Notificações] Canal fechado, reconectando... @ http://localhost:3000/_next/static/chunks/node_modules_next_dist_f3530cac._.js:2297
[ 8769347ms] [WARNING] [Chat] Canal fechado, reconectando... @ http://localhost:3000/_next/static/chunks/node_modules_next_dist_f3530cac._.js:2297
[ 8769348ms] [WARNING] [Notificações] Canal fechado, reconectando... @ http://localhost:3000/_next/static/chunks/node_modules_next_dist_f3530cac._.js:2297
[ 8769523ms] [LOG] [Chat] Realtime conectado @ http://localhost:3000/_next/static/chunks/node_modules_next_dist_f3530cac._.js:2297
[ 8769542ms] [LOG] [Notificações] Realtime conectado @ http://localhost:3000/_next/static/chunks/node_modules_next_dist_f3530cac._.js:2297
