[    5972ms] [WARNING] The powerPreference option is currently ignored when calling requestAdapter() on Windows. See https://crbug.com/369219127 @ :0
[    6730ms] [WARNING] 🚀 container.buildInfo.environment is deprecated.Please use `container.environment.stage` instead @ https://assets.adobedtm.com/fa93de6169c8/0e86f9630743/launch-a6282cdc754f.min.js:8
[    6845ms] [LOG] undefined @ :0
[    6846ms] [LOG] undefined @ :0
[    7530ms] [LOG] ReferenceError @ https://mve.dnofd.com/ofdb/OFDB.js:2
[    7767ms] [LOG] undefined @ :0
[    7776ms] [LOG] undefined @ :0
[    7776ms] [LOG] undefined @ :0
[    8529ms] [LOG] undefined @ :0
[    9064ms] TypeError: t.hasAttribute is not a function
    at eval (webpack://@b2b-canaisdigitais/meuvivoempresas-login-oauth-client/./node_modules/automatic-analytics-trigger/dist/automatic-analytics-trigger.min.js?:1:863)
    at Array.find (<anonymous>)
    at s.firstWithAttribute (webpack://@b2b-canaisdigitais/meuvivoempresas-login-oauth-client/./node_modules/automatic-analytics-trigger/dist/automatic-analytics-trigger.min.js?:1:853)
    at e._eventHandler (webpack://@b2b-canaisdigitais/meuvivoempresas-login-oauth-client/./node_modules/automatic-analytics-trigger/dist/automatic-analytics-trigger.min.js?:1:613)
    at listeners.<computed> (webpack://@b2b-canaisdigitais/meuvivoempresas-login-oauth-client/./node_modules/automatic-analytics-trigger/dist/automatic-analytics-trigger.min.js?:1:377)
[   11663ms] [LOG] undefined @ :0
[   11663ms] [LOG] undefined @ :0
[   12450ms] [ERROR] Failed to load resource: the server responded with a status of 404 (Not Found) @ https://auth.vivo.com.br/favicon.ico:0
[   12712ms] Error: Tokens not found: vivoEmpresas
    at r.load (https://auth.vivo.com.br/LoginB2B2/login/js/login-email.336e9ec9836f2f269123.bundle.js:1185:28286)
    at r.get (https://auth.vivo.com.br/LoginB2B2/login/js/login-email.336e9ec9836f2f269123.bundle.js:1185:28212)
    at c.validateAndLoadTokens (https://auth.vivo.com.br/LoginB2B2/login/js/login-email.336e9ec9836f2f269123.bundle.js:1185:29933)
    at c.build (https://auth.vivo.com.br/LoginB2B2/login/js/login-email.336e9ec9836f2f269123.bundle.js:1185:29705)
    at w.connectedCallback (https://auth.vivo.com.br/LoginB2B2/login/js/login-email.336e9ec9836f2f269123.bundle.js:1204:358)
    at w.connectedCallback (https://auth.vivo.com.br/LoginB2B2/login/js/login-email.336e9ec9836f2f269123.bundle.js:2483:884)
    at Object.insertBefore (https://auth.vivo.com.br/LoginB2B2/login/js/login-email.336e9ec9836f2f269123.bundle.js:3021:50274)
    at h (https://auth.vivo.com.br/LoginB2B2/login/js/login-email.336e9ec9836f2f269123.bundle.js:3021:63886)
    at https://auth.vivo.com.br/LoginB2B2/login/js/login-email.336e9ec9836f2f269123.bundle.js:3021:63172
    at m (https://auth.vivo.com.br/LoginB2B2/login/js/login-email.336e9ec9836f2f269123.bundle.js:3021:63403)
[   12720ms] Error: Tokens not found: vivoEmpresas
    at r.load (https://auth.vivo.com.br/LoginB2B2/login/js/login-email.336e9ec9836f2f269123.bundle.js:1185:28286)
    at r.get (https://auth.vivo.com.br/LoginB2B2/login/js/login-email.336e9ec9836f2f269123.bundle.js:1185:28212)
    at c.validateAndLoadTokens (https://auth.vivo.com.br/LoginB2B2/login/js/login-email.336e9ec9836f2f269123.bundle.js:1185:29933)
    at c.build (https://auth.vivo.com.br/LoginB2B2/login/js/login-email.336e9ec9836f2f269123.bundle.js:1185:29705)
    at c.connectedCallback (https://auth.vivo.com.br/LoginB2B2/login/js/login-email.336e9ec9836f2f269123.bundle.js:1204:358)
    at de.O (https://auth.vivo.com.br/LoginB2B2/login/js/login-email.336e9ec9836f2f269123.bundle.js:1617:5388)
    at de.T (https://auth.vivo.com.br/LoginB2B2/login/js/login-email.336e9ec9836f2f269123.bundle.js:1617:5462)
    at de.$ (https://auth.vivo.com.br/LoginB2B2/login/js/login-email.336e9ec9836f2f269123.bundle.js:1617:5850)
    at de._$AI (https://auth.vivo.com.br/LoginB2B2/login/js/login-email.336e9ec9836f2f269123.bundle.js:1617:5232)
    at we (https://auth.vivo.com.br/LoginB2B2/login/js/login-email.336e9ec9836f2f269123.bundle.js:1617:8604)
[   12758ms] TypeError: Cannot read properties of undefined (reading 'changeTheme')
    at w.changeTheme (https://auth.vivo.com.br/LoginB2B2/login/js/login-email.336e9ec9836f2f269123.bundle.js:1204:520)
    at w.updated (https://auth.vivo.com.br/LoginB2B2/login/js/login-email.336e9ec9836f2f269123.bundle.js:1204:197)
    at w.updated (https://auth.vivo.com.br/LoginB2B2/login/js/login-email.336e9ec9836f2f269123.bundle.js:2483:1072)
    at w._$AE (https://auth.vivo.com.br/LoginB2B2/login/js/login-email.336e9ec9836f2f269123.bundle.js:1611:6633)
    at w.performUpdate (https://auth.vivo.com.br/LoginB2B2/login/js/login-email.336e9ec9836f2f269123.bundle.js:1611:6415)
    at w.scheduleUpdate (https://auth.vivo.com.br/LoginB2B2/login/js/login-email.336e9ec9836f2f269123.bundle.js:1611:5760)
    at w._$ET (https://auth.vivo.com.br/LoginB2B2/login/js/login-email.336e9ec9836f2f269123.bundle.js:1611:5668)
[   12758ms] TypeError: Cannot read properties of undefined (reading 'changeTheme')
    at c.changeTheme (https://auth.vivo.com.br/LoginB2B2/login/js/login-email.336e9ec9836f2f269123.bundle.js:1204:520)
    at c.updated (https://auth.vivo.com.br/LoginB2B2/login/js/login-email.336e9ec9836f2f269123.bundle.js:1204:197)
    at c.updated (https://auth.vivo.com.br/LoginB2B2/login/js/login-email.336e9ec9836f2f269123.bundle.js:1017:308)
    at c._$AE (https://auth.vivo.com.br/LoginB2B2/login/js/login-email.336e9ec9836f2f269123.bundle.js:1611:6633)
    at c.performUpdate (https://auth.vivo.com.br/LoginB2B2/login/js/login-email.336e9ec9836f2f269123.bundle.js:1611:6415)
    at c.scheduleUpdate (https://auth.vivo.com.br/LoginB2B2/login/js/login-email.336e9ec9836f2f269123.bundle.js:1611:5760)
    at c._$ET (https://auth.vivo.com.br/LoginB2B2/login/js/login-email.336e9ec9836f2f269123.bundle.js:1611:5668)
[   12822ms] [ERROR] Failed to load resource: the server responded with a status of 404 (Not Found) @ https://auth.vivo.com.br/LoginB2B2/fonts/45efdb2762f020e0a26237623d29be17.woff2:0
[   12861ms] [LOG] undefined @ :0
[   12862ms] [LOG] undefined @ :0
[   13043ms] [LOG] undefined @ :0
[   13128ms] [LOG] Sending pageView {event: virtual-pageview, screenName: /login/senha, eventDimensions: Object} @ https://auth.vivo.com.br/LoginB2B2/login/js/login-email.336e9ec9836f2f269123.bundle.js:3020
[   13135ms] [LOG] undefined @ :0
[   13155ms] [LOG] undefined @ :0
[   13156ms] [LOG] undefined @ :0
[   13200ms] [LOG] undefined @ :0
[   13200ms] [LOG] undefined @ :0
[   14673ms] [LOG] undefined @ :0
[   14674ms] [LOG] undefined @ :0
[   15262ms] [ERROR] ReferenceError: OFDB is not defined
    at a.mounted (webpack://@b2b-canaisdigitais/meuvivoempresas-login-oauth-client/./src/main/components/mixins/OfdbMixin.js?:23:23)
    at qe (webpack://@b2b-canaisdigitais/meuvivoempresas-login-oauth-client/./node_modules/vue/dist/vue.runtime.min.js?:11:20206)
    at Ln (webpack://@b2b-canaisdigitais/meuvivoempresas-login-oauth-client/./node_modules/vue/dist/vue.runtime.min.js?:11:28396)
    at Object.insert (webpack://@b2b-canaisdigitais/meuvivoempresas-login-oauth-client/./node_modules/vue/dist/vue.runtime.min.js?:11:32021)
    at k (webpack://@b2b-canaisdigitais/meuvivoempresas-login-oauth-client/./node_modules/vue/dist/vue.runtime.min.js?:12:26313)
    at a.eval [as __patch__] (webpack://@b2b-canaisdigitais/meuvivoempresas-login-oauth-client/./node_modules/vue/dist/vue.runtime.min.js?:12:27680)
    at t._update (webpack://@b2b-canaisdigitais/meuvivoempresas-login-oauth-client/./node_modules/vue/dist/vue.runtime.min.js?:12:3599)
    at a.r (webpack://@b2b-canaisdigitais/meuvivoempresas-login-oauth-client/./node_modules/vue/dist/vue.runtime.min.js?:12:34552)
    at t.get (webpack://@b2b-canaisdigitais/meuvivoempresas-login-oauth-client/./node_modules/vue/dist/vue.runtime.min.js?:11:26196)
    at t.run (webpack://@b2b-canaisdigitais/meuvivoempresas-login-oauth-client/./node_modules/vue/dist/vue.runtime.min.js?:11:26929) @ webpack://@b2b-canaisdigitais/meuvivoempresas-login-oauth-client/./node_modules/vue/dist/vue.runtime.min.js?:10
[   15296ms] [WARNING] 🚀 container.buildInfo.environment is deprecated.Please use `container.environment.stage` instead @ https://assets.adobedtm.com/fa93de6169c8/0e86f9630743/launch-a6282cdc754f.min.js:8
[   15491ms] [LOG] undefined @ :0
[   15491ms] [LOG] undefined @ :0
[   15506ms] [LOG] undefined @ :0
[   15507ms] [LOG] undefined @ :0
[   16282ms] [LOG] undefined @ :0
[   18742ms] [LOG] undefined @ :0
[   18743ms] [LOG] undefined @ :0
[   19232ms] [LOG] undefined @ :0
[   19243ms] [LOG] undefined @ :0
[   19244ms] [LOG] undefined @ :0
[   19279ms] [LOG] undefined @ :0
[   19284ms] [LOG] undefined @ :0
[   19284ms] [LOG] undefined @ :0
[   20287ms] [LOG] undefined @ :0
[   20292ms] [LOG] undefined @ :0
[   20292ms] [LOG] undefined @ :0
[   21075ms] [LOG] undefined @ :0
[   21076ms] [LOG] undefined @ :0
[   21203ms] [LOG] undefined @ :0
[   21208ms] [LOG] undefined @ :0
[   21208ms] [LOG] undefined @ :0
[   21241ms] [LOG] undefined @ :0
[   21245ms] [LOG] undefined @ :0
[   21245ms] [LOG] undefined @ :0
[   22242ms] [LOG] undefined @ :0
[   22248ms] [LOG] undefined @ :0
[   22248ms] [LOG] undefined @ :0
[   22554ms] [LOG] undefined @ :0
[   22555ms] [LOG] undefined @ :0
[   22974ms] [LOG] undefined @ :0
[   22980ms] [LOG] undefined @ :0
[   22981ms] [LOG] undefined @ :0
[   23010ms] [LOG] undefined @ :0
[   23014ms] [LOG] undefined @ :0
[   23014ms] [LOG] undefined @ :0
[   24024ms] [LOG] undefined @ :0
[   24028ms] [LOG] undefined @ :0
[   24028ms] [LOG] undefined @ :0
[ 4935927ms] [LOG] undefined @ :0
[ 4935942ms] [LOG] undefined @ :0
[ 4935942ms] [LOG] undefined @ :0
[ 4936112ms] [LOG] undefined @ :0
[ 4936117ms] [LOG] undefined @ :0
[ 4936118ms] [LOG] undefined @ :0
[ 4936794ms] [LOG] undefined @ :0
[ 4936801ms] [LOG] undefined @ :0
[ 4936802ms] [LOG] undefined @ :0
[ 4936838ms] [LOG] undefined @ :0
[ 4936842ms] [LOG] undefined @ :0
[ 4936843ms] [LOG] undefined @ :0
[ 4936875ms] [ERROR] ReferenceError: OFDB is not defined
    at a.mounted (webpack://@b2b-canaisdigitais/meuvivoempresas-login-oauth-client/./src/main/components/mixins/OfdbMixin.js?:23:23)
    at qe (webpack://@b2b-canaisdigitais/meuvivoempresas-login-oauth-client/./node_modules/vue/dist/vue.runtime.min.js?:11:20206)
    at Ln (webpack://@b2b-canaisdigitais/meuvivoempresas-login-oauth-client/./node_modules/vue/dist/vue.runtime.min.js?:11:28396)
    at Object.insert (webpack://@b2b-canaisdigitais/meuvivoempresas-login-oauth-client/./node_modules/vue/dist/vue.runtime.min.js?:11:32021)
    at k (webpack://@b2b-canaisdigitais/meuvivoempresas-login-oauth-client/./node_modules/vue/dist/vue.runtime.min.js?:12:26313)
    at a.eval [as __patch__] (webpack://@b2b-canaisdigitais/meuvivoempresas-login-oauth-client/./node_modules/vue/dist/vue.runtime.min.js?:12:27680)
    at t._update (webpack://@b2b-canaisdigitais/meuvivoempresas-login-oauth-client/./node_modules/vue/dist/vue.runtime.min.js?:12:3599)
    at a.r (webpack://@b2b-canaisdigitais/meuvivoempresas-login-oauth-client/./node_modules/vue/dist/vue.runtime.min.js?:12:34552)
    at t.get (webpack://@b2b-canaisdigitais/meuvivoempresas-login-oauth-client/./node_modules/vue/dist/vue.runtime.min.js?:11:26196)
    at t.run (webpack://@b2b-canaisdigitais/meuvivoempresas-login-oauth-client/./node_modules/vue/dist/vue.runtime.min.js?:11:26929) @ https://cdnssl.clicktale.net/www44/ptc/365f5dbe-69f3-4808-8e79-8041a28fff8b.js:16
[ 4936891ms] [LOG] undefined @ :0
[ 4936893ms] [LOG] undefined @ :0
[ 4936923ms] [LOG] undefined @ :0
[ 4936927ms] [LOG] undefined @ :0
[ 4936927ms] [LOG] undefined @ :0
[ 4937975ms] [LOG] undefined @ :0
[ 4937979ms] [LOG] undefined @ :0
[ 4937980ms] [LOG] undefined @ :0
[ 4942391ms] [LOG] undefined @ :0
[ 4942392ms] [LOG] undefined @ :0
[ 4942817ms] [LOG] undefined @ :0
[ 4942824ms] [LOG] undefined @ :0
[ 4942824ms] [LOG] undefined @ :0
[ 4942849ms] [LOG] undefined @ :0
[ 4942854ms] [LOG] undefined @ :0
[ 4942855ms] [LOG] undefined @ :0
[ 4943866ms] [LOG] undefined @ :0
[ 4943870ms] [LOG] undefined @ :0
[ 4943870ms] [LOG] undefined @ :0
[ 4944676ms] [LOG] undefined @ :0
[ 4944676ms] [LOG] undefined @ :0
[ 4944733ms] [LOG] undefined @ :0
[ 4944739ms] [LOG] undefined @ :0
[ 4944739ms] [LOG] undefined @ :0
[ 4944778ms] [LOG] undefined @ :0
[ 4944782ms] [LOG] undefined @ :0
[ 4944783ms] [LOG] undefined @ :0
[ 4944809ms] [ERROR] ReferenceError: OFDB is not defined
    at a.mounted (webpack://@b2b-canaisdigitais/meuvivoempresas-login-oauth-client/./src/main/components/mixins/OfdbMixin.js?:23:23)
    at qe (webpack://@b2b-canaisdigitais/meuvivoempresas-login-oauth-client/./node_modules/vue/dist/vue.runtime.min.js?:11:20206)
    at Ln (webpack://@b2b-canaisdigitais/meuvivoempresas-login-oauth-client/./node_modules/vue/dist/vue.runtime.min.js?:11:28396)
    at Object.insert (webpack://@b2b-canaisdigitais/meuvivoempresas-login-oauth-client/./node_modules/vue/dist/vue.runtime.min.js?:11:32021)
    at k (webpack://@b2b-canaisdigitais/meuvivoempresas-login-oauth-client/./node_modules/vue/dist/vue.runtime.min.js?:12:26313)
    at a.eval [as __patch__] (webpack://@b2b-canaisdigitais/meuvivoempresas-login-oauth-client/./node_modules/vue/dist/vue.runtime.min.js?:12:27680)
    at t._update (webpack://@b2b-canaisdigitais/meuvivoempresas-login-oauth-client/./node_modules/vue/dist/vue.runtime.min.js?:12:3599)
    at a.r (webpack://@b2b-canaisdigitais/meuvivoempresas-login-oauth-client/./node_modules/vue/dist/vue.runtime.min.js?:12:34552)
    at t.get (webpack://@b2b-canaisdigitais/meuvivoempresas-login-oauth-client/./node_modules/vue/dist/vue.runtime.min.js?:11:26196)
    at t.run (webpack://@b2b-canaisdigitais/meuvivoempresas-login-oauth-client/./node_modules/vue/dist/vue.runtime.min.js?:11:26929) @ https://cdnssl.clicktale.net/www44/ptc/365f5dbe-69f3-4808-8e79-8041a28fff8b.js:16
[ 4945745ms] TypeError: t.hasAttribute is not a function
    at eval (webpack://@b2b-canaisdigitais/meuvivoempresas-login-oauth-client/./node_modules/automatic-analytics-trigger/dist/automatic-analytics-trigger.min.js?:1:863)
    at Array.find (<anonymous>)
    at s.firstWithAttribute (webpack://@b2b-canaisdigitais/meuvivoempresas-login-oauth-client/./node_modules/automatic-analytics-trigger/dist/automatic-analytics-trigger.min.js?:1:853)
    at e._eventHandler (webpack://@b2b-canaisdigitais/meuvivoempresas-login-oauth-client/./node_modules/automatic-analytics-trigger/dist/automatic-analytics-trigger.min.js?:1:613)
    at listeners.<computed> (webpack://@b2b-canaisdigitais/meuvivoempresas-login-oauth-client/./node_modules/automatic-analytics-trigger/dist/automatic-analytics-trigger.min.js?:1:377)
[ 4945779ms] [LOG] undefined @ :0
[ 4945783ms] [LOG] undefined @ :0
[ 4945783ms] [LOG] undefined @ :0
[ 4948103ms] [LOG] undefined @ :0
[ 4948104ms] [LOG] undefined @ :0
[ 4949523ms] Error: Tokens not found: vivoEmpresas
    at r.load (https://auth.vivo.com.br/LoginB2B2/login/js/login-email.336e9ec9836f2f269123.bundle.js:1185:28286)
    at r.get (https://auth.vivo.com.br/LoginB2B2/login/js/login-email.336e9ec9836f2f269123.bundle.js:1185:28212)
    at c.validateAndLoadTokens (https://auth.vivo.com.br/LoginB2B2/login/js/login-email.336e9ec9836f2f269123.bundle.js:1185:29933)
    at c.build (https://auth.vivo.com.br/LoginB2B2/login/js/login-email.336e9ec9836f2f269123.bundle.js:1185:29705)
    at w.connectedCallback (https://auth.vivo.com.br/LoginB2B2/login/js/login-email.336e9ec9836f2f269123.bundle.js:1204:358)
    at w.connectedCallback (https://auth.vivo.com.br/LoginB2B2/login/js/login-email.336e9ec9836f2f269123.bundle.js:2483:884)
    at Object.insertBefore (https://auth.vivo.com.br/LoginB2B2/login/js/login-email.336e9ec9836f2f269123.bundle.js:3021:50274)
    at h (https://auth.vivo.com.br/LoginB2B2/login/js/login-email.336e9ec9836f2f269123.bundle.js:3021:63886)
    at https://auth.vivo.com.br/LoginB2B2/login/js/login-email.336e9ec9836f2f269123.bundle.js:3021:63172
    at m (https://auth.vivo.com.br/LoginB2B2/login/js/login-email.336e9ec9836f2f269123.bundle.js:3021:63403)
[ 4949527ms] Error: Tokens not found: vivoEmpresas
    at r.load (https://auth.vivo.com.br/LoginB2B2/login/js/login-email.336e9ec9836f2f269123.bundle.js:1185:28286)
    at r.get (https://auth.vivo.com.br/LoginB2B2/login/js/login-email.336e9ec9836f2f269123.bundle.js:1185:28212)
    at c.validateAndLoadTokens (https://auth.vivo.com.br/LoginB2B2/login/js/login-email.336e9ec9836f2f269123.bundle.js:1185:29933)
    at c.build (https://auth.vivo.com.br/LoginB2B2/login/js/login-email.336e9ec9836f2f269123.bundle.js:1185:29705)
    at c.connectedCallback (https://auth.vivo.com.br/LoginB2B2/login/js/login-email.336e9ec9836f2f269123.bundle.js:1204:358)
    at de.O (https://auth.vivo.com.br/LoginB2B2/login/js/login-email.336e9ec9836f2f269123.bundle.js:1617:5388)
    at de.T (https://auth.vivo.com.br/LoginB2B2/login/js/login-email.336e9ec9836f2f269123.bundle.js:1617:5462)
    at de.$ (https://auth.vivo.com.br/LoginB2B2/login/js/login-email.336e9ec9836f2f269123.bundle.js:1617:5850)
    at de._$AI (https://auth.vivo.com.br/LoginB2B2/login/js/login-email.336e9ec9836f2f269123.bundle.js:1617:5232)
    at we (https://auth.vivo.com.br/LoginB2B2/login/js/login-email.336e9ec9836f2f269123.bundle.js:1617:8604)
[ 4949559ms] [ERROR] Failed to load resource: the server responded with a status of 404 (Not Found) @ https://auth.vivo.com.br/LoginB2B2/fonts/45efdb2762f020e0a26237623d29be17.woff2:0
[ 4949564ms] TypeError: Cannot read properties of undefined (reading 'changeTheme')
    at w.changeTheme (https://auth.vivo.com.br/LoginB2B2/login/js/login-email.336e9ec9836f2f269123.bundle.js:1204:520)
    at w.updated (https://auth.vivo.com.br/LoginB2B2/login/js/login-email.336e9ec9836f2f269123.bundle.js:1204:197)
    at w.updated (https://auth.vivo.com.br/LoginB2B2/login/js/login-email.336e9ec9836f2f269123.bundle.js:2483:1072)
    at w._$AE (https://auth.vivo.com.br/LoginB2B2/login/js/login-email.336e9ec9836f2f269123.bundle.js:1611:6633)
    at w.performUpdate (https://auth.vivo.com.br/LoginB2B2/login/js/login-email.336e9ec9836f2f269123.bundle.js:1611:6415)
    at w.scheduleUpdate (https://auth.vivo.com.br/LoginB2B2/login/js/login-email.336e9ec9836f2f269123.bundle.js:1611:5760)
    at w._$ET (https://auth.vivo.com.br/LoginB2B2/login/js/login-email.336e9ec9836f2f269123.bundle.js:1611:5668)
[ 4949565ms] TypeError: Cannot read properties of undefined (reading 'changeTheme')
    at c.changeTheme (https://auth.vivo.com.br/LoginB2B2/login/js/login-email.336e9ec9836f2f269123.bundle.js:1204:520)
    at c.updated (https://auth.vivo.com.br/LoginB2B2/login/js/login-email.336e9ec9836f2f269123.bundle.js:1204:197)
    at c.updated (https://auth.vivo.com.br/LoginB2B2/login/js/login-email.336e9ec9836f2f269123.bundle.js:1017:308)
    at c._$AE (https://auth.vivo.com.br/LoginB2B2/login/js/login-email.336e9ec9836f2f269123.bundle.js:1611:6633)
    at c.performUpdate (https://auth.vivo.com.br/LoginB2B2/login/js/login-email.336e9ec9836f2f269123.bundle.js:1611:6415)
    at c.scheduleUpdate (https://auth.vivo.com.br/LoginB2B2/login/js/login-email.336e9ec9836f2f269123.bundle.js:1611:5760)
    at c._$ET (https://auth.vivo.com.br/LoginB2B2/login/js/login-email.336e9ec9836f2f269123.bundle.js:1611:5668)
[ 4949781ms] [LOG] undefined @ :0
[ 4949782ms] [LOG] undefined @ :0
[ 4950098ms] [LOG] undefined @ :0
[ 4950133ms] [LOG] Sending pageView {event: virtual-pageview, screenName: /login/senha, eventDimensions: Object} @ https://auth.vivo.com.br/LoginB2B2/login/js/login-email.336e9ec9836f2f269123.bundle.js:3020
[ 4950138ms] [LOG] undefined @ :0
[ 4950142ms] [LOG] undefined @ :0
[ 4950143ms] [LOG] undefined @ :0
[ 4950180ms] [LOG] undefined @ :0
[ 4950180ms] [LOG] undefined @ :0
[ 4955660ms] [LOG] undefined @ :0
[ 4955660ms] [LOG] undefined @ :0
[ 4958560ms] [WARNING] 🚀 container.buildInfo.environment is deprecated.Please use `container.environment.stage` instead @ https://assets.adobedtm.com/fa93de6169c8/0e86f9630743/launch-a6282cdc754f.min.js:8
[ 4958723ms] [LOG] undefined @ :0
[ 4958724ms] [LOG] undefined @ :0
[ 4958911ms] [LOG] undefined @ :0
[ 4958912ms] [LOG] undefined @ :0
[ 4959308ms] [LOG] undefined @ :0
[ 4964846ms] [LOG] undefined @ :0
[ 4964846ms] [LOG] undefined @ :0
[ 4964878ms] [LOG] undefined @ :0
[ 4964879ms] [LOG] undefined @ :0
[ 4968411ms] [LOG] undefined @ :0
[ 4968412ms] [LOG] undefined @ :0
[ 4969042ms] [WARNING] 🚀 container.buildInfo.environment is deprecated.Please use `container.environment.stage` instead @ https://assets.adobedtm.com/fa93de6169c8/0e86f9630743/launch-a6282cdc754f.min.js:8
[ 4969310ms] [LOG] MOBILE @ :0
[ 4969314ms] [LOG] MOBILE @ :0
[ 4969328ms] [LOG] MOBILE @ :0
[ 4969328ms] [LOG] MOBILE @ :0
[ 4969342ms] [LOG] MOBILE @ :0
[ 4969343ms] [LOG] MOBILE @ :0
[ 4969354ms] [LOG] MOBILE @ :0
[ 4969355ms] [LOG] MOBILE @ :0
[ 4969408ms] [LOG] MOBILE @ :0
[ 4969409ms] [LOG] MOBILE @ :0
[ 4969552ms] [LOG] MOBILE @ :0
[ 4969553ms] [LOG] MOBILE @ :0
[ 4969568ms] [LOG] MOBILE @ :0
[ 4969569ms] [LOG] MOBILE @ :0
[ 4969831ms] [LOG] MOBILE @ :0
[ 4969831ms] [LOG] MOBILE @ :0
[ 4969865ms] [LOG] MOBILE @ :0
[ 4969866ms] [LOG] MOBILE @ :0
[ 4969886ms] [LOG] MOBILE @ :0
[ 4969888ms] [LOG] MOBILE @ :0
[ 4970189ms] [LOG] MOBILE @ :0
[ 4970190ms] [LOG] MOBILE @ :0
[ 4970278ms] [LOG] MOBILE @ :0
[ 4970278ms] [LOG] MOBILE @ :0
[ 4970295ms] [LOG] MOBILE @ :0
[ 4970296ms] [LOG] MOBILE @ :0
[ 4970315ms] [LOG] MOBILE @ :0
[ 4970315ms] [LOG] MOBILE @ :0
[ 4970330ms] [LOG] MOBILE @ :0
[ 4970330ms] [LOG] MOBILE @ :0
[ 4970344ms] [LOG] MOBILE @ :0
[ 4970345ms] [LOG] MOBILE @ :0
[ 4970364ms] [LOG] MOBILE @ :0
[ 4970365ms] [LOG] MOBILE @ :0
[ 4970379ms] [LOG] MOBILE @ :0
[ 4970379ms] [LOG] MOBILE @ :0
[ 4970437ms] [LOG] MOBILE @ :0
[ 4970438ms] [LOG] MOBILE @ :0
[ 4970457ms] [LOG] MOBILE @ :0
[ 4970458ms] [LOG] MOBILE @ :0
[ 4970476ms] [LOG] MOBILE @ :0
[ 4970476ms] [LOG] MOBILE @ :0
[ 4970494ms] [LOG] MOBILE @ :0
[ 4970494ms] [LOG] MOBILE @ :0
[ 4970511ms] [LOG] MOBILE @ :0
[ 4970511ms] [LOG] MOBILE @ :0
[ 4970561ms] [LOG] MOBILE @ :0
[ 4970561ms] [LOG] MOBILE @ :0
[ 4970582ms] [LOG] MOBILE @ :0
[ 4970583ms] [LOG] MOBILE @ :0
[ 4970595ms] [LOG] MOBILE @ :0
[ 4970595ms] [LOG] MOBILE @ :0
[ 4970609ms] [LOG] MOBILE @ :0
[ 4970610ms] [LOG] MOBILE @ :0
[ 4970623ms] [LOG] MOBILE @ :0
[ 4970624ms] [LOG] MOBILE @ :0
[ 4970639ms] [LOG] MOBILE @ :0
[ 4970639ms] [LOG] MOBILE @ :0
[ 4970650ms] [LOG] MOBILE @ :0
[ 4970651ms] [LOG] MOBILE @ :0
[ 4970663ms] [LOG] MOBILE @ :0
[ 4970663ms] [LOG] MOBILE @ :0
[ 4970926ms] [LOG] MOBILE @ :0
[ 4970927ms] [LOG] MOBILE @ :0
[ 4970960ms] [LOG] MOBILE @ :0
[ 4970961ms] [LOG] MOBILE @ :0
[ 4970982ms] [LOG] MOBILE @ :0
[ 4970983ms] [LOG] MOBILE @ :0
[ 4970995ms] [LOG] MOBILE @ :0
[ 4970996ms] [LOG] MOBILE @ :0
[ 4971009ms] [LOG] MOBILE @ :0
[ 4971009ms] [LOG] MOBILE @ :0
[ 4971036ms] [LOG] MOBILE @ :0
[ 4971036ms] [LOG] MOBILE @ :0
[ 4971111ms] [LOG] MOBILE @ :0
[ 4971111ms] [LOG] MOBILE @ :0
[ 4971129ms] [LOG] MOBILE @ :0
[ 4971130ms] [LOG] MOBILE @ :0
[ 4971149ms] [LOG] MOBILE @ :0
[ 4971150ms] [LOG] MOBILE @ :0
[ 4971172ms] [LOG] MOBILE @ :0
[ 4971173ms] [LOG] MOBILE @ :0
[ 4971185ms] [LOG] MOBILE @ :0
[ 4971186ms] [LOG] MOBILE @ :0
[ 4971207ms] [LOG] MOBILE @ :0
[ 4971207ms] [LOG] MOBILE @ :0
[ 4971227ms] [LOG] MOBILE @ :0
[ 4971228ms] [LOG] MOBILE @ :0
[ 4971248ms] [LOG] MOBILE @ :0
[ 4971248ms] [LOG] MOBILE @ :0
[ 4971347ms] [LOG]  Adobe Target Request succeeded [Object, Object] @ :1
[ 4971356ms] [LOG] MOBILE @ :0
[ 4986371ms] [LOG] MOBILE @ :0
[ 4986372ms] [LOG] MOBILE @ :0
[ 4988733ms] [WARNING] The resource https://mve.vivo.com.br/assets/mve/fonts/dbe5ac6045d66e680d93.woff2 was preloaded using link preload but not used within a few seconds from the window's load event. Please make sure it has an appropriate `as` value and it is preloaded intentionally. @ https://mve.vivo.com.br/sec/dashboard:0
[ 4988736ms] [WARNING] The resource https://mve.vivo.com.br/assets/mve/fonts/ac09edfac4ebe90e76f7.woff2?b1ckzw was preloaded using link preload but not used within a few seconds from the window's load event. Please make sure it has an appropriate `as` value and it is preloaded intentionally. @ https://mve.vivo.com.br/sec/dashboard:0
[ 4988736ms] [WARNING] The resource https://mve.vivo.com.br/assets/mve/fonts/58d821d46eb6f39ad306.woff2 was preloaded using link preload but not used within a few seconds from the window's load event. Please make sure it has an appropriate `as` value and it is preloaded intentionally. @ https://mve.vivo.com.br/sec/dashboard:0
[ 4988737ms] [WARNING] The resource https://mve.vivo.com.br/assets/mve/fonts/c0ba7690a96b0b25a53d.woff2 was preloaded using link preload but not used within a few seconds from the window's load event. Please make sure it has an appropriate `as` value and it is preloaded intentionally. @ https://mve.vivo.com.br/sec/dashboard:0
[ 4988737ms] [WARNING] The resource https://mve.vivo.com.br/assets/mve/fonts/4ef73e245c02dd8794ff.woff2 was preloaded using link preload but not used within a few seconds from the window's load event. Please make sure it has an appropriate `as` value and it is preloaded intentionally. @ https://mve.vivo.com.br/sec/dashboard:0
[ 4988737ms] [WARNING] The resource https://mve.vivo.com.br/assets/mve/fonts/53e34b29d71619d49dc1.woff2 was preloaded using link preload but not used within a few seconds from the window's load event. Please make sure it has an appropriate `as` value and it is preloaded intentionally. @ https://mve.vivo.com.br/sec/dashboard:0
[ 4988737ms] [WARNING] The resource https://mve.vivo.com.br/assets/mve/fonts/c1e074f52d2cc507b0df.woff2 was preloaded using link preload but not used within a few seconds from the window's load event. Please make sure it has an appropriate `as` value and it is preloaded intentionally. @ https://mve.vivo.com.br/sec/dashboard:0
[ 4988737ms] [WARNING] The resource https://mve.vivo.com.br/assets/mve/fonts/f594f2ba13d231e99294.woff2 was preloaded using link preload but not used within a few seconds from the window's load event. Please make sure it has an appropriate `as` value and it is preloaded intentionally. @ https://mve.vivo.com.br/sec/dashboard:0
[ 4994563ms] [WARNING] The resource https://mve.vivo.com.br/assets/mve/fonts/dbe5ac6045d66e680d93.woff2 was preloaded using link preload but not used within a few seconds from the window's load event. Please make sure it has an appropriate `as` value and it is preloaded intentionally. @ https://mve.vivo.com.br/sec/dashboard:0
[ 4994563ms] [WARNING] The resource https://mve.vivo.com.br/assets/mve/fonts/ac09edfac4ebe90e76f7.woff2?b1ckzw was preloaded using link preload but not used within a few seconds from the window's load event. Please make sure it has an appropriate `as` value and it is preloaded intentionally. @ https://mve.vivo.com.br/sec/dashboard:0
[ 4994564ms] [WARNING] The resource https://mve.vivo.com.br/assets/mve/fonts/58d821d46eb6f39ad306.woff2 was preloaded using link preload but not used within a few seconds from the window's load event. Please make sure it has an appropriate `as` value and it is preloaded intentionally. @ https://mve.vivo.com.br/sec/dashboard:0
[ 4994564ms] [WARNING] The resource https://mve.vivo.com.br/assets/mve/fonts/c0ba7690a96b0b25a53d.woff2 was preloaded using link preload but not used within a few seconds from the window's load event. Please make sure it has an appropriate `as` value and it is preloaded intentionally. @ https://mve.vivo.com.br/sec/dashboard:0
[ 4994564ms] [WARNING] The resource https://mve.vivo.com.br/assets/mve/fonts/4ef73e245c02dd8794ff.woff2 was preloaded using link preload but not used within a few seconds from the window's load event. Please make sure it has an appropriate `as` value and it is preloaded intentionally. @ https://mve.vivo.com.br/sec/dashboard:0
[ 4994564ms] [WARNING] The resource https://mve.vivo.com.br/assets/mve/fonts/53e34b29d71619d49dc1.woff2 was preloaded using link preload but not used within a few seconds from the window's load event. Please make sure it has an appropriate `as` value and it is preloaded intentionally. @ https://mve.vivo.com.br/sec/dashboard:0
[ 4994564ms] [WARNING] The resource https://mve.vivo.com.br/assets/mve/fonts/c1e074f52d2cc507b0df.woff2 was preloaded using link preload but not used within a few seconds from the window's load event. Please make sure it has an appropriate `as` value and it is preloaded intentionally. @ https://mve.vivo.com.br/sec/dashboard:0
[ 4994564ms] [WARNING] The resource https://mve.vivo.com.br/assets/mve/fonts/f594f2ba13d231e99294.woff2 was preloaded using link preload but not used within a few seconds from the window's load event. Please make sure it has an appropriate `as` value and it is preloaded intentionally. @ https://mve.vivo.com.br/sec/dashboard:0
[ 5002025ms] [LOG] MOBILE @ :0
[ 5002026ms] [LOG] MOBILE @ :0
[ 5005179ms] [WARNING] The resource https://mve.vivo.com.br/assets/mve/fonts/dbe5ac6045d66e680d93.woff2 was preloaded using link preload but not used within a few seconds from the window's load event. Please make sure it has an appropriate `as` value and it is preloaded intentionally. @ https://mve.vivo.com.br/sec/dashboard:0
[ 5005179ms] [WARNING] The resource https://mve.vivo.com.br/assets/mve/fonts/ac09edfac4ebe90e76f7.woff2?b1ckzw was preloaded using link preload but not used within a few seconds from the window's load event. Please make sure it has an appropriate `as` value and it is preloaded intentionally. @ https://mve.vivo.com.br/sec/dashboard:0
[ 5005179ms] [WARNING] The resource https://mve.vivo.com.br/assets/mve/fonts/58d821d46eb6f39ad306.woff2 was preloaded using link preload but not used within a few seconds from the window's load event. Please make sure it has an appropriate `as` value and it is preloaded intentionally. @ https://mve.vivo.com.br/sec/dashboard:0
[ 5005179ms] [WARNING] The resource https://mve.vivo.com.br/assets/mve/fonts/c0ba7690a96b0b25a53d.woff2 was preloaded using link preload but not used within a few seconds from the window's load event. Please make sure it has an appropriate `as` value and it is preloaded intentionally. @ https://mve.vivo.com.br/sec/dashboard:0
[ 5005179ms] [WARNING] The resource https://mve.vivo.com.br/assets/mve/fonts/4ef73e245c02dd8794ff.woff2 was preloaded using link preload but not used within a few seconds from the window's load event. Please make sure it has an appropriate `as` value and it is preloaded intentionally. @ https://mve.vivo.com.br/sec/dashboard:0
[ 5005179ms] [WARNING] The resource https://mve.vivo.com.br/assets/mve/fonts/53e34b29d71619d49dc1.woff2 was preloaded using link preload but not used within a few seconds from the window's load event. Please make sure it has an appropriate `as` value and it is preloaded intentionally. @ https://mve.vivo.com.br/sec/dashboard:0
[ 5005179ms] [WARNING] The resource https://mve.vivo.com.br/assets/mve/fonts/c1e074f52d2cc507b0df.woff2 was preloaded using link preload but not used within a few seconds from the window's load event. Please make sure it has an appropriate `as` value and it is preloaded intentionally. @ https://mve.vivo.com.br/sec/dashboard:0
[ 5005179ms] [WARNING] The resource https://mve.vivo.com.br/assets/mve/fonts/f594f2ba13d231e99294.woff2 was preloaded using link preload but not used within a few seconds from the window's load event. Please make sure it has an appropriate `as` value and it is preloaded intentionally. @ https://mve.vivo.com.br/sec/dashboard:0
[ 5011225ms] [WARNING] The resource https://mve.vivo.com.br/assets/mve/fonts/dbe5ac6045d66e680d93.woff2 was preloaded using link preload but not used within a few seconds from the window's load event. Please make sure it has an appropriate `as` value and it is preloaded intentionally. @ https://mve.vivo.com.br/sec/dashboard:0
[ 5011225ms] [WARNING] The resource https://mve.vivo.com.br/assets/mve/fonts/ac09edfac4ebe90e76f7.woff2?b1ckzw was preloaded using link preload but not used within a few seconds from the window's load event. Please make sure it has an appropriate `as` value and it is preloaded intentionally. @ https://mve.vivo.com.br/sec/dashboard:0
[ 5011225ms] [WARNING] The resource https://mve.vivo.com.br/assets/mve/fonts/58d821d46eb6f39ad306.woff2 was preloaded using link preload but not used within a few seconds from the window's load event. Please make sure it has an appropriate `as` value and it is preloaded intentionally. @ https://mve.vivo.com.br/sec/dashboard:0
[ 5011225ms] [WARNING] The resource https://mve.vivo.com.br/assets/mve/fonts/c0ba7690a96b0b25a53d.woff2 was preloaded using link preload but not used within a few seconds from the window's load event. Please make sure it has an appropriate `as` value and it is preloaded intentionally. @ https://mve.vivo.com.br/sec/dashboard:0
[ 5011225ms] [WARNING] The resource https://mve.vivo.com.br/assets/mve/fonts/4ef73e245c02dd8794ff.woff2 was preloaded using link preload but not used within a few seconds from the window's load event. Please make sure it has an appropriate `as` value and it is preloaded intentionally. @ https://mve.vivo.com.br/sec/dashboard:0
[ 5011226ms] [WARNING] The resource https://mve.vivo.com.br/assets/mve/fonts/53e34b29d71619d49dc1.woff2 was preloaded using link preload but not used within a few seconds from the window's load event. Please make sure it has an appropriate `as` value and it is preloaded intentionally. @ https://mve.vivo.com.br/sec/dashboard:0
[ 5011226ms] [WARNING] The resource https://mve.vivo.com.br/assets/mve/fonts/c1e074f52d2cc507b0df.woff2 was preloaded using link preload but not used within a few seconds from the window's load event. Please make sure it has an appropriate `as` value and it is preloaded intentionally. @ https://mve.vivo.com.br/sec/dashboard:0
[ 5011226ms] [WARNING] The resource https://mve.vivo.com.br/assets/mve/fonts/f594f2ba13d231e99294.woff2 was preloaded using link preload but not used within a few seconds from the window's load event. Please make sure it has an appropriate `as` value and it is preloaded intentionally. @ https://mve.vivo.com.br/sec/dashboard:0
[ 5017968ms] [LOG] MOBILE @ :0
[ 5017969ms] [LOG] MOBILE @ :0
[ 5028186ms] [WARNING] The resource https://mve.vivo.com.br/assets/mve/fonts/dbe5ac6045d66e680d93.woff2 was preloaded using link preload but not used within a few seconds from the window's load event. Please make sure it has an appropriate `as` value and it is preloaded intentionally. @ https://mve.vivo.com.br/sec/dashboard:0
[ 5028186ms] [WARNING] The resource https://mve.vivo.com.br/assets/mve/fonts/ac09edfac4ebe90e76f7.woff2?b1ckzw was preloaded using link preload but not used within a few seconds from the window's load event. Please make sure it has an appropriate `as` value and it is preloaded intentionally. @ https://mve.vivo.com.br/sec/dashboard:0
[ 5028186ms] [WARNING] The resource https://mve.vivo.com.br/assets/mve/fonts/58d821d46eb6f39ad306.woff2 was preloaded using link preload but not used within a few seconds from the window's load event. Please make sure it has an appropriate `as` value and it is preloaded intentionally. @ https://mve.vivo.com.br/sec/dashboard:0
[ 5028186ms] [WARNING] The resource https://mve.vivo.com.br/assets/mve/fonts/c0ba7690a96b0b25a53d.woff2 was preloaded using link preload but not used within a few seconds from the window's load event. Please make sure it has an appropriate `as` value and it is preloaded intentionally. @ https://mve.vivo.com.br/sec/dashboard:0
[ 5028186ms] [WARNING] The resource https://mve.vivo.com.br/assets/mve/fonts/4ef73e245c02dd8794ff.woff2 was preloaded using link preload but not used within a few seconds from the window's load event. Please make sure it has an appropriate `as` value and it is preloaded intentionally. @ https://mve.vivo.com.br/sec/dashboard:0
[ 5028186ms] [WARNING] The resource https://mve.vivo.com.br/assets/mve/fonts/53e34b29d71619d49dc1.woff2 was preloaded using link preload but not used within a few seconds from the window's load event. Please make sure it has an appropriate `as` value and it is preloaded intentionally. @ https://mve.vivo.com.br/sec/dashboard:0
[ 5028186ms] [WARNING] The resource https://mve.vivo.com.br/assets/mve/fonts/c1e074f52d2cc507b0df.woff2 was preloaded using link preload but not used within a few seconds from the window's load event. Please make sure it has an appropriate `as` value and it is preloaded intentionally. @ https://mve.vivo.com.br/sec/dashboard:0
[ 5028186ms] [WARNING] The resource https://mve.vivo.com.br/assets/mve/fonts/f594f2ba13d231e99294.woff2 was preloaded using link preload but not used within a few seconds from the window's load event. Please make sure it has an appropriate `as` value and it is preloaded intentionally. @ https://mve.vivo.com.br/sec/dashboard:0
[ 5032455ms] [WARNING] The resource https://mve.vivo.com.br/assets/mve/fonts/dbe5ac6045d66e680d93.woff2 was preloaded using link preload but not used within a few seconds from the window's load event. Please make sure it has an appropriate `as` value and it is preloaded intentionally. @ https://mve.vivo.com.br/sec/dashboard:0
[ 5032455ms] [WARNING] The resource https://mve.vivo.com.br/assets/mve/fonts/ac09edfac4ebe90e76f7.woff2?b1ckzw was preloaded using link preload but not used within a few seconds from the window's load event. Please make sure it has an appropriate `as` value and it is preloaded intentionally. @ https://mve.vivo.com.br/sec/dashboard:0
[ 5032455ms] [WARNING] The resource https://mve.vivo.com.br/assets/mve/fonts/58d821d46eb6f39ad306.woff2 was preloaded using link preload but not used within a few seconds from the window's load event. Please make sure it has an appropriate `as` value and it is preloaded intentionally. @ https://mve.vivo.com.br/sec/dashboard:0
[ 5032455ms] [WARNING] The resource https://mve.vivo.com.br/assets/mve/fonts/c0ba7690a96b0b25a53d.woff2 was preloaded using link preload but not used within a few seconds from the window's load event. Please make sure it has an appropriate `as` value and it is preloaded intentionally. @ https://mve.vivo.com.br/sec/dashboard:0
[ 5032455ms] [WARNING] The resource https://mve.vivo.com.br/assets/mve/fonts/4ef73e245c02dd8794ff.woff2 was preloaded using link preload but not used within a few seconds from the window's load event. Please make sure it has an appropriate `as` value and it is preloaded intentionally. @ https://mve.vivo.com.br/sec/dashboard:0
[ 5032455ms] [WARNING] The resource https://mve.vivo.com.br/assets/mve/fonts/53e34b29d71619d49dc1.woff2 was preloaded using link preload but not used within a few seconds from the window's load event. Please make sure it has an appropriate `as` value and it is preloaded intentionally. @ https://mve.vivo.com.br/sec/dashboard:0
[ 5032455ms] [WARNING] The resource https://mve.vivo.com.br/assets/mve/fonts/c1e074f52d2cc507b0df.woff2 was preloaded using link preload but not used within a few seconds from the window's load event. Please make sure it has an appropriate `as` value and it is preloaded intentionally. @ https://mve.vivo.com.br/sec/dashboard:0
[ 5032455ms] [WARNING] The resource https://mve.vivo.com.br/assets/mve/fonts/f594f2ba13d231e99294.woff2 was preloaded using link preload but not used within a few seconds from the window's load event. Please make sure it has an appropriate `as` value and it is preloaded intentionally. @ https://mve.vivo.com.br/sec/dashboard:0
[ 5035436ms] [LOG] MOBILE @ :0
[ 5035436ms] [LOG] MOBILE @ :0
[ 5043545ms] [WARNING] The resource https://mve.vivo.com.br/assets/mve/fonts/dbe5ac6045d66e680d93.woff2 was preloaded using link preload but not used within a few seconds from the window's load event. Please make sure it has an appropriate `as` value and it is preloaded intentionally. @ https://mve.vivo.com.br/sec/dashboard:0
[ 5043545ms] [WARNING] The resource https://mve.vivo.com.br/assets/mve/fonts/ac09edfac4ebe90e76f7.woff2?b1ckzw was preloaded using link preload but not used within a few seconds from the window's load event. Please make sure it has an appropriate `as` value and it is preloaded intentionally. @ https://mve.vivo.com.br/sec/dashboard:0
[ 5043545ms] [WARNING] The resource https://mve.vivo.com.br/assets/mve/fonts/58d821d46eb6f39ad306.woff2 was preloaded using link preload but not used within a few seconds from the window's load event. Please make sure it has an appropriate `as` value and it is preloaded intentionally. @ https://mve.vivo.com.br/sec/dashboard:0
[ 5043545ms] [WARNING] The resource https://mve.vivo.com.br/assets/mve/fonts/c0ba7690a96b0b25a53d.woff2 was preloaded using link preload but not used within a few seconds from the window's load event. Please make sure it has an appropriate `as` value and it is preloaded intentionally. @ https://mve.vivo.com.br/sec/dashboard:0
[ 5043545ms] [WARNING] The resource https://mve.vivo.com.br/assets/mve/fonts/4ef73e245c02dd8794ff.woff2 was preloaded using link preload but not used within a few seconds from the window's load event. Please make sure it has an appropriate `as` value and it is preloaded intentionally. @ https://mve.vivo.com.br/sec/dashboard:0
[ 5043545ms] [WARNING] The resource https://mve.vivo.com.br/assets/mve/fonts/53e34b29d71619d49dc1.woff2 was preloaded using link preload but not used within a few seconds from the window's load event. Please make sure it has an appropriate `as` value and it is preloaded intentionally. @ https://mve.vivo.com.br/sec/dashboard:0
[ 5043545ms] [WARNING] The resource https://mve.vivo.com.br/assets/mve/fonts/c1e074f52d2cc507b0df.woff2 was preloaded using link preload but not used within a few seconds from the window's load event. Please make sure it has an appropriate `as` value and it is preloaded intentionally. @ https://mve.vivo.com.br/sec/dashboard:0
[ 5043545ms] [WARNING] The resource https://mve.vivo.com.br/assets/mve/fonts/f594f2ba13d231e99294.woff2 was preloaded using link preload but not used within a few seconds from the window's load event. Please make sure it has an appropriate `as` value and it is preloaded intentionally. @ https://mve.vivo.com.br/sec/dashboard:0
[ 5046648ms] [WARNING] The resource https://mve.vivo.com.br/assets/mve/fonts/dbe5ac6045d66e680d93.woff2 was preloaded using link preload but not used within a few seconds from the window's load event. Please make sure it has an appropriate `as` value and it is preloaded intentionally. @ https://mve.vivo.com.br/sec/dashboard:0
[ 5046648ms] [WARNING] The resource https://mve.vivo.com.br/assets/mve/fonts/ac09edfac4ebe90e76f7.woff2?b1ckzw was preloaded using link preload but not used within a few seconds from the window's load event. Please make sure it has an appropriate `as` value and it is preloaded intentionally. @ https://mve.vivo.com.br/sec/dashboard:0
[ 5046648ms] [WARNING] The resource https://mve.vivo.com.br/assets/mve/fonts/58d821d46eb6f39ad306.woff2 was preloaded using link preload but not used within a few seconds from the window's load event. Please make sure it has an appropriate `as` value and it is preloaded intentionally. @ https://mve.vivo.com.br/sec/dashboard:0
[ 5046648ms] [WARNING] The resource https://mve.vivo.com.br/assets/mve/fonts/c0ba7690a96b0b25a53d.woff2 was preloaded using link preload but not used within a few seconds from the window's load event. Please make sure it has an appropriate `as` value and it is preloaded intentionally. @ https://mve.vivo.com.br/sec/dashboard:0
[ 5046648ms] [WARNING] The resource https://mve.vivo.com.br/assets/mve/fonts/4ef73e245c02dd8794ff.woff2 was preloaded using link preload but not used within a few seconds from the window's load event. Please make sure it has an appropriate `as` value and it is preloaded intentionally. @ https://mve.vivo.com.br/sec/dashboard:0
[ 5046648ms] [WARNING] The resource https://mve.vivo.com.br/assets/mve/fonts/53e34b29d71619d49dc1.woff2 was preloaded using link preload but not used within a few seconds from the window's load event. Please make sure it has an appropriate `as` value and it is preloaded intentionally. @ https://mve.vivo.com.br/sec/dashboard:0
[ 5046648ms] [WARNING] The resource https://mve.vivo.com.br/assets/mve/fonts/c1e074f52d2cc507b0df.woff2 was preloaded using link preload but not used within a few seconds from the window's load event. Please make sure it has an appropriate `as` value and it is preloaded intentionally. @ https://mve.vivo.com.br/sec/dashboard:0
[ 5046648ms] [WARNING] The resource https://mve.vivo.com.br/assets/mve/fonts/f594f2ba13d231e99294.woff2 was preloaded using link preload but not used within a few seconds from the window's load event. Please make sure it has an appropriate `as` value and it is preloaded intentionally. @ https://mve.vivo.com.br/sec/dashboard:0
[ 5065084ms] [WARNING] The resource https://mve.vivo.com.br/assets/mve/fonts/dbe5ac6045d66e680d93.woff2 was preloaded using link preload but not used within a few seconds from the window's load event. Please make sure it has an appropriate `as` value and it is preloaded intentionally. @ https://mve.vivo.com.br/sec/dashboard:0
[ 5065084ms] [WARNING] The resource https://mve.vivo.com.br/assets/mve/fonts/ac09edfac4ebe90e76f7.woff2?b1ckzw was preloaded using link preload but not used within a few seconds from the window's load event. Please make sure it has an appropriate `as` value and it is preloaded intentionally. @ https://mve.vivo.com.br/sec/dashboard:0
[ 5065084ms] [WARNING] The resource https://mve.vivo.com.br/assets/mve/fonts/58d821d46eb6f39ad306.woff2 was preloaded using link preload but not used within a few seconds from the window's load event. Please make sure it has an appropriate `as` value and it is preloaded intentionally. @ https://mve.vivo.com.br/sec/dashboard:0
[ 5065084ms] [WARNING] The resource https://mve.vivo.com.br/assets/mve/fonts/c0ba7690a96b0b25a53d.woff2 was preloaded using link preload but not used within a few seconds from the window's load event. Please make sure it has an appropriate `as` value and it is preloaded intentionally. @ https://mve.vivo.com.br/sec/dashboard:0
[ 5065084ms] [WARNING] The resource https://mve.vivo.com.br/assets/mve/fonts/4ef73e245c02dd8794ff.woff2 was preloaded using link preload but not used within a few seconds from the window's load event. Please make sure it has an appropriate `as` value and it is preloaded intentionally. @ https://mve.vivo.com.br/sec/dashboard:0
[ 5065084ms] [WARNING] The resource https://mve.vivo.com.br/assets/mve/fonts/53e34b29d71619d49dc1.woff2 was preloaded using link preload but not used within a few seconds from the window's load event. Please make sure it has an appropriate `as` value and it is preloaded intentionally. @ https://mve.vivo.com.br/sec/dashboard:0
[ 5065084ms] [WARNING] The resource https://mve.vivo.com.br/assets/mve/fonts/c1e074f52d2cc507b0df.woff2 was preloaded using link preload but not used within a few seconds from the window's load event. Please make sure it has an appropriate `as` value and it is preloaded intentionally. @ https://mve.vivo.com.br/sec/dashboard:0
[ 5065084ms] [WARNING] The resource https://mve.vivo.com.br/assets/mve/fonts/f594f2ba13d231e99294.woff2 was preloaded using link preload but not used within a few seconds from the window's load event. Please make sure it has an appropriate `as` value and it is preloaded intentionally. @ https://mve.vivo.com.br/sec/dashboard:0
[ 5084097ms] [WARNING] The resource https://mve.vivo.com.br/assets/mve/fonts/dbe5ac6045d66e680d93.woff2 was preloaded using link preload but not used within a few seconds from the window's load event. Please make sure it has an appropriate `as` value and it is preloaded intentionally. @ https://mve.vivo.com.br/sec/dashboard:0
[ 5084097ms] [WARNING] The resource https://mve.vivo.com.br/assets/mve/fonts/ac09edfac4ebe90e76f7.woff2?b1ckzw was preloaded using link preload but not used within a few seconds from the window's load event. Please make sure it has an appropriate `as` value and it is preloaded intentionally. @ https://mve.vivo.com.br/sec/dashboard:0
[ 5084097ms] [WARNING] The resource https://mve.vivo.com.br/assets/mve/fonts/58d821d46eb6f39ad306.woff2 was preloaded using link preload but not used within a few seconds from the window's load event. Please make sure it has an appropriate `as` value and it is preloaded intentionally. @ https://mve.vivo.com.br/sec/dashboard:0
[ 5084097ms] [WARNING] The resource https://mve.vivo.com.br/assets/mve/fonts/c0ba7690a96b0b25a53d.woff2 was preloaded using link preload but not used within a few seconds from the window's load event. Please make sure it has an appropriate `as` value and it is preloaded intentionally. @ https://mve.vivo.com.br/sec/dashboard:0
[ 5084098ms] [WARNING] The resource https://mve.vivo.com.br/assets/mve/fonts/4ef73e245c02dd8794ff.woff2 was preloaded using link preload but not used within a few seconds from the window's load event. Please make sure it has an appropriate `as` value and it is preloaded intentionally. @ https://mve.vivo.com.br/sec/dashboard:0
[ 5084098ms] [WARNING] The resource https://mve.vivo.com.br/assets/mve/fonts/53e34b29d71619d49dc1.woff2 was preloaded using link preload but not used within a few seconds from the window's load event. Please make sure it has an appropriate `as` value and it is preloaded intentionally. @ https://mve.vivo.com.br/sec/dashboard:0
[ 5084098ms] [WARNING] The resource https://mve.vivo.com.br/assets/mve/fonts/c1e074f52d2cc507b0df.woff2 was preloaded using link preload but not used within a few seconds from the window's load event. Please make sure it has an appropriate `as` value and it is preloaded intentionally. @ https://mve.vivo.com.br/sec/dashboard:0
[ 5084098ms] [WARNING] The resource https://mve.vivo.com.br/assets/mve/fonts/f594f2ba13d231e99294.woff2 was preloaded using link preload but not used within a few seconds from the window's load event. Please make sure it has an appropriate `as` value and it is preloaded intentionally. @ https://mve.vivo.com.br/sec/dashboard:0
[ 5092524ms] [WARNING] The resource https://mve.vivo.com.br/assets/mve/fonts/dbe5ac6045d66e680d93.woff2 was preloaded using link preload but not used within a few seconds from the window's load event. Please make sure it has an appropriate `as` value and it is preloaded intentionally. @ https://mve.vivo.com.br/sec/dashboard:0
[ 5092524ms] [WARNING] The resource https://mve.vivo.com.br/assets/mve/fonts/ac09edfac4ebe90e76f7.woff2?b1ckzw was preloaded using link preload but not used within a few seconds from the window's load event. Please make sure it has an appropriate `as` value and it is preloaded intentionally. @ https://mve.vivo.com.br/sec/dashboard:0
[ 5092524ms] [WARNING] The resource https://mve.vivo.com.br/assets/mve/fonts/58d821d46eb6f39ad306.woff2 was preloaded using link preload but not used within a few seconds from the window's load event. Please make sure it has an appropriate `as` value and it is preloaded intentionally. @ https://mve.vivo.com.br/sec/dashboard:0
[ 5092524ms] [WARNING] The resource https://mve.vivo.com.br/assets/mve/fonts/c0ba7690a96b0b25a53d.woff2 was preloaded using link preload but not used within a few seconds from the window's load event. Please make sure it has an appropriate `as` value and it is preloaded intentionally. @ https://mve.vivo.com.br/sec/dashboard:0
[ 5092524ms] [WARNING] The resource https://mve.vivo.com.br/assets/mve/fonts/4ef73e245c02dd8794ff.woff2 was preloaded using link preload but not used within a few seconds from the window's load event. Please make sure it has an appropriate `as` value and it is preloaded intentionally. @ https://mve.vivo.com.br/sec/dashboard:0
[ 5092524ms] [WARNING] The resource https://mve.vivo.com.br/assets/mve/fonts/53e34b29d71619d49dc1.woff2 was preloaded using link preload but not used within a few seconds from the window's load event. Please make sure it has an appropriate `as` value and it is preloaded intentionally. @ https://mve.vivo.com.br/sec/dashboard:0
[ 5092524ms] [WARNING] The resource https://mve.vivo.com.br/assets/mve/fonts/c1e074f52d2cc507b0df.woff2 was preloaded using link preload but not used within a few seconds from the window's load event. Please make sure it has an appropriate `as` value and it is preloaded intentionally. @ https://mve.vivo.com.br/sec/dashboard:0
[ 5092524ms] [WARNING] The resource https://mve.vivo.com.br/assets/mve/fonts/f594f2ba13d231e99294.woff2 was preloaded using link preload but not used within a few seconds from the window's load event. Please make sure it has an appropriate `as` value and it is preloaded intentionally. @ https://mve.vivo.com.br/sec/dashboard:0
[ 5102504ms] [WARNING] The resource https://mve.vivo.com.br/assets/mve/fonts/dbe5ac6045d66e680d93.woff2 was preloaded using link preload but not used within a few seconds from the window's load event. Please make sure it has an appropriate `as` value and it is preloaded intentionally. @ https://mve.vivo.com.br/sec/dashboard:0
[ 5102504ms] [WARNING] The resource https://mve.vivo.com.br/assets/mve/fonts/ac09edfac4ebe90e76f7.woff2?b1ckzw was preloaded using link preload but not used within a few seconds from the window's load event. Please make sure it has an appropriate `as` value and it is preloaded intentionally. @ https://mve.vivo.com.br/sec/dashboard:0
[ 5102504ms] [WARNING] The resource https://mve.vivo.com.br/assets/mve/fonts/58d821d46eb6f39ad306.woff2 was preloaded using link preload but not used within a few seconds from the window's load event. Please make sure it has an appropriate `as` value and it is preloaded intentionally. @ https://mve.vivo.com.br/sec/dashboard:0
[ 5102504ms] [WARNING] The resource https://mve.vivo.com.br/assets/mve/fonts/c0ba7690a96b0b25a53d.woff2 was preloaded using link preload but not used within a few seconds from the window's load event. Please make sure it has an appropriate `as` value and it is preloaded intentionally. @ https://mve.vivo.com.br/sec/dashboard:0
[ 5102504ms] [WARNING] The resource https://mve.vivo.com.br/assets/mve/fonts/4ef73e245c02dd8794ff.woff2 was preloaded using link preload but not used within a few seconds from the window's load event. Please make sure it has an appropriate `as` value and it is preloaded intentionally. @ https://mve.vivo.com.br/sec/dashboard:0
[ 5102504ms] [WARNING] The resource https://mve.vivo.com.br/assets/mve/fonts/53e34b29d71619d49dc1.woff2 was preloaded using link preload but not used within a few seconds from the window's load event. Please make sure it has an appropriate `as` value and it is preloaded intentionally. @ https://mve.vivo.com.br/sec/dashboard:0
[ 5102504ms] [WARNING] The resource https://mve.vivo.com.br/assets/mve/fonts/c1e074f52d2cc507b0df.woff2 was preloaded using link preload but not used within a few seconds from the window's load event. Please make sure it has an appropriate `as` value and it is preloaded intentionally. @ https://mve.vivo.com.br/sec/dashboard:0
[ 5102504ms] [WARNING] The resource https://mve.vivo.com.br/assets/mve/fonts/f594f2ba13d231e99294.woff2 was preloaded using link preload but not used within a few seconds from the window's load event. Please make sure it has an appropriate `as` value and it is preloaded intentionally. @ https://mve.vivo.com.br/sec/dashboard:0
[ 5111027ms] [WARNING] The resource https://mve.vivo.com.br/assets/mve/fonts/dbe5ac6045d66e680d93.woff2 was preloaded using link preload but not used within a few seconds from the window's load event. Please make sure it has an appropriate `as` value and it is preloaded intentionally. @ https://mve.vivo.com.br/sec/dashboard:0
[ 5111027ms] [WARNING] The resource https://mve.vivo.com.br/assets/mve/fonts/ac09edfac4ebe90e76f7.woff2?b1ckzw was preloaded using link preload but not used within a few seconds from the window's load event. Please make sure it has an appropriate `as` value and it is preloaded intentionally. @ https://mve.vivo.com.br/sec/dashboard:0
[ 5111027ms] [WARNING] The resource https://mve.vivo.com.br/assets/mve/fonts/58d821d46eb6f39ad306.woff2 was preloaded using link preload but not used within a few seconds from the window's load event. Please make sure it has an appropriate `as` value and it is preloaded intentionally. @ https://mve.vivo.com.br/sec/dashboard:0
[ 5111027ms] [WARNING] The resource https://mve.vivo.com.br/assets/mve/fonts/c0ba7690a96b0b25a53d.woff2 was preloaded using link preload but not used within a few seconds from the window's load event. Please make sure it has an appropriate `as` value and it is preloaded intentionally. @ https://mve.vivo.com.br/sec/dashboard:0
[ 5111027ms] [WARNING] The resource https://mve.vivo.com.br/assets/mve/fonts/4ef73e245c02dd8794ff.woff2 was preloaded using link preload but not used within a few seconds from the window's load event. Please make sure it has an appropriate `as` value and it is preloaded intentionally. @ https://mve.vivo.com.br/sec/dashboard:0
[ 5111027ms] [WARNING] The resource https://mve.vivo.com.br/assets/mve/fonts/53e34b29d71619d49dc1.woff2 was preloaded using link preload but not used within a few seconds from the window's load event. Please make sure it has an appropriate `as` value and it is preloaded intentionally. @ https://mve.vivo.com.br/sec/dashboard:0
[ 5111027ms] [WARNING] The resource https://mve.vivo.com.br/assets/mve/fonts/c1e074f52d2cc507b0df.woff2 was preloaded using link preload but not used within a few seconds from the window's load event. Please make sure it has an appropriate `as` value and it is preloaded intentionally. @ https://mve.vivo.com.br/sec/dashboard:0
[ 5111027ms] [WARNING] The resource https://mve.vivo.com.br/assets/mve/fonts/f594f2ba13d231e99294.woff2 was preloaded using link preload but not used within a few seconds from the window's load event. Please make sure it has an appropriate `as` value and it is preloaded intentionally. @ https://mve.vivo.com.br/sec/dashboard:0
[ 5121127ms] [WARNING] The resource https://mve.vivo.com.br/assets/mve/fonts/dbe5ac6045d66e680d93.woff2 was preloaded using link preload but not used within a few seconds from the window's load event. Please make sure it has an appropriate `as` value and it is preloaded intentionally. @ https://mve.vivo.com.br/sec/dashboard:0
[ 5121127ms] [WARNING] The resource https://mve.vivo.com.br/assets/mve/fonts/ac09edfac4ebe90e76f7.woff2?b1ckzw was preloaded using link preload but not used within a few seconds from the window's load event. Please make sure it has an appropriate `as` value and it is preloaded intentionally. @ https://mve.vivo.com.br/sec/dashboard:0
[ 5121127ms] [WARNING] The resource https://mve.vivo.com.br/assets/mve/fonts/58d821d46eb6f39ad306.woff2 was preloaded using link preload but not used within a few seconds from the window's load event. Please make sure it has an appropriate `as` value and it is preloaded intentionally. @ https://mve.vivo.com.br/sec/dashboard:0
[ 5121127ms] [WARNING] The resource https://mve.vivo.com.br/assets/mve/fonts/c0ba7690a96b0b25a53d.woff2 was preloaded using link preload but not used within a few seconds from the window's load event. Please make sure it has an appropriate `as` value and it is preloaded intentionally. @ https://mve.vivo.com.br/sec/dashboard:0
[ 5121127ms] [WARNING] The resource https://mve.vivo.com.br/assets/mve/fonts/4ef73e245c02dd8794ff.woff2 was preloaded using link preload but not used within a few seconds from the window's load event. Please make sure it has an appropriate `as` value and it is preloaded intentionally. @ https://mve.vivo.com.br/sec/dashboard:0
[ 5121127ms] [WARNING] The resource https://mve.vivo.com.br/assets/mve/fonts/53e34b29d71619d49dc1.woff2 was preloaded using link preload but not used within a few seconds from the window's load event. Please make sure it has an appropriate `as` value and it is preloaded intentionally. @ https://mve.vivo.com.br/sec/dashboard:0
[ 5121127ms] [WARNING] The resource https://mve.vivo.com.br/assets/mve/fonts/c1e074f52d2cc507b0df.woff2 was preloaded using link preload but not used within a few seconds from the window's load event. Please make sure it has an appropriate `as` value and it is preloaded intentionally. @ https://mve.vivo.com.br/sec/dashboard:0
[ 5121127ms] [WARNING] The resource https://mve.vivo.com.br/assets/mve/fonts/f594f2ba13d231e99294.woff2 was preloaded using link preload but not used within a few seconds from the window's load event. Please make sure it has an appropriate `as` value and it is preloaded intentionally. @ https://mve.vivo.com.br/sec/dashboard:0
[ 5140271ms] [WARNING] The resource https://mve.vivo.com.br/assets/mve/fonts/dbe5ac6045d66e680d93.woff2 was preloaded using link preload but not used within a few seconds from the window's load event. Please make sure it has an appropriate `as` value and it is preloaded intentionally. @ https://mve.vivo.com.br/sec/dashboard:0
[ 5140271ms] [WARNING] The resource https://mve.vivo.com.br/assets/mve/fonts/ac09edfac4ebe90e76f7.woff2?b1ckzw was preloaded using link preload but not used within a few seconds from the window's load event. Please make sure it has an appropriate `as` value and it is preloaded intentionally. @ https://mve.vivo.com.br/sec/dashboard:0
[ 5140271ms] [WARNING] The resource https://mve.vivo.com.br/assets/mve/fonts/58d821d46eb6f39ad306.woff2 was preloaded using link preload but not used within a few seconds from the window's load event. Please make sure it has an appropriate `as` value and it is preloaded intentionally. @ https://mve.vivo.com.br/sec/dashboard:0
[ 5140271ms] [WARNING] The resource https://mve.vivo.com.br/assets/mve/fonts/c0ba7690a96b0b25a53d.woff2 was preloaded using link preload but not used within a few seconds from the window's load event. Please make sure it has an appropriate `as` value and it is preloaded intentionally. @ https://mve.vivo.com.br/sec/dashboard:0
[ 5140271ms] [WARNING] The resource https://mve.vivo.com.br/assets/mve/fonts/4ef73e245c02dd8794ff.woff2 was preloaded using link preload but not used within a few seconds from the window's load event. Please make sure it has an appropriate `as` value and it is preloaded intentionally. @ https://mve.vivo.com.br/sec/dashboard:0
[ 5140271ms] [WARNING] The resource https://mve.vivo.com.br/assets/mve/fonts/53e34b29d71619d49dc1.woff2 was preloaded using link preload but not used within a few seconds from the window's load event. Please make sure it has an appropriate `as` value and it is preloaded intentionally. @ https://mve.vivo.com.br/sec/dashboard:0
[ 5140271ms] [WARNING] The resource https://mve.vivo.com.br/assets/mve/fonts/c1e074f52d2cc507b0df.woff2 was preloaded using link preload but not used within a few seconds from the window's load event. Please make sure it has an appropriate `as` value and it is preloaded intentionally. @ https://mve.vivo.com.br/sec/dashboard:0
[ 5140271ms] [WARNING] The resource https://mve.vivo.com.br/assets/mve/fonts/f594f2ba13d231e99294.woff2 was preloaded using link preload but not used within a few seconds from the window's load event. Please make sure it has an appropriate `as` value and it is preloaded intentionally. @ https://mve.vivo.com.br/sec/dashboard:0
[ 5152590ms] [WARNING] The resource https://mve.vivo.com.br/assets/mve/fonts/dbe5ac6045d66e680d93.woff2 was preloaded using link preload but not used within a few seconds from the window's load event. Please make sure it has an appropriate `as` value and it is preloaded intentionally. @ https://mve.vivo.com.br/sec/dashboard:0
[ 5152590ms] [WARNING] The resource https://mve.vivo.com.br/assets/mve/fonts/ac09edfac4ebe90e76f7.woff2?b1ckzw was preloaded using link preload but not used within a few seconds from the window's load event. Please make sure it has an appropriate `as` value and it is preloaded intentionally. @ https://mve.vivo.com.br/sec/dashboard:0
[ 5152590ms] [WARNING] The resource https://mve.vivo.com.br/assets/mve/fonts/58d821d46eb6f39ad306.woff2 was preloaded using link preload but not used within a few seconds from the window's load event. Please make sure it has an appropriate `as` value and it is preloaded intentionally. @ https://mve.vivo.com.br/sec/dashboard:0
[ 5152590ms] [WARNING] The resource https://mve.vivo.com.br/assets/mve/fonts/c0ba7690a96b0b25a53d.woff2 was preloaded using link preload but not used within a few seconds from the window's load event. Please make sure it has an appropriate `as` value and it is preloaded intentionally. @ https://mve.vivo.com.br/sec/dashboard:0
[ 5152590ms] [WARNING] The resource https://mve.vivo.com.br/assets/mve/fonts/4ef73e245c02dd8794ff.woff2 was preloaded using link preload but not used within a few seconds from the window's load event. Please make sure it has an appropriate `as` value and it is preloaded intentionally. @ https://mve.vivo.com.br/sec/dashboard:0
[ 5152590ms] [WARNING] The resource https://mve.vivo.com.br/assets/mve/fonts/53e34b29d71619d49dc1.woff2 was preloaded using link preload but not used within a few seconds from the window's load event. Please make sure it has an appropriate `as` value and it is preloaded intentionally. @ https://mve.vivo.com.br/sec/dashboard:0
[ 5152590ms] [WARNING] The resource https://mve.vivo.com.br/assets/mve/fonts/c1e074f52d2cc507b0df.woff2 was preloaded using link preload but not used within a few seconds from the window's load event. Please make sure it has an appropriate `as` value and it is preloaded intentionally. @ https://mve.vivo.com.br/sec/dashboard:0
[ 5152590ms] [WARNING] The resource https://mve.vivo.com.br/assets/mve/fonts/f594f2ba13d231e99294.woff2 was preloaded using link preload but not used within a few seconds from the window's load event. Please make sure it has an appropriate `as` value and it is preloaded intentionally. @ https://mve.vivo.com.br/sec/dashboard:0
[ 5159098ms] [WARNING] The resource https://mve.vivo.com.br/assets/mve/fonts/dbe5ac6045d66e680d93.woff2 was preloaded using link preload but not used within a few seconds from the window's load event. Please make sure it has an appropriate `as` value and it is preloaded intentionally. @ https://mve.vivo.com.br/sec/dashboard:0
[ 5159098ms] [WARNING] The resource https://mve.vivo.com.br/assets/mve/fonts/ac09edfac4ebe90e76f7.woff2?b1ckzw was preloaded using link preload but not used within a few seconds from the window's load event. Please make sure it has an appropriate `as` value and it is preloaded intentionally. @ https://mve.vivo.com.br/sec/dashboard:0
[ 5159098ms] [WARNING] The resource https://mve.vivo.com.br/assets/mve/fonts/58d821d46eb6f39ad306.woff2 was preloaded using link preload but not used within a few seconds from the window's load event. Please make sure it has an appropriate `as` value and it is preloaded intentionally. @ https://mve.vivo.com.br/sec/dashboard:0
[ 5159098ms] [WARNING] The resource https://mve.vivo.com.br/assets/mve/fonts/c0ba7690a96b0b25a53d.woff2 was preloaded using link preload but not used within a few seconds from the window's load event. Please make sure it has an appropriate `as` value and it is preloaded intentionally. @ https://mve.vivo.com.br/sec/dashboard:0
[ 5159098ms] [WARNING] The resource https://mve.vivo.com.br/assets/mve/fonts/4ef73e245c02dd8794ff.woff2 was preloaded using link preload but not used within a few seconds from the window's load event. Please make sure it has an appropriate `as` value and it is preloaded intentionally. @ https://mve.vivo.com.br/sec/dashboard:0
[ 5159098ms] [WARNING] The resource https://mve.vivo.com.br/assets/mve/fonts/53e34b29d71619d49dc1.woff2 was preloaded using link preload but not used within a few seconds from the window's load event. Please make sure it has an appropriate `as` value and it is preloaded intentionally. @ https://mve.vivo.com.br/sec/dashboard:0
[ 5159098ms] [WARNING] The resource https://mve.vivo.com.br/assets/mve/fonts/c1e074f52d2cc507b0df.woff2 was preloaded using link preload but not used within a few seconds from the window's load event. Please make sure it has an appropriate `as` value and it is preloaded intentionally. @ https://mve.vivo.com.br/sec/dashboard:0
[ 5159098ms] [WARNING] The resource https://mve.vivo.com.br/assets/mve/fonts/f594f2ba13d231e99294.woff2 was preloaded using link preload but not used within a few seconds from the window's load event. Please make sure it has an appropriate `as` value and it is preloaded intentionally. @ https://mve.vivo.com.br/sec/dashboard:0
[ 5179117ms] [WARNING] The resource https://mve.vivo.com.br/assets/mve/fonts/dbe5ac6045d66e680d93.woff2 was preloaded using link preload but not used within a few seconds from the window's load event. Please make sure it has an appropriate `as` value and it is preloaded intentionally. @ https://mve.vivo.com.br/sec/dashboard:0
[ 5179117ms] [WARNING] The resource https://mve.vivo.com.br/assets/mve/fonts/ac09edfac4ebe90e76f7.woff2?b1ckzw was preloaded using link preload but not used within a few seconds from the window's load event. Please make sure it has an appropriate `as` value and it is preloaded intentionally. @ https://mve.vivo.com.br/sec/dashboard:0
[ 5179117ms] [WARNING] The resource https://mve.vivo.com.br/assets/mve/fonts/58d821d46eb6f39ad306.woff2 was preloaded using link preload but not used within a few seconds from the window's load event. Please make sure it has an appropriate `as` value and it is preloaded intentionally. @ https://mve.vivo.com.br/sec/dashboard:0
[ 5179117ms] [WARNING] The resource https://mve.vivo.com.br/assets/mve/fonts/c0ba7690a96b0b25a53d.woff2 was preloaded using link preload but not used within a few seconds from the window's load event. Please make sure it has an appropriate `as` value and it is preloaded intentionally. @ https://mve.vivo.com.br/sec/dashboard:0
[ 5179117ms] [WARNING] The resource https://mve.vivo.com.br/assets/mve/fonts/4ef73e245c02dd8794ff.woff2 was preloaded using link preload but not used within a few seconds from the window's load event. Please make sure it has an appropriate `as` value and it is preloaded intentionally. @ https://mve.vivo.com.br/sec/dashboard:0
[ 5179117ms] [WARNING] The resource https://mve.vivo.com.br/assets/mve/fonts/53e34b29d71619d49dc1.woff2 was preloaded using link preload but not used within a few seconds from the window's load event. Please make sure it has an appropriate `as` value and it is preloaded intentionally. @ https://mve.vivo.com.br/sec/dashboard:0
[ 5179117ms] [WARNING] The resource https://mve.vivo.com.br/assets/mve/fonts/c1e074f52d2cc507b0df.woff2 was preloaded using link preload but not used within a few seconds from the window's load event. Please make sure it has an appropriate `as` value and it is preloaded intentionally. @ https://mve.vivo.com.br/sec/dashboard:0
[ 5179117ms] [WARNING] The resource https://mve.vivo.com.br/assets/mve/fonts/f594f2ba13d231e99294.woff2 was preloaded using link preload but not used within a few seconds from the window's load event. Please make sure it has an appropriate `as` value and it is preloaded intentionally. @ https://mve.vivo.com.br/sec/dashboard:0
[ 5197681ms] [WARNING] The resource https://mve.vivo.com.br/assets/mve/fonts/dbe5ac6045d66e680d93.woff2 was preloaded using link preload but not used within a few seconds from the window's load event. Please make sure it has an appropriate `as` value and it is preloaded intentionally. @ https://mve.vivo.com.br/sec/dashboard:0
[ 5197681ms] [WARNING] The resource https://mve.vivo.com.br/assets/mve/fonts/ac09edfac4ebe90e76f7.woff2?b1ckzw was preloaded using link preload but not used within a few seconds from the window's load event. Please make sure it has an appropriate `as` value and it is preloaded intentionally. @ https://mve.vivo.com.br/sec/dashboard:0
[ 5197681ms] [WARNING] The resource https://mve.vivo.com.br/assets/mve/fonts/58d821d46eb6f39ad306.woff2 was preloaded using link preload but not used within a few seconds from the window's load event. Please make sure it has an appropriate `as` value and it is preloaded intentionally. @ https://mve.vivo.com.br/sec/dashboard:0
[ 5197681ms] [WARNING] The resource https://mve.vivo.com.br/assets/mve/fonts/c0ba7690a96b0b25a53d.woff2 was preloaded using link preload but not used within a few seconds from the window's load event. Please make sure it has an appropriate `as` value and it is preloaded intentionally. @ https://mve.vivo.com.br/sec/dashboard:0
[ 5197681ms] [WARNING] The resource https://mve.vivo.com.br/assets/mve/fonts/4ef73e245c02dd8794ff.woff2 was preloaded using link preload but not used within a few seconds from the window's load event. Please make sure it has an appropriate `as` value and it is preloaded intentionally. @ https://mve.vivo.com.br/sec/dashboard:0
[ 5197681ms] [WARNING] The resource https://mve.vivo.com.br/assets/mve/fonts/53e34b29d71619d49dc1.woff2 was preloaded using link preload but not used within a few seconds from the window's load event. Please make sure it has an appropriate `as` value and it is preloaded intentionally. @ https://mve.vivo.com.br/sec/dashboard:0
[ 5197681ms] [WARNING] The resource https://mve.vivo.com.br/assets/mve/fonts/c1e074f52d2cc507b0df.woff2 was preloaded using link preload but not used within a few seconds from the window's load event. Please make sure it has an appropriate `as` value and it is preloaded intentionally. @ https://mve.vivo.com.br/sec/dashboard:0
[ 5197681ms] [WARNING] The resource https://mve.vivo.com.br/assets/mve/fonts/f594f2ba13d231e99294.woff2 was preloaded using link preload but not used within a few seconds from the window's load event. Please make sure it has an appropriate `as` value and it is preloaded intentionally. @ https://mve.vivo.com.br/sec/dashboard:0
[ 5212691ms] [WARNING] The resource https://mve.vivo.com.br/assets/mve/fonts/dbe5ac6045d66e680d93.woff2 was preloaded using link preload but not used within a few seconds from the window's load event. Please make sure it has an appropriate `as` value and it is preloaded intentionally. @ https://mve.vivo.com.br/sec/dashboard:0
[ 5212691ms] [WARNING] The resource https://mve.vivo.com.br/assets/mve/fonts/ac09edfac4ebe90e76f7.woff2?b1ckzw was preloaded using link preload but not used within a few seconds from the window's load event. Please make sure it has an appropriate `as` value and it is preloaded intentionally. @ https://mve.vivo.com.br/sec/dashboard:0
[ 5212691ms] [WARNING] The resource https://mve.vivo.com.br/assets/mve/fonts/58d821d46eb6f39ad306.woff2 was preloaded using link preload but not used within a few seconds from the window's load event. Please make sure it has an appropriate `as` value and it is preloaded intentionally. @ https://mve.vivo.com.br/sec/dashboard:0
[ 5212691ms] [WARNING] The resource https://mve.vivo.com.br/assets/mve/fonts/c0ba7690a96b0b25a53d.woff2 was preloaded using link preload but not used within a few seconds from the window's load event. Please make sure it has an appropriate `as` value and it is preloaded intentionally. @ https://mve.vivo.com.br/sec/dashboard:0
[ 5212691ms] [WARNING] The resource https://mve.vivo.com.br/assets/mve/fonts/4ef73e245c02dd8794ff.woff2 was preloaded using link preload but not used within a few seconds from the window's load event. Please make sure it has an appropriate `as` value and it is preloaded intentionally. @ https://mve.vivo.com.br/sec/dashboard:0
[ 5212691ms] [WARNING] The resource https://mve.vivo.com.br/assets/mve/fonts/53e34b29d71619d49dc1.woff2 was preloaded using link preload but not used within a few seconds from the window's load event. Please make sure it has an appropriate `as` value and it is preloaded intentionally. @ https://mve.vivo.com.br/sec/dashboard:0
[ 5212691ms] [WARNING] The resource https://mve.vivo.com.br/assets/mve/fonts/c1e074f52d2cc507b0df.woff2 was preloaded using link preload but not used within a few seconds from the window's load event. Please make sure it has an appropriate `as` value and it is preloaded intentionally. @ https://mve.vivo.com.br/sec/dashboard:0
[ 5212691ms] [WARNING] The resource https://mve.vivo.com.br/assets/mve/fonts/f594f2ba13d231e99294.woff2 was preloaded using link preload but not used within a few seconds from the window's load event. Please make sure it has an appropriate `as` value and it is preloaded intentionally. @ https://mve.vivo.com.br/sec/dashboard:0
[ 5216179ms] [WARNING] The resource https://mve.vivo.com.br/assets/mve/fonts/dbe5ac6045d66e680d93.woff2 was preloaded using link preload but not used within a few seconds from the window's load event. Please make sure it has an appropriate `as` value and it is preloaded intentionally. @ https://mve.vivo.com.br/sec/dashboard:0
[ 5216179ms] [WARNING] The resource https://mve.vivo.com.br/assets/mve/fonts/ac09edfac4ebe90e76f7.woff2?b1ckzw was preloaded using link preload but not used within a few seconds from the window's load event. Please make sure it has an appropriate `as` value and it is preloaded intentionally. @ https://mve.vivo.com.br/sec/dashboard:0
[ 5216179ms] [WARNING] The resource https://mve.vivo.com.br/assets/mve/fonts/58d821d46eb6f39ad306.woff2 was preloaded using link preload but not used within a few seconds from the window's load event. Please make sure it has an appropriate `as` value and it is preloaded intentionally. @ https://mve.vivo.com.br/sec/dashboard:0
[ 5216179ms] [WARNING] The resource https://mve.vivo.com.br/assets/mve/fonts/c0ba7690a96b0b25a53d.woff2 was preloaded using link preload but not used within a few seconds from the window's load event. Please make sure it has an appropriate `as` value and it is preloaded intentionally. @ https://mve.vivo.com.br/sec/dashboard:0
[ 5216179ms] [WARNING] The resource https://mve.vivo.com.br/assets/mve/fonts/4ef73e245c02dd8794ff.woff2 was preloaded using link preload but not used within a few seconds from the window's load event. Please make sure it has an appropriate `as` value and it is preloaded intentionally. @ https://mve.vivo.com.br/sec/dashboard:0
[ 5216179ms] [WARNING] The resource https://mve.vivo.com.br/assets/mve/fonts/53e34b29d71619d49dc1.woff2 was preloaded using link preload but not used within a few seconds from the window's load event. Please make sure it has an appropriate `as` value and it is preloaded intentionally. @ https://mve.vivo.com.br/sec/dashboard:0
[ 5216179ms] [WARNING] The resource https://mve.vivo.com.br/assets/mve/fonts/c1e074f52d2cc507b0df.woff2 was preloaded using link preload but not used within a few seconds from the window's load event. Please make sure it has an appropriate `as` value and it is preloaded intentionally. @ https://mve.vivo.com.br/sec/dashboard:0
[ 5216179ms] [WARNING] The resource https://mve.vivo.com.br/assets/mve/fonts/f594f2ba13d231e99294.woff2 was preloaded using link preload but not used within a few seconds from the window's load event. Please make sure it has an appropriate `as` value and it is preloaded intentionally. @ https://mve.vivo.com.br/sec/dashboard:0
[ 5234677ms] [WARNING] The resource https://mve.vivo.com.br/assets/mve/fonts/dbe5ac6045d66e680d93.woff2 was preloaded using link preload but not used within a few seconds from the window's load event. Please make sure it has an appropriate `as` value and it is preloaded intentionally. @ https://mve.vivo.com.br/sec/dashboard:0
[ 5234677ms] [WARNING] The resource https://mve.vivo.com.br/assets/mve/fonts/ac09edfac4ebe90e76f7.woff2?b1ckzw was preloaded using link preload but not used within a few seconds from the window's load event. Please make sure it has an appropriate `as` value and it is preloaded intentionally. @ https://mve.vivo.com.br/sec/dashboard:0
[ 5234677ms] [WARNING] The resource https://mve.vivo.com.br/assets/mve/fonts/58d821d46eb6f39ad306.woff2 was preloaded using link preload but not used within a few seconds from the window's load event. Please make sure it has an appropriate `as` value and it is preloaded intentionally. @ https://mve.vivo.com.br/sec/dashboard:0
[ 5234677ms] [WARNING] The resource https://mve.vivo.com.br/assets/mve/fonts/c0ba7690a96b0b25a53d.woff2 was preloaded using link preload but not used within a few seconds from the window's load event. Please make sure it has an appropriate `as` value and it is preloaded intentionally. @ https://mve.vivo.com.br/sec/dashboard:0
[ 5234677ms] [WARNING] The resource https://mve.vivo.com.br/assets/mve/fonts/4ef73e245c02dd8794ff.woff2 was preloaded using link preload but not used within a few seconds from the window's load event. Please make sure it has an appropriate `as` value and it is preloaded intentionally. @ https://mve.vivo.com.br/sec/dashboard:0
[ 5234677ms] [WARNING] The resource https://mve.vivo.com.br/assets/mve/fonts/53e34b29d71619d49dc1.woff2 was preloaded using link preload but not used within a few seconds from the window's load event. Please make sure it has an appropriate `as` value and it is preloaded intentionally. @ https://mve.vivo.com.br/sec/dashboard:0
[ 5234677ms] [WARNING] The resource https://mve.vivo.com.br/assets/mve/fonts/c1e074f52d2cc507b0df.woff2 was preloaded using link preload but not used within a few seconds from the window's load event. Please make sure it has an appropriate `as` value and it is preloaded intentionally. @ https://mve.vivo.com.br/sec/dashboard:0
[ 5234677ms] [WARNING] The resource https://mve.vivo.com.br/assets/mve/fonts/f594f2ba13d231e99294.woff2 was preloaded using link preload but not used within a few seconds from the window's load event. Please make sure it has an appropriate `as` value and it is preloaded intentionally. @ https://mve.vivo.com.br/sec/dashboard:0
[ 5254899ms] [WARNING] The resource https://mve.vivo.com.br/assets/mve/fonts/dbe5ac6045d66e680d93.woff2 was preloaded using link preload but not used within a few seconds from the window's load event. Please make sure it has an appropriate `as` value and it is preloaded intentionally. @ https://mve.vivo.com.br/sec/dashboard:0
[ 5254899ms] [WARNING] The resource https://mve.vivo.com.br/assets/mve/fonts/ac09edfac4ebe90e76f7.woff2?b1ckzw was preloaded using link preload but not used within a few seconds from the window's load event. Please make sure it has an appropriate `as` value and it is preloaded intentionally. @ https://mve.vivo.com.br/sec/dashboard:0
[ 5254899ms] [WARNING] The resource https://mve.vivo.com.br/assets/mve/fonts/58d821d46eb6f39ad306.woff2 was preloaded using link preload but not used within a few seconds from the window's load event. Please make sure it has an appropriate `as` value and it is preloaded intentionally. @ https://mve.vivo.com.br/sec/dashboard:0
[ 5254900ms] [WARNING] The resource https://mve.vivo.com.br/assets/mve/fonts/c0ba7690a96b0b25a53d.woff2 was preloaded using link preload but not used within a few seconds from the window's load event. Please make sure it has an appropriate `as` value and it is preloaded intentionally. @ https://mve.vivo.com.br/sec/dashboard:0
[ 5254900ms] [WARNING] The resource https://mve.vivo.com.br/assets/mve/fonts/4ef73e245c02dd8794ff.woff2 was preloaded using link preload but not used within a few seconds from the window's load event. Please make sure it has an appropriate `as` value and it is preloaded intentionally. @ https://mve.vivo.com.br/sec/dashboard:0
[ 5254900ms] [WARNING] The resource https://mve.vivo.com.br/assets/mve/fonts/53e34b29d71619d49dc1.woff2 was preloaded using link preload but not used within a few seconds from the window's load event. Please make sure it has an appropriate `as` value and it is preloaded intentionally. @ https://mve.vivo.com.br/sec/dashboard:0
[ 5254900ms] [WARNING] The resource https://mve.vivo.com.br/assets/mve/fonts/c1e074f52d2cc507b0df.woff2 was preloaded using link preload but not used within a few seconds from the window's load event. Please make sure it has an appropriate `as` value and it is preloaded intentionally. @ https://mve.vivo.com.br/sec/dashboard:0
[ 5254900ms] [WARNING] The resource https://mve.vivo.com.br/assets/mve/fonts/f594f2ba13d231e99294.woff2 was preloaded using link preload but not used within a few seconds from the window's load event. Please make sure it has an appropriate `as` value and it is preloaded intentionally. @ https://mve.vivo.com.br/sec/dashboard:0
[ 5275123ms] [WARNING] The resource https://mve.vivo.com.br/assets/mve/fonts/dbe5ac6045d66e680d93.woff2 was preloaded using link preload but not used within a few seconds from the window's load event. Please make sure it has an appropriate `as` value and it is preloaded intentionally. @ https://mve.vivo.com.br/sec/dashboard:0
[ 5275124ms] [WARNING] The resource https://mve.vivo.com.br/assets/mve/fonts/ac09edfac4ebe90e76f7.woff2?b1ckzw was preloaded using link preload but not used within a few seconds from the window's load event. Please make sure it has an appropriate `as` value and it is preloaded intentionally. @ https://mve.vivo.com.br/sec/dashboard:0
[ 5275124ms] [WARNING] The resource https://mve.vivo.com.br/assets/mve/fonts/58d821d46eb6f39ad306.woff2 was preloaded using link preload but not used within a few seconds from the window's load event. Please make sure it has an appropriate `as` value and it is preloaded intentionally. @ https://mve.vivo.com.br/sec/dashboard:0
[ 5275124ms] [WARNING] The resource https://mve.vivo.com.br/assets/mve/fonts/c0ba7690a96b0b25a53d.woff2 was preloaded using link preload but not used within a few seconds from the window's load event. Please make sure it has an appropriate `as` value and it is preloaded intentionally. @ https://mve.vivo.com.br/sec/dashboard:0
[ 5275124ms] [WARNING] The resource https://mve.vivo.com.br/assets/mve/fonts/4ef73e245c02dd8794ff.woff2 was preloaded using link preload but not used within a few seconds from the window's load event. Please make sure it has an appropriate `as` value and it is preloaded intentionally. @ https://mve.vivo.com.br/sec/dashboard:0
[ 5275124ms] [WARNING] The resource https://mve.vivo.com.br/assets/mve/fonts/53e34b29d71619d49dc1.woff2 was preloaded using link preload but not used within a few seconds from the window's load event. Please make sure it has an appropriate `as` value and it is preloaded intentionally. @ https://mve.vivo.com.br/sec/dashboard:0
[ 5275124ms] [WARNING] The resource https://mve.vivo.com.br/assets/mve/fonts/c1e074f52d2cc507b0df.woff2 was preloaded using link preload but not used within a few seconds from the window's load event. Please make sure it has an appropriate `as` value and it is preloaded intentionally. @ https://mve.vivo.com.br/sec/dashboard:0
[ 5275124ms] [WARNING] The resource https://mve.vivo.com.br/assets/mve/fonts/f594f2ba13d231e99294.woff2 was preloaded using link preload but not used within a few seconds from the window's load event. Please make sure it has an appropriate `as` value and it is preloaded intentionally. @ https://mve.vivo.com.br/sec/dashboard:0
[ 5309256ms] [WARNING] The resource https://mve.vivo.com.br/assets/mve/fonts/dbe5ac6045d66e680d93.woff2 was preloaded using link preload but not used within a few seconds from the window's load event. Please make sure it has an appropriate `as` value and it is preloaded intentionally. @ https://mve.vivo.com.br/sec/dashboard:0
[ 5309256ms] [WARNING] The resource https://mve.vivo.com.br/assets/mve/fonts/ac09edfac4ebe90e76f7.woff2?b1ckzw was preloaded using link preload but not used within a few seconds from the window's load event. Please make sure it has an appropriate `as` value and it is preloaded intentionally. @ https://mve.vivo.com.br/sec/dashboard:0
[ 5309256ms] [WARNING] The resource https://mve.vivo.com.br/assets/mve/fonts/58d821d46eb6f39ad306.woff2 was preloaded using link preload but not used within a few seconds from the window's load event. Please make sure it has an appropriate `as` value and it is preloaded intentionally. @ https://mve.vivo.com.br/sec/dashboard:0
[ 5309256ms] [WARNING] The resource https://mve.vivo.com.br/assets/mve/fonts/c0ba7690a96b0b25a53d.woff2 was preloaded using link preload but not used within a few seconds from the window's load event. Please make sure it has an appropriate `as` value and it is preloaded intentionally. @ https://mve.vivo.com.br/sec/dashboard:0
[ 5309256ms] [WARNING] The resource https://mve.vivo.com.br/assets/mve/fonts/4ef73e245c02dd8794ff.woff2 was preloaded using link preload but not used within a few seconds from the window's load event. Please make sure it has an appropriate `as` value and it is preloaded intentionally. @ https://mve.vivo.com.br/sec/dashboard:0
[ 5309256ms] [WARNING] The resource https://mve.vivo.com.br/assets/mve/fonts/53e34b29d71619d49dc1.woff2 was preloaded using link preload but not used within a few seconds from the window's load event. Please make sure it has an appropriate `as` value and it is preloaded intentionally. @ https://mve.vivo.com.br/sec/dashboard:0
[ 5309256ms] [WARNING] The resource https://mve.vivo.com.br/assets/mve/fonts/c1e074f52d2cc507b0df.woff2 was preloaded using link preload but not used within a few seconds from the window's load event. Please make sure it has an appropriate `as` value and it is preloaded intentionally. @ https://mve.vivo.com.br/sec/dashboard:0
[ 5309256ms] [WARNING] The resource https://mve.vivo.com.br/assets/mve/fonts/f594f2ba13d231e99294.woff2 was preloaded using link preload but not used within a few seconds from the window's load event. Please make sure it has an appropriate `as` value and it is preloaded intentionally. @ https://mve.vivo.com.br/sec/dashboard:0
[ 5332828ms] [WARNING] The resource https://mve.vivo.com.br/assets/mve/fonts/dbe5ac6045d66e680d93.woff2 was preloaded using link preload but not used within a few seconds from the window's load event. Please make sure it has an appropriate `as` value and it is preloaded intentionally. @ https://mve.vivo.com.br/sec/dashboard:0
[ 5332829ms] [WARNING] The resource https://mve.vivo.com.br/assets/mve/fonts/ac09edfac4ebe90e76f7.woff2?b1ckzw was preloaded using link preload but not used within a few seconds from the window's load event. Please make sure it has an appropriate `as` value and it is preloaded intentionally. @ https://mve.vivo.com.br/sec/dashboard:0
[ 5332829ms] [WARNING] The resource https://mve.vivo.com.br/assets/mve/fonts/58d821d46eb6f39ad306.woff2 was preloaded using link preload but not used within a few seconds from the window's load event. Please make sure it has an appropriate `as` value and it is preloaded intentionally. @ https://mve.vivo.com.br/sec/dashboard:0
[ 5332829ms] [WARNING] The resource https://mve.vivo.com.br/assets/mve/fonts/c0ba7690a96b0b25a53d.woff2 was preloaded using link preload but not used within a few seconds from the window's load event. Please make sure it has an appropriate `as` value and it is preloaded intentionally. @ https://mve.vivo.com.br/sec/dashboard:0
[ 5332829ms] [WARNING] The resource https://mve.vivo.com.br/assets/mve/fonts/4ef73e245c02dd8794ff.woff2 was preloaded using link preload but not used within a few seconds from the window's load event. Please make sure it has an appropriate `as` value and it is preloaded intentionally. @ https://mve.vivo.com.br/sec/dashboard:0
[ 5332829ms] [WARNING] The resource https://mve.vivo.com.br/assets/mve/fonts/53e34b29d71619d49dc1.woff2 was preloaded using link preload but not used within a few seconds from the window's load event. Please make sure it has an appropriate `as` value and it is preloaded intentionally. @ https://mve.vivo.com.br/sec/dashboard:0
[ 5332829ms] [WARNING] The resource https://mve.vivo.com.br/assets/mve/fonts/c1e074f52d2cc507b0df.woff2 was preloaded using link preload but not used within a few seconds from the window's load event. Please make sure it has an appropriate `as` value and it is preloaded intentionally. @ https://mve.vivo.com.br/sec/dashboard:0
[ 5332829ms] [WARNING] The resource https://mve.vivo.com.br/assets/mve/fonts/f594f2ba13d231e99294.woff2 was preloaded using link preload but not used within a few seconds from the window's load event. Please make sure it has an appropriate `as` value and it is preloaded intentionally. @ https://mve.vivo.com.br/sec/dashboard:0
[ 5366309ms] [WARNING] The resource https://mve.vivo.com.br/assets/mve/fonts/dbe5ac6045d66e680d93.woff2 was preloaded using link preload but not used within a few seconds from the window's load event. Please make sure it has an appropriate `as` value and it is preloaded intentionally. @ https://mve.vivo.com.br/sec/dashboard:0
[ 5366309ms] [WARNING] The resource https://mve.vivo.com.br/assets/mve/fonts/ac09edfac4ebe90e76f7.woff2?b1ckzw was preloaded using link preload but not used within a few seconds from the window's load event. Please make sure it has an appropriate `as` value and it is preloaded intentionally. @ https://mve.vivo.com.br/sec/dashboard:0
[ 5366309ms] [WARNING] The resource https://mve.vivo.com.br/assets/mve/fonts/58d821d46eb6f39ad306.woff2 was preloaded using link preload but not used within a few seconds from the window's load event. Please make sure it has an appropriate `as` value and it is preloaded intentionally. @ https://mve.vivo.com.br/sec/dashboard:0
[ 5366310ms] [WARNING] The resource https://mve.vivo.com.br/assets/mve/fonts/c0ba7690a96b0b25a53d.woff2 was preloaded using link preload but not used within a few seconds from the window's load event. Please make sure it has an appropriate `as` value and it is preloaded intentionally. @ https://mve.vivo.com.br/sec/dashboard:0
[ 5366310ms] [WARNING] The resource https://mve.vivo.com.br/assets/mve/fonts/4ef73e245c02dd8794ff.woff2 was preloaded using link preload but not used within a few seconds from the window's load event. Please make sure it has an appropriate `as` value and it is preloaded intentionally. @ https://mve.vivo.com.br/sec/dashboard:0
[ 5366310ms] [WARNING] The resource https://mve.vivo.com.br/assets/mve/fonts/53e34b29d71619d49dc1.woff2 was preloaded using link preload but not used within a few seconds from the window's load event. Please make sure it has an appropriate `as` value and it is preloaded intentionally. @ https://mve.vivo.com.br/sec/dashboard:0
[ 5366310ms] [WARNING] The resource https://mve.vivo.com.br/assets/mve/fonts/c1e074f52d2cc507b0df.woff2 was preloaded using link preload but not used within a few seconds from the window's load event. Please make sure it has an appropriate `as` value and it is preloaded intentionally. @ https://mve.vivo.com.br/sec/dashboard:0
[ 5366310ms] [WARNING] The resource https://mve.vivo.com.br/assets/mve/fonts/f594f2ba13d231e99294.woff2 was preloaded using link preload but not used within a few seconds from the window's load event. Please make sure it has an appropriate `as` value and it is preloaded intentionally. @ https://mve.vivo.com.br/sec/dashboard:0
[ 5392936ms] [WARNING] The resource https://mve.vivo.com.br/assets/mve/fonts/dbe5ac6045d66e680d93.woff2 was preloaded using link preload but not used within a few seconds from the window's load event. Please make sure it has an appropriate `as` value and it is preloaded intentionally. @ https://mve.vivo.com.br/sec/dashboard:0
[ 5392936ms] [WARNING] The resource https://mve.vivo.com.br/assets/mve/fonts/ac09edfac4ebe90e76f7.woff2?b1ckzw was preloaded using link preload but not used within a few seconds from the window's load event. Please make sure it has an appropriate `as` value and it is preloaded intentionally. @ https://mve.vivo.com.br/sec/dashboard:0
[ 5392936ms] [WARNING] The resource https://mve.vivo.com.br/assets/mve/fonts/58d821d46eb6f39ad306.woff2 was preloaded using link preload but not used within a few seconds from the window's load event. Please make sure it has an appropriate `as` value and it is preloaded intentionally. @ https://mve.vivo.com.br/sec/dashboard:0
[ 5392936ms] [WARNING] The resource https://mve.vivo.com.br/assets/mve/fonts/c0ba7690a96b0b25a53d.woff2 was preloaded using link preload but not used within a few seconds from the window's load event. Please make sure it has an appropriate `as` value and it is preloaded intentionally. @ https://mve.vivo.com.br/sec/dashboard:0
[ 5392936ms] [WARNING] The resource https://mve.vivo.com.br/assets/mve/fonts/4ef73e245c02dd8794ff.woff2 was preloaded using link preload but not used within a few seconds from the window's load event. Please make sure it has an appropriate `as` value and it is preloaded intentionally. @ https://mve.vivo.com.br/sec/dashboard:0
[ 5392936ms] [WARNING] The resource https://mve.vivo.com.br/assets/mve/fonts/53e34b29d71619d49dc1.woff2 was preloaded using link preload but not used within a few seconds from the window's load event. Please make sure it has an appropriate `as` value and it is preloaded intentionally. @ https://mve.vivo.com.br/sec/dashboard:0
[ 5392936ms] [WARNING] The resource https://mve.vivo.com.br/assets/mve/fonts/c1e074f52d2cc507b0df.woff2 was preloaded using link preload but not used within a few seconds from the window's load event. Please make sure it has an appropriate `as` value and it is preloaded intentionally. @ https://mve.vivo.com.br/sec/dashboard:0
[ 5392936ms] [WARNING] The resource https://mve.vivo.com.br/assets/mve/fonts/f594f2ba13d231e99294.woff2 was preloaded using link preload but not used within a few seconds from the window's load event. Please make sure it has an appropriate `as` value and it is preloaded intentionally. @ https://mve.vivo.com.br/sec/dashboard:0
[ 5402308ms] [WARNING] The resource https://mve.vivo.com.br/assets/mve/fonts/dbe5ac6045d66e680d93.woff2 was preloaded using link preload but not used within a few seconds from the window's load event. Please make sure it has an appropriate `as` value and it is preloaded intentionally. @ https://mve.vivo.com.br/sec/dashboard:0
[ 5402308ms] [WARNING] The resource https://mve.vivo.com.br/assets/mve/fonts/ac09edfac4ebe90e76f7.woff2?b1ckzw was preloaded using link preload but not used within a few seconds from the window's load event. Please make sure it has an appropriate `as` value and it is preloaded intentionally. @ https://mve.vivo.com.br/sec/dashboard:0
[ 5402308ms] [WARNING] The resource https://mve.vivo.com.br/assets/mve/fonts/58d821d46eb6f39ad306.woff2 was preloaded using link preload but not used within a few seconds from the window's load event. Please make sure it has an appropriate `as` value and it is preloaded intentionally. @ https://mve.vivo.com.br/sec/dashboard:0
[ 5402308ms] [WARNING] The resource https://mve.vivo.com.br/assets/mve/fonts/c0ba7690a96b0b25a53d.woff2 was preloaded using link preload but not used within a few seconds from the window's load event. Please make sure it has an appropriate `as` value and it is preloaded intentionally. @ https://mve.vivo.com.br/sec/dashboard:0
[ 5402308ms] [WARNING] The resource https://mve.vivo.com.br/assets/mve/fonts/4ef73e245c02dd8794ff.woff2 was preloaded using link preload but not used within a few seconds from the window's load event. Please make sure it has an appropriate `as` value and it is preloaded intentionally. @ https://mve.vivo.com.br/sec/dashboard:0
[ 5402308ms] [WARNING] The resource https://mve.vivo.com.br/assets/mve/fonts/53e34b29d71619d49dc1.woff2 was preloaded using link preload but not used within a few seconds from the window's load event. Please make sure it has an appropriate `as` value and it is preloaded intentionally. @ https://mve.vivo.com.br/sec/dashboard:0
[ 5402308ms] [WARNING] The resource https://mve.vivo.com.br/assets/mve/fonts/c1e074f52d2cc507b0df.woff2 was preloaded using link preload but not used within a few seconds from the window's load event. Please make sure it has an appropriate `as` value and it is preloaded intentionally. @ https://mve.vivo.com.br/sec/dashboard:0
[ 5402308ms] [WARNING] The resource https://mve.vivo.com.br/assets/mve/fonts/f594f2ba13d231e99294.woff2 was preloaded using link preload but not used within a few seconds from the window's load event. Please make sure it has an appropriate `as` value and it is preloaded intentionally. @ https://mve.vivo.com.br/sec/dashboard:0
[ 5438809ms] [WARNING] The resource https://mve.vivo.com.br/assets/mve/fonts/dbe5ac6045d66e680d93.woff2 was preloaded using link preload but not used within a few seconds from the window's load event. Please make sure it has an appropriate `as` value and it is preloaded intentionally. @ https://mve.vivo.com.br/sec/dashboard:0
[ 5438809ms] [WARNING] The resource https://mve.vivo.com.br/assets/mve/fonts/ac09edfac4ebe90e76f7.woff2?b1ckzw was preloaded using link preload but not used within a few seconds from the window's load event. Please make sure it has an appropriate `as` value and it is preloaded intentionally. @ https://mve.vivo.com.br/sec/dashboard:0
[ 5438809ms] [WARNING] The resource https://mve.vivo.com.br/assets/mve/fonts/58d821d46eb6f39ad306.woff2 was preloaded using link preload but not used within a few seconds from the window's load event. Please make sure it has an appropriate `as` value and it is preloaded intentionally. @ https://mve.vivo.com.br/sec/dashboard:0
[ 5438809ms] [WARNING] The resource https://mve.vivo.com.br/assets/mve/fonts/c0ba7690a96b0b25a53d.woff2 was preloaded using link preload but not used within a few seconds from the window's load event. Please make sure it has an appropriate `as` value and it is preloaded intentionally. @ https://mve.vivo.com.br/sec/dashboard:0
[ 5438809ms] [WARNING] The resource https://mve.vivo.com.br/assets/mve/fonts/4ef73e245c02dd8794ff.woff2 was preloaded using link preload but not used within a few seconds from the window's load event. Please make sure it has an appropriate `as` value and it is preloaded intentionally. @ https://mve.vivo.com.br/sec/dashboard:0
[ 5438809ms] [WARNING] The resource https://mve.vivo.com.br/assets/mve/fonts/53e34b29d71619d49dc1.woff2 was preloaded using link preload but not used within a few seconds from the window's load event. Please make sure it has an appropriate `as` value and it is preloaded intentionally. @ https://mve.vivo.com.br/sec/dashboard:0
[ 5438809ms] [WARNING] The resource https://mve.vivo.com.br/assets/mve/fonts/c1e074f52d2cc507b0df.woff2 was preloaded using link preload but not used within a few seconds from the window's load event. Please make sure it has an appropriate `as` value and it is preloaded intentionally. @ https://mve.vivo.com.br/sec/dashboard:0
[ 5438809ms] [WARNING] The resource https://mve.vivo.com.br/assets/mve/fonts/f594f2ba13d231e99294.woff2 was preloaded using link preload but not used within a few seconds from the window's load event. Please make sure it has an appropriate `as` value and it is preloaded intentionally. @ https://mve.vivo.com.br/sec/dashboard:0
[ 5453063ms] [WARNING] The resource https://mve.vivo.com.br/assets/mve/fonts/dbe5ac6045d66e680d93.woff2 was preloaded using link preload but not used within a few seconds from the window's load event. Please make sure it has an appropriate `as` value and it is preloaded intentionally. @ https://mve.vivo.com.br/sec/dashboard:0
[ 5453063ms] [WARNING] The resource https://mve.vivo.com.br/assets/mve/fonts/ac09edfac4ebe90e76f7.woff2?b1ckzw was preloaded using link preload but not used within a few seconds from the window's load event. Please make sure it has an appropriate `as` value and it is preloaded intentionally. @ https://mve.vivo.com.br/sec/dashboard:0
[ 5453063ms] [WARNING] The resource https://mve.vivo.com.br/assets/mve/fonts/58d821d46eb6f39ad306.woff2 was preloaded using link preload but not used within a few seconds from the window's load event. Please make sure it has an appropriate `as` value and it is preloaded intentionally. @ https://mve.vivo.com.br/sec/dashboard:0
[ 5453063ms] [WARNING] The resource https://mve.vivo.com.br/assets/mve/fonts/c0ba7690a96b0b25a53d.woff2 was preloaded using link preload but not used within a few seconds from the window's load event. Please make sure it has an appropriate `as` value and it is preloaded intentionally. @ https://mve.vivo.com.br/sec/dashboard:0
[ 5453063ms] [WARNING] The resource https://mve.vivo.com.br/assets/mve/fonts/4ef73e245c02dd8794ff.woff2 was preloaded using link preload but not used within a few seconds from the window's load event. Please make sure it has an appropriate `as` value and it is preloaded intentionally. @ https://mve.vivo.com.br/sec/dashboard:0
[ 5453063ms] [WARNING] The resource https://mve.vivo.com.br/assets/mve/fonts/53e34b29d71619d49dc1.woff2 was preloaded using link preload but not used within a few seconds from the window's load event. Please make sure it has an appropriate `as` value and it is preloaded intentionally. @ https://mve.vivo.com.br/sec/dashboard:0
[ 5453063ms] [WARNING] The resource https://mve.vivo.com.br/assets/mve/fonts/c1e074f52d2cc507b0df.woff2 was preloaded using link preload but not used within a few seconds from the window's load event. Please make sure it has an appropriate `as` value and it is preloaded intentionally. @ https://mve.vivo.com.br/sec/dashboard:0
[ 5453064ms] [WARNING] The resource https://mve.vivo.com.br/assets/mve/fonts/f594f2ba13d231e99294.woff2 was preloaded using link preload but not used within a few seconds from the window's load event. Please make sure it has an appropriate `as` value and it is preloaded intentionally. @ https://mve.vivo.com.br/sec/dashboard:0
[ 5476371ms] [WARNING] The resource https://mve.vivo.com.br/assets/mve/fonts/dbe5ac6045d66e680d93.woff2 was preloaded using link preload but not used within a few seconds from the window's load event. Please make sure it has an appropriate `as` value and it is preloaded intentionally. @ https://mve.vivo.com.br/sec/dashboard:0
[ 5476371ms] [WARNING] The resource https://mve.vivo.com.br/assets/mve/fonts/ac09edfac4ebe90e76f7.woff2?b1ckzw was preloaded using link preload but not used within a few seconds from the window's load event. Please make sure it has an appropriate `as` value and it is preloaded intentionally. @ https://mve.vivo.com.br/sec/dashboard:0
[ 5476371ms] [WARNING] The resource https://mve.vivo.com.br/assets/mve/fonts/58d821d46eb6f39ad306.woff2 was preloaded using link preload but not used within a few seconds from the window's load event. Please make sure it has an appropriate `as` value and it is preloaded intentionally. @ https://mve.vivo.com.br/sec/dashboard:0
[ 5476371ms] [WARNING] The resource https://mve.vivo.com.br/assets/mve/fonts/c0ba7690a96b0b25a53d.woff2 was preloaded using link preload but not used within a few seconds from the window's load event. Please make sure it has an appropriate `as` value and it is preloaded intentionally. @ https://mve.vivo.com.br/sec/dashboard:0
[ 5476371ms] [WARNING] The resource https://mve.vivo.com.br/assets/mve/fonts/4ef73e245c02dd8794ff.woff2 was preloaded using link preload but not used within a few seconds from the window's load event. Please make sure it has an appropriate `as` value and it is preloaded intentionally. @ https://mve.vivo.com.br/sec/dashboard:0
[ 5476371ms] [WARNING] The resource https://mve.vivo.com.br/assets/mve/fonts/53e34b29d71619d49dc1.woff2 was preloaded using link preload but not used within a few seconds from the window's load event. Please make sure it has an appropriate `as` value and it is preloaded intentionally. @ https://mve.vivo.com.br/sec/dashboard:0
[ 5476371ms] [WARNING] The resource https://mve.vivo.com.br/assets/mve/fonts/c1e074f52d2cc507b0df.woff2 was preloaded using link preload but not used within a few seconds from the window's load event. Please make sure it has an appropriate `as` value and it is preloaded intentionally. @ https://mve.vivo.com.br/sec/dashboard:0
[ 5476371ms] [WARNING] The resource https://mve.vivo.com.br/assets/mve/fonts/f594f2ba13d231e99294.woff2 was preloaded using link preload but not used within a few seconds from the window's load event. Please make sure it has an appropriate `as` value and it is preloaded intentionally. @ https://mve.vivo.com.br/sec/dashboard:0
[ 5513154ms] [WARNING] The resource https://mve.vivo.com.br/assets/mve/fonts/dbe5ac6045d66e680d93.woff2 was preloaded using link preload but not used within a few seconds from the window's load event. Please make sure it has an appropriate `as` value and it is preloaded intentionally. @ https://mve.vivo.com.br/sec/dashboard:0
[ 5513154ms] [WARNING] The resource https://mve.vivo.com.br/assets/mve/fonts/ac09edfac4ebe90e76f7.woff2?b1ckzw was preloaded using link preload but not used within a few seconds from the window's load event. Please make sure it has an appropriate `as` value and it is preloaded intentionally. @ https://mve.vivo.com.br/sec/dashboard:0
[ 5513154ms] [WARNING] The resource https://mve.vivo.com.br/assets/mve/fonts/58d821d46eb6f39ad306.woff2 was preloaded using link preload but not used within a few seconds from the window's load event. Please make sure it has an appropriate `as` value and it is preloaded intentionally. @ https://mve.vivo.com.br/sec/dashboard:0
[ 5513154ms] [WARNING] The resource https://mve.vivo.com.br/assets/mve/fonts/c0ba7690a96b0b25a53d.woff2 was preloaded using link preload but not used within a few seconds from the window's load event. Please make sure it has an appropriate `as` value and it is preloaded intentionally. @ https://mve.vivo.com.br/sec/dashboard:0
[ 5513154ms] [WARNING] The resource https://mve.vivo.com.br/assets/mve/fonts/4ef73e245c02dd8794ff.woff2 was preloaded using link preload but not used within a few seconds from the window's load event. Please make sure it has an appropriate `as` value and it is preloaded intentionally. @ https://mve.vivo.com.br/sec/dashboard:0
[ 5513154ms] [WARNING] The resource https://mve.vivo.com.br/assets/mve/fonts/53e34b29d71619d49dc1.woff2 was preloaded using link preload but not used within a few seconds from the window's load event. Please make sure it has an appropriate `as` value and it is preloaded intentionally. @ https://mve.vivo.com.br/sec/dashboard:0
[ 5513154ms] [WARNING] The resource https://mve.vivo.com.br/assets/mve/fonts/c1e074f52d2cc507b0df.woff2 was preloaded using link preload but not used within a few seconds from the window's load event. Please make sure it has an appropriate `as` value and it is preloaded intentionally. @ https://mve.vivo.com.br/sec/dashboard:0
[ 5513154ms] [WARNING] The resource https://mve.vivo.com.br/assets/mve/fonts/f594f2ba13d231e99294.woff2 was preloaded using link preload but not used within a few seconds from the window's load event. Please make sure it has an appropriate `as` value and it is preloaded intentionally. @ https://mve.vivo.com.br/sec/dashboard:0
[ 5549350ms] [WARNING] The resource https://mve.vivo.com.br/assets/mve/fonts/dbe5ac6045d66e680d93.woff2 was preloaded using link preload but not used within a few seconds from the window's load event. Please make sure it has an appropriate `as` value and it is preloaded intentionally. @ https://mve.vivo.com.br/sec/dashboard:0
[ 5549350ms] [WARNING] The resource https://mve.vivo.com.br/assets/mve/fonts/ac09edfac4ebe90e76f7.woff2?b1ckzw was preloaded using link preload but not used within a few seconds from the window's load event. Please make sure it has an appropriate `as` value and it is preloaded intentionally. @ https://mve.vivo.com.br/sec/dashboard:0
[ 5549350ms] [WARNING] The resource https://mve.vivo.com.br/assets/mve/fonts/58d821d46eb6f39ad306.woff2 was preloaded using link preload but not used within a few seconds from the window's load event. Please make sure it has an appropriate `as` value and it is preloaded intentionally. @ https://mve.vivo.com.br/sec/dashboard:0
[ 5549350ms] [WARNING] The resource https://mve.vivo.com.br/assets/mve/fonts/c0ba7690a96b0b25a53d.woff2 was preloaded using link preload but not used within a few seconds from the window's load event. Please make sure it has an appropriate `as` value and it is preloaded intentionally. @ https://mve.vivo.com.br/sec/dashboard:0
[ 5549350ms] [WARNING] The resource https://mve.vivo.com.br/assets/mve/fonts/4ef73e245c02dd8794ff.woff2 was preloaded using link preload but not used within a few seconds from the window's load event. Please make sure it has an appropriate `as` value and it is preloaded intentionally. @ https://mve.vivo.com.br/sec/dashboard:0
[ 5549350ms] [WARNING] The resource https://mve.vivo.com.br/assets/mve/fonts/53e34b29d71619d49dc1.woff2 was preloaded using link preload but not used within a few seconds from the window's load event. Please make sure it has an appropriate `as` value and it is preloaded intentionally. @ https://mve.vivo.com.br/sec/dashboard:0
[ 5549351ms] [WARNING] The resource https://mve.vivo.com.br/assets/mve/fonts/c1e074f52d2cc507b0df.woff2 was preloaded using link preload but not used within a few seconds from the window's load event. Please make sure it has an appropriate `as` value and it is preloaded intentionally. @ https://mve.vivo.com.br/sec/dashboard:0
[ 5549351ms] [WARNING] The resource https://mve.vivo.com.br/assets/mve/fonts/f594f2ba13d231e99294.woff2 was preloaded using link preload but not used within a few seconds from the window's load event. Please make sure it has an appropriate `as` value and it is preloaded intentionally. @ https://mve.vivo.com.br/sec/dashboard:0
[ 5573723ms] [WARNING] The resource https://mve.vivo.com.br/assets/mve/fonts/dbe5ac6045d66e680d93.woff2 was preloaded using link preload but not used within a few seconds from the window's load event. Please make sure it has an appropriate `as` value and it is preloaded intentionally. @ https://mve.vivo.com.br/sec/dashboard:0
[ 5573723ms] [WARNING] The resource https://mve.vivo.com.br/assets/mve/fonts/ac09edfac4ebe90e76f7.woff2?b1ckzw was preloaded using link preload but not used within a few seconds from the window's load event. Please make sure it has an appropriate `as` value and it is preloaded intentionally. @ https://mve.vivo.com.br/sec/dashboard:0
[ 5573723ms] [WARNING] The resource https://mve.vivo.com.br/assets/mve/fonts/58d821d46eb6f39ad306.woff2 was preloaded using link preload but not used within a few seconds from the window's load event. Please make sure it has an appropriate `as` value and it is preloaded intentionally. @ https://mve.vivo.com.br/sec/dashboard:0
[ 5573723ms] [WARNING] The resource https://mve.vivo.com.br/assets/mve/fonts/c0ba7690a96b0b25a53d.woff2 was preloaded using link preload but not used within a few seconds from the window's load event. Please make sure it has an appropriate `as` value and it is preloaded intentionally. @ https://mve.vivo.com.br/sec/dashboard:0
[ 5573723ms] [WARNING] The resource https://mve.vivo.com.br/assets/mve/fonts/4ef73e245c02dd8794ff.woff2 was preloaded using link preload but not used within a few seconds from the window's load event. Please make sure it has an appropriate `as` value and it is preloaded intentionally. @ https://mve.vivo.com.br/sec/dashboard:0
[ 5573723ms] [WARNING] The resource https://mve.vivo.com.br/assets/mve/fonts/53e34b29d71619d49dc1.woff2 was preloaded using link preload but not used within a few seconds from the window's load event. Please make sure it has an appropriate `as` value and it is preloaded intentionally. @ https://mve.vivo.com.br/sec/dashboard:0
[ 5573723ms] [WARNING] The resource https://mve.vivo.com.br/assets/mve/fonts/c1e074f52d2cc507b0df.woff2 was preloaded using link preload but not used within a few seconds from the window's load event. Please make sure it has an appropriate `as` value and it is preloaded intentionally. @ https://mve.vivo.com.br/sec/dashboard:0
[ 5573723ms] [WARNING] The resource https://mve.vivo.com.br/assets/mve/fonts/f594f2ba13d231e99294.woff2 was preloaded using link preload but not used within a few seconds from the window's load event. Please make sure it has an appropriate `as` value and it is preloaded intentionally. @ https://mve.vivo.com.br/sec/dashboard:0
[ 5588842ms] [WARNING] The resource https://mve.vivo.com.br/assets/mve/fonts/dbe5ac6045d66e680d93.woff2 was preloaded using link preload but not used within a few seconds from the window's load event. Please make sure it has an appropriate `as` value and it is preloaded intentionally. @ https://mve.vivo.com.br/sec/dashboard:0
[ 5588843ms] [WARNING] The resource https://mve.vivo.com.br/assets/mve/fonts/ac09edfac4ebe90e76f7.woff2?b1ckzw was preloaded using link preload but not used within a few seconds from the window's load event. Please make sure it has an appropriate `as` value and it is preloaded intentionally. @ https://mve.vivo.com.br/sec/dashboard:0
[ 5588843ms] [WARNING] The resource https://mve.vivo.com.br/assets/mve/fonts/58d821d46eb6f39ad306.woff2 was preloaded using link preload but not used within a few seconds from the window's load event. Please make sure it has an appropriate `as` value and it is preloaded intentionally. @ https://mve.vivo.com.br/sec/dashboard:0
[ 5588843ms] [WARNING] The resource https://mve.vivo.com.br/assets/mve/fonts/c0ba7690a96b0b25a53d.woff2 was preloaded using link preload but not used within a few seconds from the window's load event. Please make sure it has an appropriate `as` value and it is preloaded intentionally. @ https://mve.vivo.com.br/sec/dashboard:0
[ 5588843ms] [WARNING] The resource https://mve.vivo.com.br/assets/mve/fonts/4ef73e245c02dd8794ff.woff2 was preloaded using link preload but not used within a few seconds from the window's load event. Please make sure it has an appropriate `as` value and it is preloaded intentionally. @ https://mve.vivo.com.br/sec/dashboard:0
[ 5588843ms] [WARNING] The resource https://mve.vivo.com.br/assets/mve/fonts/53e34b29d71619d49dc1.woff2 was preloaded using link preload but not used within a few seconds from the window's load event. Please make sure it has an appropriate `as` value and it is preloaded intentionally. @ https://mve.vivo.com.br/sec/dashboard:0
[ 5588843ms] [WARNING] The resource https://mve.vivo.com.br/assets/mve/fonts/c1e074f52d2cc507b0df.woff2 was preloaded using link preload but not used within a few seconds from the window's load event. Please make sure it has an appropriate `as` value and it is preloaded intentionally. @ https://mve.vivo.com.br/sec/dashboard:0
[ 5588843ms] [WARNING] The resource https://mve.vivo.com.br/assets/mve/fonts/f594f2ba13d231e99294.woff2 was preloaded using link preload but not used within a few seconds from the window's load event. Please make sure it has an appropriate `as` value and it is preloaded intentionally. @ https://mve.vivo.com.br/sec/dashboard:0
[ 5629537ms] [WARNING] The resource https://mve.vivo.com.br/assets/mve/fonts/dbe5ac6045d66e680d93.woff2 was preloaded using link preload but not used within a few seconds from the window's load event. Please make sure it has an appropriate `as` value and it is preloaded intentionally. @ https://mve.vivo.com.br/sec/dashboard:0
[ 5629537ms] [WARNING] The resource https://mve.vivo.com.br/assets/mve/fonts/ac09edfac4ebe90e76f7.woff2?b1ckzw was preloaded using link preload but not used within a few seconds from the window's load event. Please make sure it has an appropriate `as` value and it is preloaded intentionally. @ https://mve.vivo.com.br/sec/dashboard:0
[ 5629537ms] [WARNING] The resource https://mve.vivo.com.br/assets/mve/fonts/58d821d46eb6f39ad306.woff2 was preloaded using link preload but not used within a few seconds from the window's load event. Please make sure it has an appropriate `as` value and it is preloaded intentionally. @ https://mve.vivo.com.br/sec/dashboard:0
[ 5629537ms] [WARNING] The resource https://mve.vivo.com.br/assets/mve/fonts/c0ba7690a96b0b25a53d.woff2 was preloaded using link preload but not used within a few seconds from the window's load event. Please make sure it has an appropriate `as` value and it is preloaded intentionally. @ https://mve.vivo.com.br/sec/dashboard:0
[ 5629537ms] [WARNING] The resource https://mve.vivo.com.br/assets/mve/fonts/4ef73e245c02dd8794ff.woff2 was preloaded using link preload but not used within a few seconds from the window's load event. Please make sure it has an appropriate `as` value and it is preloaded intentionally. @ https://mve.vivo.com.br/sec/dashboard:0
[ 5629537ms] [WARNING] The resource https://mve.vivo.com.br/assets/mve/fonts/53e34b29d71619d49dc1.woff2 was preloaded using link preload but not used within a few seconds from the window's load event. Please make sure it has an appropriate `as` value and it is preloaded intentionally. @ https://mve.vivo.com.br/sec/dashboard:0
[ 5629537ms] [WARNING] The resource https://mve.vivo.com.br/assets/mve/fonts/c1e074f52d2cc507b0df.woff2 was preloaded using link preload but not used within a few seconds from the window's load event. Please make sure it has an appropriate `as` value and it is preloaded intentionally. @ https://mve.vivo.com.br/sec/dashboard:0
[ 5629537ms] [WARNING] The resource https://mve.vivo.com.br/assets/mve/fonts/f594f2ba13d231e99294.woff2 was preloaded using link preload but not used within a few seconds from the window's load event. Please make sure it has an appropriate `as` value and it is preloaded intentionally. @ https://mve.vivo.com.br/sec/dashboard:0
[ 5633352ms] [WARNING] The resource https://mve.vivo.com.br/assets/mve/fonts/dbe5ac6045d66e680d93.woff2 was preloaded using link preload but not used within a few seconds from the window's load event. Please make sure it has an appropriate `as` value and it is preloaded intentionally. @ https://mve.vivo.com.br/sec/dashboard:0
[ 5633352ms] [WARNING] The resource https://mve.vivo.com.br/assets/mve/fonts/ac09edfac4ebe90e76f7.woff2?b1ckzw was preloaded using link preload but not used within a few seconds from the window's load event. Please make sure it has an appropriate `as` value and it is preloaded intentionally. @ https://mve.vivo.com.br/sec/dashboard:0
[ 5633352ms] [WARNING] The resource https://mve.vivo.com.br/assets/mve/fonts/58d821d46eb6f39ad306.woff2 was preloaded using link preload but not used within a few seconds from the window's load event. Please make sure it has an appropriate `as` value and it is preloaded intentionally. @ https://mve.vivo.com.br/sec/dashboard:0
[ 5633352ms] [WARNING] The resource https://mve.vivo.com.br/assets/mve/fonts/c0ba7690a96b0b25a53d.woff2 was preloaded using link preload but not used within a few seconds from the window's load event. Please make sure it has an appropriate `as` value and it is preloaded intentionally. @ https://mve.vivo.com.br/sec/dashboard:0
[ 5633352ms] [WARNING] The resource https://mve.vivo.com.br/assets/mve/fonts/4ef73e245c02dd8794ff.woff2 was preloaded using link preload but not used within a few seconds from the window's load event. Please make sure it has an appropriate `as` value and it is preloaded intentionally. @ https://mve.vivo.com.br/sec/dashboard:0
[ 5633352ms] [WARNING] The resource https://mve.vivo.com.br/assets/mve/fonts/53e34b29d71619d49dc1.woff2 was preloaded using link preload but not used within a few seconds from the window's load event. Please make sure it has an appropriate `as` value and it is preloaded intentionally. @ https://mve.vivo.com.br/sec/dashboard:0
[ 5633352ms] [WARNING] The resource https://mve.vivo.com.br/assets/mve/fonts/c1e074f52d2cc507b0df.woff2 was preloaded using link preload but not used within a few seconds from the window's load event. Please make sure it has an appropriate `as` value and it is preloaded intentionally. @ https://mve.vivo.com.br/sec/dashboard:0
[ 5633352ms] [WARNING] The resource https://mve.vivo.com.br/assets/mve/fonts/f594f2ba13d231e99294.woff2 was preloaded using link preload but not used within a few seconds from the window's load event. Please make sure it has an appropriate `as` value and it is preloaded intentionally. @ https://mve.vivo.com.br/sec/dashboard:0
[ 5664896ms] [WARNING] The resource https://mve.vivo.com.br/assets/mve/fonts/dbe5ac6045d66e680d93.woff2 was preloaded using link preload but not used within a few seconds from the window's load event. Please make sure it has an appropriate `as` value and it is preloaded intentionally. @ https://mve.vivo.com.br/sec/dashboard:0
[ 5664896ms] [WARNING] The resource https://mve.vivo.com.br/assets/mve/fonts/ac09edfac4ebe90e76f7.woff2?b1ckzw was preloaded using link preload but not used within a few seconds from the window's load event. Please make sure it has an appropriate `as` value and it is preloaded intentionally. @ https://mve.vivo.com.br/sec/dashboard:0
[ 5664896ms] [WARNING] The resource https://mve.vivo.com.br/assets/mve/fonts/58d821d46eb6f39ad306.woff2 was preloaded using link preload but not used within a few seconds from the window's load event. Please make sure it has an appropriate `as` value and it is preloaded intentionally. @ https://mve.vivo.com.br/sec/dashboard:0
[ 5664896ms] [WARNING] The resource https://mve.vivo.com.br/assets/mve/fonts/c0ba7690a96b0b25a53d.woff2 was preloaded using link preload but not used within a few seconds from the window's load event. Please make sure it has an appropriate `as` value and it is preloaded intentionally. @ https://mve.vivo.com.br/sec/dashboard:0
[ 5664896ms] [WARNING] The resource https://mve.vivo.com.br/assets/mve/fonts/4ef73e245c02dd8794ff.woff2 was preloaded using link preload but not used within a few seconds from the window's load event. Please make sure it has an appropriate `as` value and it is preloaded intentionally. @ https://mve.vivo.com.br/sec/dashboard:0
[ 5664896ms] [WARNING] The resource https://mve.vivo.com.br/assets/mve/fonts/53e34b29d71619d49dc1.woff2 was preloaded using link preload but not used within a few seconds from the window's load event. Please make sure it has an appropriate `as` value and it is preloaded intentionally. @ https://mve.vivo.com.br/sec/dashboard:0
[ 5664896ms] [WARNING] The resource https://mve.vivo.com.br/assets/mve/fonts/c1e074f52d2cc507b0df.woff2 was preloaded using link preload but not used within a few seconds from the window's load event. Please make sure it has an appropriate `as` value and it is preloaded intentionally. @ https://mve.vivo.com.br/sec/dashboard:0
[ 5664896ms] [WARNING] The resource https://mve.vivo.com.br/assets/mve/fonts/f594f2ba13d231e99294.woff2 was preloaded using link preload but not used within a few seconds from the window's load event. Please make sure it has an appropriate `as` value and it is preloaded intentionally. @ https://mve.vivo.com.br/sec/dashboard:0
[ 5693418ms] [WARNING] The resource https://mve.vivo.com.br/assets/mve/fonts/dbe5ac6045d66e680d93.woff2 was preloaded using link preload but not used within a few seconds from the window's load event. Please make sure it has an appropriate `as` value and it is preloaded intentionally. @ https://mve.vivo.com.br/sec/dashboard:0
[ 5693418ms] [WARNING] The resource https://mve.vivo.com.br/assets/mve/fonts/ac09edfac4ebe90e76f7.woff2?b1ckzw was preloaded using link preload but not used within a few seconds from the window's load event. Please make sure it has an appropriate `as` value and it is preloaded intentionally. @ https://mve.vivo.com.br/sec/dashboard:0
[ 5693418ms] [WARNING] The resource https://mve.vivo.com.br/assets/mve/fonts/58d821d46eb6f39ad306.woff2 was preloaded using link preload but not used within a few seconds from the window's load event. Please make sure it has an appropriate `as` value and it is preloaded intentionally. @ https://mve.vivo.com.br/sec/dashboard:0
[ 5693418ms] [WARNING] The resource https://mve.vivo.com.br/assets/mve/fonts/c0ba7690a96b0b25a53d.woff2 was preloaded using link preload but not used within a few seconds from the window's load event. Please make sure it has an appropriate `as` value and it is preloaded intentionally. @ https://mve.vivo.com.br/sec/dashboard:0
[ 5693418ms] [WARNING] The resource https://mve.vivo.com.br/assets/mve/fonts/4ef73e245c02dd8794ff.woff2 was preloaded using link preload but not used within a few seconds from the window's load event. Please make sure it has an appropriate `as` value and it is preloaded intentionally. @ https://mve.vivo.com.br/sec/dashboard:0
[ 5693418ms] [WARNING] The resource https://mve.vivo.com.br/assets/mve/fonts/53e34b29d71619d49dc1.woff2 was preloaded using link preload but not used within a few seconds from the window's load event. Please make sure it has an appropriate `as` value and it is preloaded intentionally. @ https://mve.vivo.com.br/sec/dashboard:0
[ 5693418ms] [WARNING] The resource https://mve.vivo.com.br/assets/mve/fonts/c1e074f52d2cc507b0df.woff2 was preloaded using link preload but not used within a few seconds from the window's load event. Please make sure it has an appropriate `as` value and it is preloaded intentionally. @ https://mve.vivo.com.br/sec/dashboard:0
[ 5693418ms] [WARNING] The resource https://mve.vivo.com.br/assets/mve/fonts/f594f2ba13d231e99294.woff2 was preloaded using link preload but not used within a few seconds from the window's load event. Please make sure it has an appropriate `as` value and it is preloaded intentionally. @ https://mve.vivo.com.br/sec/dashboard:0
[ 5700299ms] [WARNING] The resource https://mve.vivo.com.br/assets/mve/fonts/dbe5ac6045d66e680d93.woff2 was preloaded using link preload but not used within a few seconds from the window's load event. Please make sure it has an appropriate `as` value and it is preloaded intentionally. @ https://mve.vivo.com.br/sec/dashboard:0
[ 5700300ms] [WARNING] The resource https://mve.vivo.com.br/assets/mve/fonts/ac09edfac4ebe90e76f7.woff2?b1ckzw was preloaded using link preload but not used within a few seconds from the window's load event. Please make sure it has an appropriate `as` value and it is preloaded intentionally. @ https://mve.vivo.com.br/sec/dashboard:0
[ 5700300ms] [WARNING] The resource https://mve.vivo.com.br/assets/mve/fonts/58d821d46eb6f39ad306.woff2 was preloaded using link preload but not used within a few seconds from the window's load event. Please make sure it has an appropriate `as` value and it is preloaded intentionally. @ https://mve.vivo.com.br/sec/dashboard:0
[ 5700300ms] [WARNING] The resource https://mve.vivo.com.br/assets/mve/fonts/c0ba7690a96b0b25a53d.woff2 was preloaded using link preload but not used within a few seconds from the window's load event. Please make sure it has an appropriate `as` value and it is preloaded intentionally. @ https://mve.vivo.com.br/sec/dashboard:0
[ 5700300ms] [WARNING] The resource https://mve.vivo.com.br/assets/mve/fonts/4ef73e245c02dd8794ff.woff2 was preloaded using link preload but not used within a few seconds from the window's load event. Please make sure it has an appropriate `as` value and it is preloaded intentionally. @ https://mve.vivo.com.br/sec/dashboard:0
[ 5700300ms] [WARNING] The resource https://mve.vivo.com.br/assets/mve/fonts/53e34b29d71619d49dc1.woff2 was preloaded using link preload but not used within a few seconds from the window's load event. Please make sure it has an appropriate `as` value and it is preloaded intentionally. @ https://mve.vivo.com.br/sec/dashboard:0
[ 5700300ms] [WARNING] The resource https://mve.vivo.com.br/assets/mve/fonts/c1e074f52d2cc507b0df.woff2 was preloaded using link preload but not used within a few seconds from the window's load event. Please make sure it has an appropriate `as` value and it is preloaded intentionally. @ https://mve.vivo.com.br/sec/dashboard:0
[ 5700300ms] [WARNING] The resource https://mve.vivo.com.br/assets/mve/fonts/f594f2ba13d231e99294.woff2 was preloaded using link preload but not used within a few seconds from the window's load event. Please make sure it has an appropriate `as` value and it is preloaded intentionally. @ https://mve.vivo.com.br/sec/dashboard:0
[ 5736440ms] [WARNING] The resource https://mve.vivo.com.br/assets/mve/fonts/dbe5ac6045d66e680d93.woff2 was preloaded using link preload but not used within a few seconds from the window's load event. Please make sure it has an appropriate `as` value and it is preloaded intentionally. @ https://mve.vivo.com.br/sec/dashboard:0
[ 5736440ms] [WARNING] The resource https://mve.vivo.com.br/assets/mve/fonts/ac09edfac4ebe90e76f7.woff2?b1ckzw was preloaded using link preload but not used within a few seconds from the window's load event. Please make sure it has an appropriate `as` value and it is preloaded intentionally. @ https://mve.vivo.com.br/sec/dashboard:0
[ 5736440ms] [WARNING] The resource https://mve.vivo.com.br/assets/mve/fonts/58d821d46eb6f39ad306.woff2 was preloaded using link preload but not used within a few seconds from the window's load event. Please make sure it has an appropriate `as` value and it is preloaded intentionally. @ https://mve.vivo.com.br/sec/dashboard:0
[ 5736440ms] [WARNING] The resource https://mve.vivo.com.br/assets/mve/fonts/c0ba7690a96b0b25a53d.woff2 was preloaded using link preload but not used within a few seconds from the window's load event. Please make sure it has an appropriate `as` value and it is preloaded intentionally. @ https://mve.vivo.com.br/sec/dashboard:0
[ 5736440ms] [WARNING] The resource https://mve.vivo.com.br/assets/mve/fonts/4ef73e245c02dd8794ff.woff2 was preloaded using link preload but not used within a few seconds from the window's load event. Please make sure it has an appropriate `as` value and it is preloaded intentionally. @ https://mve.vivo.com.br/sec/dashboard:0
[ 5736440ms] [WARNING] The resource https://mve.vivo.com.br/assets/mve/fonts/53e34b29d71619d49dc1.woff2 was preloaded using link preload but not used within a few seconds from the window's load event. Please make sure it has an appropriate `as` value and it is preloaded intentionally. @ https://mve.vivo.com.br/sec/dashboard:0
[ 5736440ms] [WARNING] The resource https://mve.vivo.com.br/assets/mve/fonts/c1e074f52d2cc507b0df.woff2 was preloaded using link preload but not used within a few seconds from the window's load event. Please make sure it has an appropriate `as` value and it is preloaded intentionally. @ https://mve.vivo.com.br/sec/dashboard:0
[ 5736440ms] [WARNING] The resource https://mve.vivo.com.br/assets/mve/fonts/f594f2ba13d231e99294.woff2 was preloaded using link preload but not used within a few seconds from the window's load event. Please make sure it has an appropriate `as` value and it is preloaded intentionally. @ https://mve.vivo.com.br/sec/dashboard:0
[ 5753556ms] [WARNING] The resource https://mve.vivo.com.br/assets/mve/fonts/dbe5ac6045d66e680d93.woff2 was preloaded using link preload but not used within a few seconds from the window's load event. Please make sure it has an appropriate `as` value and it is preloaded intentionally. @ https://mve.vivo.com.br/sec/dashboard:0
[ 5753556ms] [WARNING] The resource https://mve.vivo.com.br/assets/mve/fonts/ac09edfac4ebe90e76f7.woff2?b1ckzw was preloaded using link preload but not used within a few seconds from the window's load event. Please make sure it has an appropriate `as` value and it is preloaded intentionally. @ https://mve.vivo.com.br/sec/dashboard:0
[ 5753556ms] [WARNING] The resource https://mve.vivo.com.br/assets/mve/fonts/58d821d46eb6f39ad306.woff2 was preloaded using link preload but not used within a few seconds from the window's load event. Please make sure it has an appropriate `as` value and it is preloaded intentionally. @ https://mve.vivo.com.br/sec/dashboard:0
[ 5753556ms] [WARNING] The resource https://mve.vivo.com.br/assets/mve/fonts/c0ba7690a96b0b25a53d.woff2 was preloaded using link preload but not used within a few seconds from the window's load event. Please make sure it has an appropriate `as` value and it is preloaded intentionally. @ https://mve.vivo.com.br/sec/dashboard:0
[ 5753556ms] [WARNING] The resource https://mve.vivo.com.br/assets/mve/fonts/4ef73e245c02dd8794ff.woff2 was preloaded using link preload but not used within a few seconds from the window's load event. Please make sure it has an appropriate `as` value and it is preloaded intentionally. @ https://mve.vivo.com.br/sec/dashboard:0
[ 5753556ms] [WARNING] The resource https://mve.vivo.com.br/assets/mve/fonts/53e34b29d71619d49dc1.woff2 was preloaded using link preload but not used within a few seconds from the window's load event. Please make sure it has an appropriate `as` value and it is preloaded intentionally. @ https://mve.vivo.com.br/sec/dashboard:0
[ 5753556ms] [WARNING] The resource https://mve.vivo.com.br/assets/mve/fonts/c1e074f52d2cc507b0df.woff2 was preloaded using link preload but not used within a few seconds from the window's load event. Please make sure it has an appropriate `as` value and it is preloaded intentionally. @ https://mve.vivo.com.br/sec/dashboard:0
[ 5753556ms] [WARNING] The resource https://mve.vivo.com.br/assets/mve/fonts/f594f2ba13d231e99294.woff2 was preloaded using link preload but not used within a few seconds from the window's load event. Please make sure it has an appropriate `as` value and it is preloaded intentionally. @ https://mve.vivo.com.br/sec/dashboard:0
[ 5771369ms] [WARNING] The resource https://mve.vivo.com.br/assets/mve/fonts/dbe5ac6045d66e680d93.woff2 was preloaded using link preload but not used within a few seconds from the window's load event. Please make sure it has an appropriate `as` value and it is preloaded intentionally. @ https://mve.vivo.com.br/sec/dashboard:0
[ 5771370ms] [WARNING] The resource https://mve.vivo.com.br/assets/mve/fonts/ac09edfac4ebe90e76f7.woff2?b1ckzw was preloaded using link preload but not used within a few seconds from the window's load event. Please make sure it has an appropriate `as` value and it is preloaded intentionally. @ https://mve.vivo.com.br/sec/dashboard:0
[ 5771370ms] [WARNING] The resource https://mve.vivo.com.br/assets/mve/fonts/58d821d46eb6f39ad306.woff2 was preloaded using link preload but not used within a few seconds from the window's load event. Please make sure it has an appropriate `as` value and it is preloaded intentionally. @ https://mve.vivo.com.br/sec/dashboard:0
[ 5771370ms] [WARNING] The resource https://mve.vivo.com.br/assets/mve/fonts/c0ba7690a96b0b25a53d.woff2 was preloaded using link preload but not used within a few seconds from the window's load event. Please make sure it has an appropriate `as` value and it is preloaded intentionally. @ https://mve.vivo.com.br/sec/dashboard:0
[ 5771370ms] [WARNING] The resource https://mve.vivo.com.br/assets/mve/fonts/4ef73e245c02dd8794ff.woff2 was preloaded using link preload but not used within a few seconds from the window's load event. Please make sure it has an appropriate `as` value and it is preloaded intentionally. @ https://mve.vivo.com.br/sec/dashboard:0
[ 5771370ms] [WARNING] The resource https://mve.vivo.com.br/assets/mve/fonts/53e34b29d71619d49dc1.woff2 was preloaded using link preload but not used within a few seconds from the window's load event. Please make sure it has an appropriate `as` value and it is preloaded intentionally. @ https://mve.vivo.com.br/sec/dashboard:0
[ 5771370ms] [WARNING] The resource https://mve.vivo.com.br/assets/mve/fonts/c1e074f52d2cc507b0df.woff2 was preloaded using link preload but not used within a few seconds from the window's load event. Please make sure it has an appropriate `as` value and it is preloaded intentionally. @ https://mve.vivo.com.br/sec/dashboard:0
[ 5771370ms] [WARNING] The resource https://mve.vivo.com.br/assets/mve/fonts/f594f2ba13d231e99294.woff2 was preloaded using link preload but not used within a few seconds from the window's load event. Please make sure it has an appropriate `as` value and it is preloaded intentionally. @ https://mve.vivo.com.br/sec/dashboard:0
[ 5779107ms] [WARNING] The resource https://mve.vivo.com.br/assets/mve/fonts/dbe5ac6045d66e680d93.woff2 was preloaded using link preload but not used within a few seconds from the window's load event. Please make sure it has an appropriate `as` value and it is preloaded intentionally. @ https://mve.vivo.com.br/sec/dashboard:0
[ 5779107ms] [WARNING] The resource https://mve.vivo.com.br/assets/mve/fonts/ac09edfac4ebe90e76f7.woff2?b1ckzw was preloaded using link preload but not used within a few seconds from the window's load event. Please make sure it has an appropriate `as` value and it is preloaded intentionally. @ https://mve.vivo.com.br/sec/dashboard:0
[ 5779107ms] [WARNING] The resource https://mve.vivo.com.br/assets/mve/fonts/58d821d46eb6f39ad306.woff2 was preloaded using link preload but not used within a few seconds from the window's load event. Please make sure it has an appropriate `as` value and it is preloaded intentionally. @ https://mve.vivo.com.br/sec/dashboard:0
[ 5779107ms] [WARNING] The resource https://mve.vivo.com.br/assets/mve/fonts/c0ba7690a96b0b25a53d.woff2 was preloaded using link preload but not used within a few seconds from the window's load event. Please make sure it has an appropriate `as` value and it is preloaded intentionally. @ https://mve.vivo.com.br/sec/dashboard:0
[ 5779107ms] [WARNING] The resource https://mve.vivo.com.br/assets/mve/fonts/4ef73e245c02dd8794ff.woff2 was preloaded using link preload but not used within a few seconds from the window's load event. Please make sure it has an appropriate `as` value and it is preloaded intentionally. @ https://mve.vivo.com.br/sec/dashboard:0
[ 5779107ms] [WARNING] The resource https://mve.vivo.com.br/assets/mve/fonts/53e34b29d71619d49dc1.woff2 was preloaded using link preload but not used within a few seconds from the window's load event. Please make sure it has an appropriate `as` value and it is preloaded intentionally. @ https://mve.vivo.com.br/sec/dashboard:0
[ 5779107ms] [WARNING] The resource https://mve.vivo.com.br/assets/mve/fonts/c1e074f52d2cc507b0df.woff2 was preloaded using link preload but not used within a few seconds from the window's load event. Please make sure it has an appropriate `as` value and it is preloaded intentionally. @ https://mve.vivo.com.br/sec/dashboard:0
[ 5779107ms] [WARNING] The resource https://mve.vivo.com.br/assets/mve/fonts/f594f2ba13d231e99294.woff2 was preloaded using link preload but not used within a few seconds from the window's load event. Please make sure it has an appropriate `as` value and it is preloaded intentionally. @ https://mve.vivo.com.br/sec/dashboard:0
[ 5806310ms] [WARNING] The resource https://mve.vivo.com.br/assets/mve/fonts/dbe5ac6045d66e680d93.woff2 was preloaded using link preload but not used within a few seconds from the window's load event. Please make sure it has an appropriate `as` value and it is preloaded intentionally. @ https://mve.vivo.com.br/sec/dashboard:0
[ 5806311ms] [WARNING] The resource https://mve.vivo.com.br/assets/mve/fonts/ac09edfac4ebe90e76f7.woff2?b1ckzw was preloaded using link preload but not used within a few seconds from the window's load event. Please make sure it has an appropriate `as` value and it is preloaded intentionally. @ https://mve.vivo.com.br/sec/dashboard:0
[ 5806311ms] [WARNING] The resource https://mve.vivo.com.br/assets/mve/fonts/58d821d46eb6f39ad306.woff2 was preloaded using link preload but not used within a few seconds from the window's load event. Please make sure it has an appropriate `as` value and it is preloaded intentionally. @ https://mve.vivo.com.br/sec/dashboard:0
[ 5806311ms] [WARNING] The resource https://mve.vivo.com.br/assets/mve/fonts/c0ba7690a96b0b25a53d.woff2 was preloaded using link preload but not used within a few seconds from the window's load event. Please make sure it has an appropriate `as` value and it is preloaded intentionally. @ https://mve.vivo.com.br/sec/dashboard:0
[ 5806311ms] [WARNING] The resource https://mve.vivo.com.br/assets/mve/fonts/4ef73e245c02dd8794ff.woff2 was preloaded using link preload but not used within a few seconds from the window's load event. Please make sure it has an appropriate `as` value and it is preloaded intentionally. @ https://mve.vivo.com.br/sec/dashboard:0
[ 5806311ms] [WARNING] The resource https://mve.vivo.com.br/assets/mve/fonts/53e34b29d71619d49dc1.woff2 was preloaded using link preload but not used within a few seconds from the window's load event. Please make sure it has an appropriate `as` value and it is preloaded intentionally. @ https://mve.vivo.com.br/sec/dashboard:0
[ 5806311ms] [WARNING] The resource https://mve.vivo.com.br/assets/mve/fonts/c1e074f52d2cc507b0df.woff2 was preloaded using link preload but not used within a few seconds from the window's load event. Please make sure it has an appropriate `as` value and it is preloaded intentionally. @ https://mve.vivo.com.br/sec/dashboard:0
[ 5806311ms] [WARNING] The resource https://mve.vivo.com.br/assets/mve/fonts/f594f2ba13d231e99294.woff2 was preloaded using link preload but not used within a few seconds from the window's load event. Please make sure it has an appropriate `as` value and it is preloaded intentionally. @ https://mve.vivo.com.br/sec/dashboard:0
[ 5813725ms] [WARNING] The resource https://mve.vivo.com.br/assets/mve/fonts/dbe5ac6045d66e680d93.woff2 was preloaded using link preload but not used within a few seconds from the window's load event. Please make sure it has an appropriate `as` value and it is preloaded intentionally. @ https://mve.vivo.com.br/sec/dashboard:0
[ 5813725ms] [WARNING] The resource https://mve.vivo.com.br/assets/mve/fonts/ac09edfac4ebe90e76f7.woff2?b1ckzw was preloaded using link preload but not used within a few seconds from the window's load event. Please make sure it has an appropriate `as` value and it is preloaded intentionally. @ https://mve.vivo.com.br/sec/dashboard:0
[ 5813725ms] [WARNING] The resource https://mve.vivo.com.br/assets/mve/fonts/58d821d46eb6f39ad306.woff2 was preloaded using link preload but not used within a few seconds from the window's load event. Please make sure it has an appropriate `as` value and it is preloaded intentionally. @ https://mve.vivo.com.br/sec/dashboard:0
[ 5813725ms] [WARNING] The resource https://mve.vivo.com.br/assets/mve/fonts/c0ba7690a96b0b25a53d.woff2 was preloaded using link preload but not used within a few seconds from the window's load event. Please make sure it has an appropriate `as` value and it is preloaded intentionally. @ https://mve.vivo.com.br/sec/dashboard:0
[ 5813725ms] [WARNING] The resource https://mve.vivo.com.br/assets/mve/fonts/4ef73e245c02dd8794ff.woff2 was preloaded using link preload but not used within a few seconds from the window's load event. Please make sure it has an appropriate `as` value and it is preloaded intentionally. @ https://mve.vivo.com.br/sec/dashboard:0
[ 5813725ms] [WARNING] The resource https://mve.vivo.com.br/assets/mve/fonts/53e34b29d71619d49dc1.woff2 was preloaded using link preload but not used within a few seconds from the window's load event. Please make sure it has an appropriate `as` value and it is preloaded intentionally. @ https://mve.vivo.com.br/sec/dashboard:0
[ 5813725ms] [WARNING] The resource https://mve.vivo.com.br/assets/mve/fonts/c1e074f52d2cc507b0df.woff2 was preloaded using link preload but not used within a few seconds from the window's load event. Please make sure it has an appropriate `as` value and it is preloaded intentionally. @ https://mve.vivo.com.br/sec/dashboard:0
[ 5813725ms] [WARNING] The resource https://mve.vivo.com.br/assets/mve/fonts/f594f2ba13d231e99294.woff2 was preloaded using link preload but not used within a few seconds from the window's load event. Please make sure it has an appropriate `as` value and it is preloaded intentionally. @ https://mve.vivo.com.br/sec/dashboard:0
[ 5842380ms] [WARNING] The resource https://mve.vivo.com.br/assets/mve/fonts/dbe5ac6045d66e680d93.woff2 was preloaded using link preload but not used within a few seconds from the window's load event. Please make sure it has an appropriate `as` value and it is preloaded intentionally. @ https://mve.vivo.com.br/sec/dashboard:0
[ 5842380ms] [WARNING] The resource https://mve.vivo.com.br/assets/mve/fonts/ac09edfac4ebe90e76f7.woff2?b1ckzw was preloaded using link preload but not used within a few seconds from the window's load event. Please make sure it has an appropriate `as` value and it is preloaded intentionally. @ https://mve.vivo.com.br/sec/dashboard:0
[ 5842380ms] [WARNING] The resource https://mve.vivo.com.br/assets/mve/fonts/58d821d46eb6f39ad306.woff2 was preloaded using link preload but not used within a few seconds from the window's load event. Please make sure it has an appropriate `as` value and it is preloaded intentionally. @ https://mve.vivo.com.br/sec/dashboard:0
[ 5842380ms] [WARNING] The resource https://mve.vivo.com.br/assets/mve/fonts/c0ba7690a96b0b25a53d.woff2 was preloaded using link preload but not used within a few seconds from the window's load event. Please make sure it has an appropriate `as` value and it is preloaded intentionally. @ https://mve.vivo.com.br/sec/dashboard:0
[ 5842380ms] [WARNING] The resource https://mve.vivo.com.br/assets/mve/fonts/4ef73e245c02dd8794ff.woff2 was preloaded using link preload but not used within a few seconds from the window's load event. Please make sure it has an appropriate `as` value and it is preloaded intentionally. @ https://mve.vivo.com.br/sec/dashboard:0
[ 5842380ms] [WARNING] The resource https://mve.vivo.com.br/assets/mve/fonts/53e34b29d71619d49dc1.woff2 was preloaded using link preload but not used within a few seconds from the window's load event. Please make sure it has an appropriate `as` value and it is preloaded intentionally. @ https://mve.vivo.com.br/sec/dashboard:0
[ 5842380ms] [WARNING] The resource https://mve.vivo.com.br/assets/mve/fonts/c1e074f52d2cc507b0df.woff2 was preloaded using link preload but not used within a few seconds from the window's load event. Please make sure it has an appropriate `as` value and it is preloaded intentionally. @ https://mve.vivo.com.br/sec/dashboard:0
[ 5842380ms] [WARNING] The resource https://mve.vivo.com.br/assets/mve/fonts/f594f2ba13d231e99294.woff2 was preloaded using link preload but not used within a few seconds from the window's load event. Please make sure it has an appropriate `as` value and it is preloaded intentionally. @ https://mve.vivo.com.br/sec/dashboard:0
[ 5873856ms] [WARNING] The resource https://mve.vivo.com.br/assets/mve/fonts/dbe5ac6045d66e680d93.woff2 was preloaded using link preload but not used within a few seconds from the window's load event. Please make sure it has an appropriate `as` value and it is preloaded intentionally. @ https://mve.vivo.com.br/sec/dashboard:0
[ 5873856ms] [WARNING] The resource https://mve.vivo.com.br/assets/mve/fonts/ac09edfac4ebe90e76f7.woff2?b1ckzw was preloaded using link preload but not used within a few seconds from the window's load event. Please make sure it has an appropriate `as` value and it is preloaded intentionally. @ https://mve.vivo.com.br/sec/dashboard:0
[ 5873856ms] [WARNING] The resource https://mve.vivo.com.br/assets/mve/fonts/58d821d46eb6f39ad306.woff2 was preloaded using link preload but not used within a few seconds from the window's load event. Please make sure it has an appropriate `as` value and it is preloaded intentionally. @ https://mve.vivo.com.br/sec/dashboard:0
[ 5873856ms] [WARNING] The resource https://mve.vivo.com.br/assets/mve/fonts/c0ba7690a96b0b25a53d.woff2 was preloaded using link preload but not used within a few seconds from the window's load event. Please make sure it has an appropriate `as` value and it is preloaded intentionally. @ https://mve.vivo.com.br/sec/dashboard:0
[ 5873856ms] [WARNING] The resource https://mve.vivo.com.br/assets/mve/fonts/4ef73e245c02dd8794ff.woff2 was preloaded using link preload but not used within a few seconds from the window's load event. Please make sure it has an appropriate `as` value and it is preloaded intentionally. @ https://mve.vivo.com.br/sec/dashboard:0
[ 5873856ms] [WARNING] The resource https://mve.vivo.com.br/assets/mve/fonts/53e34b29d71619d49dc1.woff2 was preloaded using link preload but not used within a few seconds from the window's load event. Please make sure it has an appropriate `as` value and it is preloaded intentionally. @ https://mve.vivo.com.br/sec/dashboard:0
[ 5873856ms] [WARNING] The resource https://mve.vivo.com.br/assets/mve/fonts/c1e074f52d2cc507b0df.woff2 was preloaded using link preload but not used within a few seconds from the window's load event. Please make sure it has an appropriate `as` value and it is preloaded intentionally. @ https://mve.vivo.com.br/sec/dashboard:0
[ 5873856ms] [WARNING] The resource https://mve.vivo.com.br/assets/mve/fonts/f594f2ba13d231e99294.woff2 was preloaded using link preload but not used within a few seconds from the window's load event. Please make sure it has an appropriate `as` value and it is preloaded intentionally. @ https://mve.vivo.com.br/sec/dashboard:0
[ 5877346ms] [WARNING] The resource https://mve.vivo.com.br/assets/mve/fonts/dbe5ac6045d66e680d93.woff2 was preloaded using link preload but not used within a few seconds from the window's load event. Please make sure it has an appropriate `as` value and it is preloaded intentionally. @ https://mve.vivo.com.br/sec/dashboard:0
[ 5877346ms] [WARNING] The resource https://mve.vivo.com.br/assets/mve/fonts/ac09edfac4ebe90e76f7.woff2?b1ckzw was preloaded using link preload but not used within a few seconds from the window's load event. Please make sure it has an appropriate `as` value and it is preloaded intentionally. @ https://mve.vivo.com.br/sec/dashboard:0
[ 5877346ms] [WARNING] The resource https://mve.vivo.com.br/assets/mve/fonts/58d821d46eb6f39ad306.woff2 was preloaded using link preload but not used within a few seconds from the window's load event. Please make sure it has an appropriate `as` value and it is preloaded intentionally. @ https://mve.vivo.com.br/sec/dashboard:0
[ 5877346ms] [WARNING] The resource https://mve.vivo.com.br/assets/mve/fonts/c0ba7690a96b0b25a53d.woff2 was preloaded using link preload but not used within a few seconds from the window's load event. Please make sure it has an appropriate `as` value and it is preloaded intentionally. @ https://mve.vivo.com.br/sec/dashboard:0
[ 5877346ms] [WARNING] The resource https://mve.vivo.com.br/assets/mve/fonts/4ef73e245c02dd8794ff.woff2 was preloaded using link preload but not used within a few seconds from the window's load event. Please make sure it has an appropriate `as` value and it is preloaded intentionally. @ https://mve.vivo.com.br/sec/dashboard:0
[ 5877346ms] [WARNING] The resource https://mve.vivo.com.br/assets/mve/fonts/53e34b29d71619d49dc1.woff2 was preloaded using link preload but not used within a few seconds from the window's load event. Please make sure it has an appropriate `as` value and it is preloaded intentionally. @ https://mve.vivo.com.br/sec/dashboard:0
[ 5877346ms] [WARNING] The resource https://mve.vivo.com.br/assets/mve/fonts/c1e074f52d2cc507b0df.woff2 was preloaded using link preload but not used within a few seconds from the window's load event. Please make sure it has an appropriate `as` value and it is preloaded intentionally. @ https://mve.vivo.com.br/sec/dashboard:0
[ 5877346ms] [WARNING] The resource https://mve.vivo.com.br/assets/mve/fonts/f594f2ba13d231e99294.woff2 was preloaded using link preload but not used within a few seconds from the window's load event. Please make sure it has an appropriate `as` value and it is preloaded intentionally. @ https://mve.vivo.com.br/sec/dashboard:0
[ 5913340ms] [WARNING] The resource https://mve.vivo.com.br/assets/mve/fonts/dbe5ac6045d66e680d93.woff2 was preloaded using link preload but not used within a few seconds from the window's load event. Please make sure it has an appropriate `as` value and it is preloaded intentionally. @ https://mve.vivo.com.br/sec/dashboard:0
[ 5913341ms] [WARNING] The resource https://mve.vivo.com.br/assets/mve/fonts/ac09edfac4ebe90e76f7.woff2?b1ckzw was preloaded using link preload but not used within a few seconds from the window's load event. Please make sure it has an appropriate `as` value and it is preloaded intentionally. @ https://mve.vivo.com.br/sec/dashboard:0
[ 5913341ms] [WARNING] The resource https://mve.vivo.com.br/assets/mve/fonts/58d821d46eb6f39ad306.woff2 was preloaded using link preload but not used within a few seconds from the window's load event. Please make sure it has an appropriate `as` value and it is preloaded intentionally. @ https://mve.vivo.com.br/sec/dashboard:0
[ 5913341ms] [WARNING] The resource https://mve.vivo.com.br/assets/mve/fonts/c0ba7690a96b0b25a53d.woff2 was preloaded using link preload but not used within a few seconds from the window's load event. Please make sure it has an appropriate `as` value and it is preloaded intentionally. @ https://mve.vivo.com.br/sec/dashboard:0
[ 5913341ms] [WARNING] The resource https://mve.vivo.com.br/assets/mve/fonts/4ef73e245c02dd8794ff.woff2 was preloaded using link preload but not used within a few seconds from the window's load event. Please make sure it has an appropriate `as` value and it is preloaded intentionally. @ https://mve.vivo.com.br/sec/dashboard:0
[ 5913341ms] [WARNING] The resource https://mve.vivo.com.br/assets/mve/fonts/53e34b29d71619d49dc1.woff2 was preloaded using link preload but not used within a few seconds from the window's load event. Please make sure it has an appropriate `as` value and it is preloaded intentionally. @ https://mve.vivo.com.br/sec/dashboard:0
[ 5913341ms] [WARNING] The resource https://mve.vivo.com.br/assets/mve/fonts/c1e074f52d2cc507b0df.woff2 was preloaded using link preload but not used within a few seconds from the window's load event. Please make sure it has an appropriate `as` value and it is preloaded intentionally. @ https://mve.vivo.com.br/sec/dashboard:0
[ 5913341ms] [WARNING] The resource https://mve.vivo.com.br/assets/mve/fonts/f594f2ba13d231e99294.woff2 was preloaded using link preload but not used within a few seconds from the window's load event. Please make sure it has an appropriate `as` value and it is preloaded intentionally. @ https://mve.vivo.com.br/sec/dashboard:0
[ 5933987ms] [WARNING] The resource https://mve.vivo.com.br/assets/mve/fonts/dbe5ac6045d66e680d93.woff2 was preloaded using link preload but not used within a few seconds from the window's load event. Please make sure it has an appropriate `as` value and it is preloaded intentionally. @ https://mve.vivo.com.br/sec/dashboard:0
[ 5933987ms] [WARNING] The resource https://mve.vivo.com.br/assets/mve/fonts/ac09edfac4ebe90e76f7.woff2?b1ckzw was preloaded using link preload but not used within a few seconds from the window's load event. Please make sure it has an appropriate `as` value and it is preloaded intentionally. @ https://mve.vivo.com.br/sec/dashboard:0
[ 5933987ms] [WARNING] The resource https://mve.vivo.com.br/assets/mve/fonts/58d821d46eb6f39ad306.woff2 was preloaded using link preload but not used within a few seconds from the window's load event. Please make sure it has an appropriate `as` value and it is preloaded intentionally. @ https://mve.vivo.com.br/sec/dashboard:0
[ 5933987ms] [WARNING] The resource https://mve.vivo.com.br/assets/mve/fonts/c0ba7690a96b0b25a53d.woff2 was preloaded using link preload but not used within a few seconds from the window's load event. Please make sure it has an appropriate `as` value and it is preloaded intentionally. @ https://mve.vivo.com.br/sec/dashboard:0
[ 5933987ms] [WARNING] The resource https://mve.vivo.com.br/assets/mve/fonts/4ef73e245c02dd8794ff.woff2 was preloaded using link preload but not used within a few seconds from the window's load event. Please make sure it has an appropriate `as` value and it is preloaded intentionally. @ https://mve.vivo.com.br/sec/dashboard:0
[ 5933987ms] [WARNING] The resource https://mve.vivo.com.br/assets/mve/fonts/53e34b29d71619d49dc1.woff2 was preloaded using link preload but not used within a few seconds from the window's load event. Please make sure it has an appropriate `as` value and it is preloaded intentionally. @ https://mve.vivo.com.br/sec/dashboard:0
[ 5933987ms] [WARNING] The resource https://mve.vivo.com.br/assets/mve/fonts/c1e074f52d2cc507b0df.woff2 was preloaded using link preload but not used within a few seconds from the window's load event. Please make sure it has an appropriate `as` value and it is preloaded intentionally. @ https://mve.vivo.com.br/sec/dashboard:0
[ 5933987ms] [WARNING] The resource https://mve.vivo.com.br/assets/mve/fonts/f594f2ba13d231e99294.woff2 was preloaded using link preload but not used within a few seconds from the window's load event. Please make sure it has an appropriate `as` value and it is preloaded intentionally. @ https://mve.vivo.com.br/sec/dashboard:0
[ 5948374ms] [WARNING] The resource https://mve.vivo.com.br/assets/mve/fonts/dbe5ac6045d66e680d93.woff2 was preloaded using link preload but not used within a few seconds from the window's load event. Please make sure it has an appropriate `as` value and it is preloaded intentionally. @ https://mve.vivo.com.br/sec/dashboard:0
[ 5948374ms] [WARNING] The resource https://mve.vivo.com.br/assets/mve/fonts/ac09edfac4ebe90e76f7.woff2?b1ckzw was preloaded using link preload but not used within a few seconds from the window's load event. Please make sure it has an appropriate `as` value and it is preloaded intentionally. @ https://mve.vivo.com.br/sec/dashboard:0
[ 5948374ms] [WARNING] The resource https://mve.vivo.com.br/assets/mve/fonts/58d821d46eb6f39ad306.woff2 was preloaded using link preload but not used within a few seconds from the window's load event. Please make sure it has an appropriate `as` value and it is preloaded intentionally. @ https://mve.vivo.com.br/sec/dashboard:0
[ 5948374ms] [WARNING] The resource https://mve.vivo.com.br/assets/mve/fonts/c0ba7690a96b0b25a53d.woff2 was preloaded using link preload but not used within a few seconds from the window's load event. Please make sure it has an appropriate `as` value and it is preloaded intentionally. @ https://mve.vivo.com.br/sec/dashboard:0
[ 5948374ms] [WARNING] The resource https://mve.vivo.com.br/assets/mve/fonts/4ef73e245c02dd8794ff.woff2 was preloaded using link preload but not used within a few seconds from the window's load event. Please make sure it has an appropriate `as` value and it is preloaded intentionally. @ https://mve.vivo.com.br/sec/dashboard:0
[ 5948374ms] [WARNING] The resource https://mve.vivo.com.br/assets/mve/fonts/53e34b29d71619d49dc1.woff2 was preloaded using link preload but not used within a few seconds from the window's load event. Please make sure it has an appropriate `as` value and it is preloaded intentionally. @ https://mve.vivo.com.br/sec/dashboard:0
[ 5948374ms] [WARNING] The resource https://mve.vivo.com.br/assets/mve/fonts/c1e074f52d2cc507b0df.woff2 was preloaded using link preload but not used within a few seconds from the window's load event. Please make sure it has an appropriate `as` value and it is preloaded intentionally. @ https://mve.vivo.com.br/sec/dashboard:0
[ 5948374ms] [WARNING] The resource https://mve.vivo.com.br/assets/mve/fonts/f594f2ba13d231e99294.woff2 was preloaded using link preload but not used within a few seconds from the window's load event. Please make sure it has an appropriate `as` value and it is preloaded intentionally. @ https://mve.vivo.com.br/sec/dashboard:0
[ 5983316ms] [WARNING] The resource https://mve.vivo.com.br/assets/mve/fonts/dbe5ac6045d66e680d93.woff2 was preloaded using link preload but not used within a few seconds from the window's load event. Please make sure it has an appropriate `as` value and it is preloaded intentionally. @ https://mve.vivo.com.br/sec/dashboard:0
[ 5983316ms] [WARNING] The resource https://mve.vivo.com.br/assets/mve/fonts/ac09edfac4ebe90e76f7.woff2?b1ckzw was preloaded using link preload but not used within a few seconds from the window's load event. Please make sure it has an appropriate `as` value and it is preloaded intentionally. @ https://mve.vivo.com.br/sec/dashboard:0
[ 5983316ms] [WARNING] The resource https://mve.vivo.com.br/assets/mve/fonts/58d821d46eb6f39ad306.woff2 was preloaded using link preload but not used within a few seconds from the window's load event. Please make sure it has an appropriate `as` value and it is preloaded intentionally. @ https://mve.vivo.com.br/sec/dashboard:0
[ 5983316ms] [WARNING] The resource https://mve.vivo.com.br/assets/mve/fonts/c0ba7690a96b0b25a53d.woff2 was preloaded using link preload but not used within a few seconds from the window's load event. Please make sure it has an appropriate `as` value and it is preloaded intentionally. @ https://mve.vivo.com.br/sec/dashboard:0
[ 5983316ms] [WARNING] The resource https://mve.vivo.com.br/assets/mve/fonts/4ef73e245c02dd8794ff.woff2 was preloaded using link preload but not used within a few seconds from the window's load event. Please make sure it has an appropriate `as` value and it is preloaded intentionally. @ https://mve.vivo.com.br/sec/dashboard:0
[ 5983316ms] [WARNING] The resource https://mve.vivo.com.br/assets/mve/fonts/53e34b29d71619d49dc1.woff2 was preloaded using link preload but not used within a few seconds from the window's load event. Please make sure it has an appropriate `as` value and it is preloaded intentionally. @ https://mve.vivo.com.br/sec/dashboard:0
[ 5983316ms] [WARNING] The resource https://mve.vivo.com.br/assets/mve/fonts/c1e074f52d2cc507b0df.woff2 was preloaded using link preload but not used within a few seconds from the window's load event. Please make sure it has an appropriate `as` value and it is preloaded intentionally. @ https://mve.vivo.com.br/sec/dashboard:0
[ 5983316ms] [WARNING] The resource https://mve.vivo.com.br/assets/mve/fonts/f594f2ba13d231e99294.woff2 was preloaded using link preload but not used within a few seconds from the window's load event. Please make sure it has an appropriate `as` value and it is preloaded intentionally. @ https://mve.vivo.com.br/sec/dashboard:0
[ 5994064ms] [WARNING] The resource https://mve.vivo.com.br/assets/mve/fonts/dbe5ac6045d66e680d93.woff2 was preloaded using link preload but not used within a few seconds from the window's load event. Please make sure it has an appropriate `as` value and it is preloaded intentionally. @ https://mve.vivo.com.br/sec/dashboard:0
[ 5994064ms] [WARNING] The resource https://mve.vivo.com.br/assets/mve/fonts/ac09edfac4ebe90e76f7.woff2?b1ckzw was preloaded using link preload but not used within a few seconds from the window's load event. Please make sure it has an appropriate `as` value and it is preloaded intentionally. @ https://mve.vivo.com.br/sec/dashboard:0
[ 5994064ms] [WARNING] The resource https://mve.vivo.com.br/assets/mve/fonts/58d821d46eb6f39ad306.woff2 was preloaded using link preload but not used within a few seconds from the window's load event. Please make sure it has an appropriate `as` value and it is preloaded intentionally. @ https://mve.vivo.com.br/sec/dashboard:0
[ 5994064ms] [WARNING] The resource https://mve.vivo.com.br/assets/mve/fonts/c0ba7690a96b0b25a53d.woff2 was preloaded using link preload but not used within a few seconds from the window's load event. Please make sure it has an appropriate `as` value and it is preloaded intentionally. @ https://mve.vivo.com.br/sec/dashboard:0
[ 5994064ms] [WARNING] The resource https://mve.vivo.com.br/assets/mve/fonts/4ef73e245c02dd8794ff.woff2 was preloaded using link preload but not used within a few seconds from the window's load event. Please make sure it has an appropriate `as` value and it is preloaded intentionally. @ https://mve.vivo.com.br/sec/dashboard:0
[ 5994064ms] [WARNING] The resource https://mve.vivo.com.br/assets/mve/fonts/53e34b29d71619d49dc1.woff2 was preloaded using link preload but not used within a few seconds from the window's load event. Please make sure it has an appropriate `as` value and it is preloaded intentionally. @ https://mve.vivo.com.br/sec/dashboard:0
[ 5994064ms] [WARNING] The resource https://mve.vivo.com.br/assets/mve/fonts/c1e074f52d2cc507b0df.woff2 was preloaded using link preload but not used within a few seconds from the window's load event. Please make sure it has an appropriate `as` value and it is preloaded intentionally. @ https://mve.vivo.com.br/sec/dashboard:0
[ 5994064ms] [WARNING] The resource https://mve.vivo.com.br/assets/mve/fonts/f594f2ba13d231e99294.woff2 was preloaded using link preload but not used within a few seconds from the window's load event. Please make sure it has an appropriate `as` value and it is preloaded intentionally. @ https://mve.vivo.com.br/sec/dashboard:0
[ 6019411ms] [WARNING] The resource https://mve.vivo.com.br/assets/mve/fonts/dbe5ac6045d66e680d93.woff2 was preloaded using link preload but not used within a few seconds from the window's load event. Please make sure it has an appropriate `as` value and it is preloaded intentionally. @ https://mve.vivo.com.br/sec/dashboard:0
[ 6019411ms] [WARNING] The resource https://mve.vivo.com.br/assets/mve/fonts/ac09edfac4ebe90e76f7.woff2?b1ckzw was preloaded using link preload but not used within a few seconds from the window's load event. Please make sure it has an appropriate `as` value and it is preloaded intentionally. @ https://mve.vivo.com.br/sec/dashboard:0
[ 6019411ms] [WARNING] The resource https://mve.vivo.com.br/assets/mve/fonts/58d821d46eb6f39ad306.woff2 was preloaded using link preload but not used within a few seconds from the window's load event. Please make sure it has an appropriate `as` value and it is preloaded intentionally. @ https://mve.vivo.com.br/sec/dashboard:0
[ 6019411ms] [WARNING] The resource https://mve.vivo.com.br/assets/mve/fonts/c0ba7690a96b0b25a53d.woff2 was preloaded using link preload but not used within a few seconds from the window's load event. Please make sure it has an appropriate `as` value and it is preloaded intentionally. @ https://mve.vivo.com.br/sec/dashboard:0
[ 6019411ms] [WARNING] The resource https://mve.vivo.com.br/assets/mve/fonts/4ef73e245c02dd8794ff.woff2 was preloaded using link preload but not used within a few seconds from the window's load event. Please make sure it has an appropriate `as` value and it is preloaded intentionally. @ https://mve.vivo.com.br/sec/dashboard:0
[ 6019411ms] [WARNING] The resource https://mve.vivo.com.br/assets/mve/fonts/53e34b29d71619d49dc1.woff2 was preloaded using link preload but not used within a few seconds from the window's load event. Please make sure it has an appropriate `as` value and it is preloaded intentionally. @ https://mve.vivo.com.br/sec/dashboard:0
[ 6019411ms] [WARNING] The resource https://mve.vivo.com.br/assets/mve/fonts/c1e074f52d2cc507b0df.woff2 was preloaded using link preload but not used within a few seconds from the window's load event. Please make sure it has an appropriate `as` value and it is preloaded intentionally. @ https://mve.vivo.com.br/sec/dashboard:0
[ 6019411ms] [WARNING] The resource https://mve.vivo.com.br/assets/mve/fonts/f594f2ba13d231e99294.woff2 was preloaded using link preload but not used within a few seconds from the window's load event. Please make sure it has an appropriate `as` value and it is preloaded intentionally. @ https://mve.vivo.com.br/sec/dashboard:0
[ 6054404ms] [WARNING] The resource https://mve.vivo.com.br/assets/mve/fonts/dbe5ac6045d66e680d93.woff2 was preloaded using link preload but not used within a few seconds from the window's load event. Please make sure it has an appropriate `as` value and it is preloaded intentionally. @ https://mve.vivo.com.br/sec/dashboard:0
[ 6054404ms] [WARNING] The resource https://mve.vivo.com.br/assets/mve/fonts/ac09edfac4ebe90e76f7.woff2?b1ckzw was preloaded using link preload but not used within a few seconds from the window's load event. Please make sure it has an appropriate `as` value and it is preloaded intentionally. @ https://mve.vivo.com.br/sec/dashboard:0
[ 6054404ms] [WARNING] The resource https://mve.vivo.com.br/assets/mve/fonts/58d821d46eb6f39ad306.woff2 was preloaded using link preload but not used within a few seconds from the window's load event. Please make sure it has an appropriate `as` value and it is preloaded intentionally. @ https://mve.vivo.com.br/sec/dashboard:0
[ 6054404ms] [WARNING] The resource https://mve.vivo.com.br/assets/mve/fonts/c0ba7690a96b0b25a53d.woff2 was preloaded using link preload but not used within a few seconds from the window's load event. Please make sure it has an appropriate `as` value and it is preloaded intentionally. @ https://mve.vivo.com.br/sec/dashboard:0
[ 6054404ms] [WARNING] The resource https://mve.vivo.com.br/assets/mve/fonts/4ef73e245c02dd8794ff.woff2 was preloaded using link preload but not used within a few seconds from the window's load event. Please make sure it has an appropriate `as` value and it is preloaded intentionally. @ https://mve.vivo.com.br/sec/dashboard:0
[ 6054404ms] [WARNING] The resource https://mve.vivo.com.br/assets/mve/fonts/53e34b29d71619d49dc1.woff2 was preloaded using link preload but not used within a few seconds from the window's load event. Please make sure it has an appropriate `as` value and it is preloaded intentionally. @ https://mve.vivo.com.br/sec/dashboard:0
[ 6054404ms] [WARNING] The resource https://mve.vivo.com.br/assets/mve/fonts/c1e074f52d2cc507b0df.woff2 was preloaded using link preload but not used within a few seconds from the window's load event. Please make sure it has an appropriate `as` value and it is preloaded intentionally. @ https://mve.vivo.com.br/sec/dashboard:0
[ 6054404ms] [WARNING] The resource https://mve.vivo.com.br/assets/mve/fonts/f594f2ba13d231e99294.woff2 was preloaded using link preload but not used within a few seconds from the window's load event. Please make sure it has an appropriate `as` value and it is preloaded intentionally. @ https://mve.vivo.com.br/sec/dashboard:0
[ 6090386ms] [WARNING] The resource https://mve.vivo.com.br/assets/mve/fonts/dbe5ac6045d66e680d93.woff2 was preloaded using link preload but not used within a few seconds from the window's load event. Please make sure it has an appropriate `as` value and it is preloaded intentionally. @ https://mve.vivo.com.br/sec/dashboard:0
[ 6090386ms] [WARNING] The resource https://mve.vivo.com.br/assets/mve/fonts/ac09edfac4ebe90e76f7.woff2?b1ckzw was preloaded using link preload but not used within a few seconds from the window's load event. Please make sure it has an appropriate `as` value and it is preloaded intentionally. @ https://mve.vivo.com.br/sec/dashboard:0
[ 6090386ms] [WARNING] The resource https://mve.vivo.com.br/assets/mve/fonts/58d821d46eb6f39ad306.woff2 was preloaded using link preload but not used within a few seconds from the window's load event. Please make sure it has an appropriate `as` value and it is preloaded intentionally. @ https://mve.vivo.com.br/sec/dashboard:0
[ 6090386ms] [WARNING] The resource https://mve.vivo.com.br/assets/mve/fonts/c0ba7690a96b0b25a53d.woff2 was preloaded using link preload but not used within a few seconds from the window's load event. Please make sure it has an appropriate `as` value and it is preloaded intentionally. @ https://mve.vivo.com.br/sec/dashboard:0
[ 6090386ms] [WARNING] The resource https://mve.vivo.com.br/assets/mve/fonts/4ef73e245c02dd8794ff.woff2 was preloaded using link preload but not used within a few seconds from the window's load event. Please make sure it has an appropriate `as` value and it is preloaded intentionally. @ https://mve.vivo.com.br/sec/dashboard:0
[ 6090386ms] [WARNING] The resource https://mve.vivo.com.br/assets/mve/fonts/53e34b29d71619d49dc1.woff2 was preloaded using link preload but not used within a few seconds from the window's load event. Please make sure it has an appropriate `as` value and it is preloaded intentionally. @ https://mve.vivo.com.br/sec/dashboard:0
[ 6090386ms] [WARNING] The resource https://mve.vivo.com.br/assets/mve/fonts/c1e074f52d2cc507b0df.woff2 was preloaded using link preload but not used within a few seconds from the window's load event. Please make sure it has an appropriate `as` value and it is preloaded intentionally. @ https://mve.vivo.com.br/sec/dashboard:0
[ 6090386ms] [WARNING] The resource https://mve.vivo.com.br/assets/mve/fonts/f594f2ba13d231e99294.woff2 was preloaded using link preload but not used within a few seconds from the window's load event. Please make sure it has an appropriate `as` value and it is preloaded intentionally. @ https://mve.vivo.com.br/sec/dashboard:0
[ 6114184ms] [WARNING] The resource https://mve.vivo.com.br/assets/mve/fonts/dbe5ac6045d66e680d93.woff2 was preloaded using link preload but not used within a few seconds from the window's load event. Please make sure it has an appropriate `as` value and it is preloaded intentionally. @ https://mve.vivo.com.br/sec/dashboard:0
[ 6114184ms] [WARNING] The resource https://mve.vivo.com.br/assets/mve/fonts/ac09edfac4ebe90e76f7.woff2?b1ckzw was preloaded using link preload but not used within a few seconds from the window's load event. Please make sure it has an appropriate `as` value and it is preloaded intentionally. @ https://mve.vivo.com.br/sec/dashboard:0
[ 6114184ms] [WARNING] The resource https://mve.vivo.com.br/assets/mve/fonts/58d821d46eb6f39ad306.woff2 was preloaded using link preload but not used within a few seconds from the window's load event. Please make sure it has an appropriate `as` value and it is preloaded intentionally. @ https://mve.vivo.com.br/sec/dashboard:0
[ 6114184ms] [WARNING] The resource https://mve.vivo.com.br/assets/mve/fonts/c0ba7690a96b0b25a53d.woff2 was preloaded using link preload but not used within a few seconds from the window's load event. Please make sure it has an appropriate `as` value and it is preloaded intentionally. @ https://mve.vivo.com.br/sec/dashboard:0
[ 6114184ms] [WARNING] The resource https://mve.vivo.com.br/assets/mve/fonts/4ef73e245c02dd8794ff.woff2 was preloaded using link preload but not used within a few seconds from the window's load event. Please make sure it has an appropriate `as` value and it is preloaded intentionally. @ https://mve.vivo.com.br/sec/dashboard:0
[ 6114184ms] [WARNING] The resource https://mve.vivo.com.br/assets/mve/fonts/53e34b29d71619d49dc1.woff2 was preloaded using link preload but not used within a few seconds from the window's load event. Please make sure it has an appropriate `as` value and it is preloaded intentionally. @ https://mve.vivo.com.br/sec/dashboard:0
[ 6114184ms] [WARNING] The resource https://mve.vivo.com.br/assets/mve/fonts/c1e074f52d2cc507b0df.woff2 was preloaded using link preload but not used within a few seconds from the window's load event. Please make sure it has an appropriate `as` value and it is preloaded intentionally. @ https://mve.vivo.com.br/sec/dashboard:0
[ 6114184ms] [WARNING] The resource https://mve.vivo.com.br/assets/mve/fonts/f594f2ba13d231e99294.woff2 was preloaded using link preload but not used within a few seconds from the window's load event. Please make sure it has an appropriate `as` value and it is preloaded intentionally. @ https://mve.vivo.com.br/sec/dashboard:0
[ 6125410ms] [WARNING] The resource https://mve.vivo.com.br/assets/mve/fonts/dbe5ac6045d66e680d93.woff2 was preloaded using link preload but not used within a few seconds from the window's load event. Please make sure it has an appropriate `as` value and it is preloaded intentionally. @ https://mve.vivo.com.br/sec/dashboard:0
[ 6125410ms] [WARNING] The resource https://mve.vivo.com.br/assets/mve/fonts/ac09edfac4ebe90e76f7.woff2?b1ckzw was preloaded using link preload but not used within a few seconds from the window's load event. Please make sure it has an appropriate `as` value and it is preloaded intentionally. @ https://mve.vivo.com.br/sec/dashboard:0
[ 6125410ms] [WARNING] The resource https://mve.vivo.com.br/assets/mve/fonts/58d821d46eb6f39ad306.woff2 was preloaded using link preload but not used within a few seconds from the window's load event. Please make sure it has an appropriate `as` value and it is preloaded intentionally. @ https://mve.vivo.com.br/sec/dashboard:0
[ 6125410ms] [WARNING] The resource https://mve.vivo.com.br/assets/mve/fonts/c0ba7690a96b0b25a53d.woff2 was preloaded using link preload but not used within a few seconds from the window's load event. Please make sure it has an appropriate `as` value and it is preloaded intentionally. @ https://mve.vivo.com.br/sec/dashboard:0
[ 6125410ms] [WARNING] The resource https://mve.vivo.com.br/assets/mve/fonts/4ef73e245c02dd8794ff.woff2 was preloaded using link preload but not used within a few seconds from the window's load event. Please make sure it has an appropriate `as` value and it is preloaded intentionally. @ https://mve.vivo.com.br/sec/dashboard:0
[ 6125410ms] [WARNING] The resource https://mve.vivo.com.br/assets/mve/fonts/53e34b29d71619d49dc1.woff2 was preloaded using link preload but not used within a few seconds from the window's load event. Please make sure it has an appropriate `as` value and it is preloaded intentionally. @ https://mve.vivo.com.br/sec/dashboard:0
[ 6125410ms] [WARNING] The resource https://mve.vivo.com.br/assets/mve/fonts/c1e074f52d2cc507b0df.woff2 was preloaded using link preload but not used within a few seconds from the window's load event. Please make sure it has an appropriate `as` value and it is preloaded intentionally. @ https://mve.vivo.com.br/sec/dashboard:0
[ 6125410ms] [WARNING] The resource https://mve.vivo.com.br/assets/mve/fonts/f594f2ba13d231e99294.woff2 was preloaded using link preload but not used within a few seconds from the window's load event. Please make sure it has an appropriate `as` value and it is preloaded intentionally. @ https://mve.vivo.com.br/sec/dashboard:0
[ 6160353ms] [WARNING] The resource https://mve.vivo.com.br/assets/mve/fonts/dbe5ac6045d66e680d93.woff2 was preloaded using link preload but not used within a few seconds from the window's load event. Please make sure it has an appropriate `as` value and it is preloaded intentionally. @ https://mve.vivo.com.br/sec/dashboard:0
[ 6160353ms] [WARNING] The resource https://mve.vivo.com.br/assets/mve/fonts/ac09edfac4ebe90e76f7.woff2?b1ckzw was preloaded using link preload but not used within a few seconds from the window's load event. Please make sure it has an appropriate `as` value and it is preloaded intentionally. @ https://mve.vivo.com.br/sec/dashboard:0
[ 6160353ms] [WARNING] The resource https://mve.vivo.com.br/assets/mve/fonts/58d821d46eb6f39ad306.woff2 was preloaded using link preload but not used within a few seconds from the window's load event. Please make sure it has an appropriate `as` value and it is preloaded intentionally. @ https://mve.vivo.com.br/sec/dashboard:0
[ 6160353ms] [WARNING] The resource https://mve.vivo.com.br/assets/mve/fonts/c0ba7690a96b0b25a53d.woff2 was preloaded using link preload but not used within a few seconds from the window's load event. Please make sure it has an appropriate `as` value and it is preloaded intentionally. @ https://mve.vivo.com.br/sec/dashboard:0
[ 6160353ms] [WARNING] The resource https://mve.vivo.com.br/assets/mve/fonts/4ef73e245c02dd8794ff.woff2 was preloaded using link preload but not used within a few seconds from the window's load event. Please make sure it has an appropriate `as` value and it is preloaded intentionally. @ https://mve.vivo.com.br/sec/dashboard:0
[ 6160353ms] [WARNING] The resource https://mve.vivo.com.br/assets/mve/fonts/53e34b29d71619d49dc1.woff2 was preloaded using link preload but not used within a few seconds from the window's load event. Please make sure it has an appropriate `as` value and it is preloaded intentionally. @ https://mve.vivo.com.br/sec/dashboard:0
[ 6160353ms] [WARNING] The resource https://mve.vivo.com.br/assets/mve/fonts/c1e074f52d2cc507b0df.woff2 was preloaded using link preload but not used within a few seconds from the window's load event. Please make sure it has an appropriate `as` value and it is preloaded intentionally. @ https://mve.vivo.com.br/sec/dashboard:0
[ 6160353ms] [WARNING] The resource https://mve.vivo.com.br/assets/mve/fonts/f594f2ba13d231e99294.woff2 was preloaded using link preload but not used within a few seconds from the window's load event. Please make sure it has an appropriate `as` value and it is preloaded intentionally. @ https://mve.vivo.com.br/sec/dashboard:0
[ 6174249ms] [WARNING] The resource https://mve.vivo.com.br/assets/mve/fonts/dbe5ac6045d66e680d93.woff2 was preloaded using link preload but not used within a few seconds from the window's load event. Please make sure it has an appropriate `as` value and it is preloaded intentionally. @ https://mve.vivo.com.br/sec/dashboard:0
[ 6174249ms] [WARNING] The resource https://mve.vivo.com.br/assets/mve/fonts/ac09edfac4ebe90e76f7.woff2?b1ckzw was preloaded using link preload but not used within a few seconds from the window's load event. Please make sure it has an appropriate `as` value and it is preloaded intentionally. @ https://mve.vivo.com.br/sec/dashboard:0
[ 6174249ms] [WARNING] The resource https://mve.vivo.com.br/assets/mve/fonts/58d821d46eb6f39ad306.woff2 was preloaded using link preload but not used within a few seconds from the window's load event. Please make sure it has an appropriate `as` value and it is preloaded intentionally. @ https://mve.vivo.com.br/sec/dashboard:0
[ 6174249ms] [WARNING] The resource https://mve.vivo.com.br/assets/mve/fonts/c0ba7690a96b0b25a53d.woff2 was preloaded using link preload but not used within a few seconds from the window's load event. Please make sure it has an appropriate `as` value and it is preloaded intentionally. @ https://mve.vivo.com.br/sec/dashboard:0
[ 6174249ms] [WARNING] The resource https://mve.vivo.com.br/assets/mve/fonts/4ef73e245c02dd8794ff.woff2 was preloaded using link preload but not used within a few seconds from the window's load event. Please make sure it has an appropriate `as` value and it is preloaded intentionally. @ https://mve.vivo.com.br/sec/dashboard:0
[ 6174249ms] [WARNING] The resource https://mve.vivo.com.br/assets/mve/fonts/53e34b29d71619d49dc1.woff2 was preloaded using link preload but not used within a few seconds from the window's load event. Please make sure it has an appropriate `as` value and it is preloaded intentionally. @ https://mve.vivo.com.br/sec/dashboard:0
[ 6174249ms] [WARNING] The resource https://mve.vivo.com.br/assets/mve/fonts/c1e074f52d2cc507b0df.woff2 was preloaded using link preload but not used within a few seconds from the window's load event. Please make sure it has an appropriate `as` value and it is preloaded intentionally. @ https://mve.vivo.com.br/sec/dashboard:0
[ 6174249ms] [WARNING] The resource https://mve.vivo.com.br/assets/mve/fonts/f594f2ba13d231e99294.woff2 was preloaded using link preload but not used within a few seconds from the window's load event. Please make sure it has an appropriate `as` value and it is preloaded intentionally. @ https://mve.vivo.com.br/sec/dashboard:0
[ 6196420ms] [WARNING] The resource https://mve.vivo.com.br/assets/mve/fonts/dbe5ac6045d66e680d93.woff2 was preloaded using link preload but not used within a few seconds from the window's load event. Please make sure it has an appropriate `as` value and it is preloaded intentionally. @ https://mve.vivo.com.br/sec/dashboard:0
[ 6196420ms] [WARNING] The resource https://mve.vivo.com.br/assets/mve/fonts/ac09edfac4ebe90e76f7.woff2?b1ckzw was preloaded using link preload but not used within a few seconds from the window's load event. Please make sure it has an appropriate `as` value and it is preloaded intentionally. @ https://mve.vivo.com.br/sec/dashboard:0
[ 6196420ms] [WARNING] The resource https://mve.vivo.com.br/assets/mve/fonts/58d821d46eb6f39ad306.woff2 was preloaded using link preload but not used within a few seconds from the window's load event. Please make sure it has an appropriate `as` value and it is preloaded intentionally. @ https://mve.vivo.com.br/sec/dashboard:0
[ 6196420ms] [WARNING] The resource https://mve.vivo.com.br/assets/mve/fonts/c0ba7690a96b0b25a53d.woff2 was preloaded using link preload but not used within a few seconds from the window's load event. Please make sure it has an appropriate `as` value and it is preloaded intentionally. @ https://mve.vivo.com.br/sec/dashboard:0
[ 6196420ms] [WARNING] The resource https://mve.vivo.com.br/assets/mve/fonts/4ef73e245c02dd8794ff.woff2 was preloaded using link preload but not used within a few seconds from the window's load event. Please make sure it has an appropriate `as` value and it is preloaded intentionally. @ https://mve.vivo.com.br/sec/dashboard:0
[ 6196420ms] [WARNING] The resource https://mve.vivo.com.br/assets/mve/fonts/53e34b29d71619d49dc1.woff2 was preloaded using link preload but not used within a few seconds from the window's load event. Please make sure it has an appropriate `as` value and it is preloaded intentionally. @ https://mve.vivo.com.br/sec/dashboard:0
[ 6196420ms] [WARNING] The resource https://mve.vivo.com.br/assets/mve/fonts/c1e074f52d2cc507b0df.woff2 was preloaded using link preload but not used within a few seconds from the window's load event. Please make sure it has an appropriate `as` value and it is preloaded intentionally. @ https://mve.vivo.com.br/sec/dashboard:0
[ 6196420ms] [WARNING] The resource https://mve.vivo.com.br/assets/mve/fonts/f594f2ba13d231e99294.woff2 was preloaded using link preload but not used within a few seconds from the window's load event. Please make sure it has an appropriate `as` value and it is preloaded intentionally. @ https://mve.vivo.com.br/sec/dashboard:0
[ 6234327ms] [WARNING] The resource https://mve.vivo.com.br/assets/mve/fonts/dbe5ac6045d66e680d93.woff2 was preloaded using link preload but not used within a few seconds from the window's load event. Please make sure it has an appropriate `as` value and it is preloaded intentionally. @ https://mve.vivo.com.br/sec/dashboard:0
[ 6234327ms] [WARNING] The resource https://mve.vivo.com.br/assets/mve/fonts/ac09edfac4ebe90e76f7.woff2?b1ckzw was preloaded using link preload but not used within a few seconds from the window's load event. Please make sure it has an appropriate `as` value and it is preloaded intentionally. @ https://mve.vivo.com.br/sec/dashboard:0
[ 6234327ms] [WARNING] The resource https://mve.vivo.com.br/assets/mve/fonts/58d821d46eb6f39ad306.woff2 was preloaded using link preload but not used within a few seconds from the window's load event. Please make sure it has an appropriate `as` value and it is preloaded intentionally. @ https://mve.vivo.com.br/sec/dashboard:0
[ 6234327ms] [WARNING] The resource https://mve.vivo.com.br/assets/mve/fonts/c0ba7690a96b0b25a53d.woff2 was preloaded using link preload but not used within a few seconds from the window's load event. Please make sure it has an appropriate `as` value and it is preloaded intentionally. @ https://mve.vivo.com.br/sec/dashboard:0
[ 6234327ms] [WARNING] The resource https://mve.vivo.com.br/assets/mve/fonts/4ef73e245c02dd8794ff.woff2 was preloaded using link preload but not used within a few seconds from the window's load event. Please make sure it has an appropriate `as` value and it is preloaded intentionally. @ https://mve.vivo.com.br/sec/dashboard:0
[ 6234327ms] [WARNING] The resource https://mve.vivo.com.br/assets/mve/fonts/53e34b29d71619d49dc1.woff2 was preloaded using link preload but not used within a few seconds from the window's load event. Please make sure it has an appropriate `as` value and it is preloaded intentionally. @ https://mve.vivo.com.br/sec/dashboard:0
[ 6234327ms] [WARNING] The resource https://mve.vivo.com.br/assets/mve/fonts/c1e074f52d2cc507b0df.woff2 was preloaded using link preload but not used within a few seconds from the window's load event. Please make sure it has an appropriate `as` value and it is preloaded intentionally. @ https://mve.vivo.com.br/sec/dashboard:0
[ 6234327ms] [WARNING] The resource https://mve.vivo.com.br/assets/mve/fonts/f594f2ba13d231e99294.woff2 was preloaded using link preload but not used within a few seconds from the window's load event. Please make sure it has an appropriate `as` value and it is preloaded intentionally. @ https://mve.vivo.com.br/sec/dashboard:0
[ 6267448ms] [WARNING] The resource https://mve.vivo.com.br/assets/mve/fonts/dbe5ac6045d66e680d93.woff2 was preloaded using link preload but not used within a few seconds from the window's load event. Please make sure it has an appropriate `as` value and it is preloaded intentionally. @ https://mve.vivo.com.br/sec/dashboard:0
[ 6267448ms] [WARNING] The resource https://mve.vivo.com.br/assets/mve/fonts/ac09edfac4ebe90e76f7.woff2?b1ckzw was preloaded using link preload but not used within a few seconds from the window's load event. Please make sure it has an appropriate `as` value and it is preloaded intentionally. @ https://mve.vivo.com.br/sec/dashboard:0
[ 6267448ms] [WARNING] The resource https://mve.vivo.com.br/assets/mve/fonts/58d821d46eb6f39ad306.woff2 was preloaded using link preload but not used within a few seconds from the window's load event. Please make sure it has an appropriate `as` value and it is preloaded intentionally. @ https://mve.vivo.com.br/sec/dashboard:0
[ 6267448ms] [WARNING] The resource https://mve.vivo.com.br/assets/mve/fonts/c0ba7690a96b0b25a53d.woff2 was preloaded using link preload but not used within a few seconds from the window's load event. Please make sure it has an appropriate `as` value and it is preloaded intentionally. @ https://mve.vivo.com.br/sec/dashboard:0
[ 6267448ms] [WARNING] The resource https://mve.vivo.com.br/assets/mve/fonts/4ef73e245c02dd8794ff.woff2 was preloaded using link preload but not used within a few seconds from the window's load event. Please make sure it has an appropriate `as` value and it is preloaded intentionally. @ https://mve.vivo.com.br/sec/dashboard:0
[ 6267448ms] [WARNING] The resource https://mve.vivo.com.br/assets/mve/fonts/53e34b29d71619d49dc1.woff2 was preloaded using link preload but not used within a few seconds from the window's load event. Please make sure it has an appropriate `as` value and it is preloaded intentionally. @ https://mve.vivo.com.br/sec/dashboard:0
[ 6267448ms] [WARNING] The resource https://mve.vivo.com.br/assets/mve/fonts/c1e074f52d2cc507b0df.woff2 was preloaded using link preload but not used within a few seconds from the window's load event. Please make sure it has an appropriate `as` value and it is preloaded intentionally. @ https://mve.vivo.com.br/sec/dashboard:0
[ 6267448ms] [WARNING] The resource https://mve.vivo.com.br/assets/mve/fonts/f594f2ba13d231e99294.woff2 was preloaded using link preload but not used within a few seconds from the window's load event. Please make sure it has an appropriate `as` value and it is preloaded intentionally. @ https://mve.vivo.com.br/sec/dashboard:0
[ 6294397ms] [WARNING] The resource https://mve.vivo.com.br/assets/mve/fonts/dbe5ac6045d66e680d93.woff2 was preloaded using link preload but not used within a few seconds from the window's load event. Please make sure it has an appropriate `as` value and it is preloaded intentionally. @ https://mve.vivo.com.br/sec/dashboard:0
[ 6294398ms] [WARNING] The resource https://mve.vivo.com.br/assets/mve/fonts/ac09edfac4ebe90e76f7.woff2?b1ckzw was preloaded using link preload but not used within a few seconds from the window's load event. Please make sure it has an appropriate `as` value and it is preloaded intentionally. @ https://mve.vivo.com.br/sec/dashboard:0
[ 6294398ms] [WARNING] The resource https://mve.vivo.com.br/assets/mve/fonts/58d821d46eb6f39ad306.woff2 was preloaded using link preload but not used within a few seconds from the window's load event. Please make sure it has an appropriate `as` value and it is preloaded intentionally. @ https://mve.vivo.com.br/sec/dashboard:0
[ 6294398ms] [WARNING] The resource https://mve.vivo.com.br/assets/mve/fonts/c0ba7690a96b0b25a53d.woff2 was preloaded using link preload but not used within a few seconds from the window's load event. Please make sure it has an appropriate `as` value and it is preloaded intentionally. @ https://mve.vivo.com.br/sec/dashboard:0
[ 6294398ms] [WARNING] The resource https://mve.vivo.com.br/assets/mve/fonts/4ef73e245c02dd8794ff.woff2 was preloaded using link preload but not used within a few seconds from the window's load event. Please make sure it has an appropriate `as` value and it is preloaded intentionally. @ https://mve.vivo.com.br/sec/dashboard:0
[ 6294398ms] [WARNING] The resource https://mve.vivo.com.br/assets/mve/fonts/53e34b29d71619d49dc1.woff2 was preloaded using link preload but not used within a few seconds from the window's load event. Please make sure it has an appropriate `as` value and it is preloaded intentionally. @ https://mve.vivo.com.br/sec/dashboard:0
[ 6294398ms] [WARNING] The resource https://mve.vivo.com.br/assets/mve/fonts/c1e074f52d2cc507b0df.woff2 was preloaded using link preload but not used within a few seconds from the window's load event. Please make sure it has an appropriate `as` value and it is preloaded intentionally. @ https://mve.vivo.com.br/sec/dashboard:0
[ 6294398ms] [WARNING] The resource https://mve.vivo.com.br/assets/mve/fonts/f594f2ba13d231e99294.woff2 was preloaded using link preload but not used within a few seconds from the window's load event. Please make sure it has an appropriate `as` value and it is preloaded intentionally. @ https://mve.vivo.com.br/sec/dashboard:0
[ 6302441ms] [WARNING] The resource https://mve.vivo.com.br/assets/mve/fonts/dbe5ac6045d66e680d93.woff2 was preloaded using link preload but not used within a few seconds from the window's load event. Please make sure it has an appropriate `as` value and it is preloaded intentionally. @ https://mve.vivo.com.br/sec/dashboard:0
[ 6302441ms] [WARNING] The resource https://mve.vivo.com.br/assets/mve/fonts/ac09edfac4ebe90e76f7.woff2?b1ckzw was preloaded using link preload but not used within a few seconds from the window's load event. Please make sure it has an appropriate `as` value and it is preloaded intentionally. @ https://mve.vivo.com.br/sec/dashboard:0
[ 6302441ms] [WARNING] The resource https://mve.vivo.com.br/assets/mve/fonts/58d821d46eb6f39ad306.woff2 was preloaded using link preload but not used within a few seconds from the window's load event. Please make sure it has an appropriate `as` value and it is preloaded intentionally. @ https://mve.vivo.com.br/sec/dashboard:0
[ 6302441ms] [WARNING] The resource https://mve.vivo.com.br/assets/mve/fonts/c0ba7690a96b0b25a53d.woff2 was preloaded using link preload but not used within a few seconds from the window's load event. Please make sure it has an appropriate `as` value and it is preloaded intentionally. @ https://mve.vivo.com.br/sec/dashboard:0
[ 6302441ms] [WARNING] The resource https://mve.vivo.com.br/assets/mve/fonts/4ef73e245c02dd8794ff.woff2 was preloaded using link preload but not used within a few seconds from the window's load event. Please make sure it has an appropriate `as` value and it is preloaded intentionally. @ https://mve.vivo.com.br/sec/dashboard:0
[ 6302441ms] [WARNING] The resource https://mve.vivo.com.br/assets/mve/fonts/53e34b29d71619d49dc1.woff2 was preloaded using link preload but not used within a few seconds from the window's load event. Please make sure it has an appropriate `as` value and it is preloaded intentionally. @ https://mve.vivo.com.br/sec/dashboard:0
[ 6302441ms] [WARNING] The resource https://mve.vivo.com.br/assets/mve/fonts/c1e074f52d2cc507b0df.woff2 was preloaded using link preload but not used within a few seconds from the window's load event. Please make sure it has an appropriate `as` value and it is preloaded intentionally. @ https://mve.vivo.com.br/sec/dashboard:0
[ 6302441ms] [WARNING] The resource https://mve.vivo.com.br/assets/mve/fonts/f594f2ba13d231e99294.woff2 was preloaded using link preload but not used within a few seconds from the window's load event. Please make sure it has an appropriate `as` value and it is preloaded intentionally. @ https://mve.vivo.com.br/sec/dashboard:0
[ 6337375ms] [WARNING] The resource https://mve.vivo.com.br/assets/mve/fonts/dbe5ac6045d66e680d93.woff2 was preloaded using link preload but not used within a few seconds from the window's load event. Please make sure it has an appropriate `as` value and it is preloaded intentionally. @ https://mve.vivo.com.br/sec/dashboard:0
[ 6337375ms] [WARNING] The resource https://mve.vivo.com.br/assets/mve/fonts/ac09edfac4ebe90e76f7.woff2?b1ckzw was preloaded using link preload but not used within a few seconds from the window's load event. Please make sure it has an appropriate `as` value and it is preloaded intentionally. @ https://mve.vivo.com.br/sec/dashboard:0
[ 6337375ms] [WARNING] The resource https://mve.vivo.com.br/assets/mve/fonts/58d821d46eb6f39ad306.woff2 was preloaded using link preload but not used within a few seconds from the window's load event. Please make sure it has an appropriate `as` value and it is preloaded intentionally. @ https://mve.vivo.com.br/sec/dashboard:0
[ 6337375ms] [WARNING] The resource https://mve.vivo.com.br/assets/mve/fonts/c0ba7690a96b0b25a53d.woff2 was preloaded using link preload but not used within a few seconds from the window's load event. Please make sure it has an appropriate `as` value and it is preloaded intentionally. @ https://mve.vivo.com.br/sec/dashboard:0
[ 6337375ms] [WARNING] The resource https://mve.vivo.com.br/assets/mve/fonts/4ef73e245c02dd8794ff.woff2 was preloaded using link preload but not used within a few seconds from the window's load event. Please make sure it has an appropriate `as` value and it is preloaded intentionally. @ https://mve.vivo.com.br/sec/dashboard:0
[ 6337375ms] [WARNING] The resource https://mve.vivo.com.br/assets/mve/fonts/53e34b29d71619d49dc1.woff2 was preloaded using link preload but not used within a few seconds from the window's load event. Please make sure it has an appropriate `as` value and it is preloaded intentionally. @ https://mve.vivo.com.br/sec/dashboard:0
[ 6337375ms] [WARNING] The resource https://mve.vivo.com.br/assets/mve/fonts/c1e074f52d2cc507b0df.woff2 was preloaded using link preload but not used within a few seconds from the window's load event. Please make sure it has an appropriate `as` value and it is preloaded intentionally. @ https://mve.vivo.com.br/sec/dashboard:0
[ 6337375ms] [WARNING] The resource https://mve.vivo.com.br/assets/mve/fonts/f594f2ba13d231e99294.woff2 was preloaded using link preload but not used within a few seconds from the window's load event. Please make sure it has an appropriate `as` value and it is preloaded intentionally. @ https://mve.vivo.com.br/sec/dashboard:0
[ 6354508ms] [WARNING] The resource https://mve.vivo.com.br/assets/mve/fonts/dbe5ac6045d66e680d93.woff2 was preloaded using link preload but not used within a few seconds from the window's load event. Please make sure it has an appropriate `as` value and it is preloaded intentionally. @ https://mve.vivo.com.br/sec/dashboard:0
[ 6354508ms] [WARNING] The resource https://mve.vivo.com.br/assets/mve/fonts/ac09edfac4ebe90e76f7.woff2?b1ckzw was preloaded using link preload but not used within a few seconds from the window's load event. Please make sure it has an appropriate `as` value and it is preloaded intentionally. @ https://mve.vivo.com.br/sec/dashboard:0
[ 6354508ms] [WARNING] The resource https://mve.vivo.com.br/assets/mve/fonts/58d821d46eb6f39ad306.woff2 was preloaded using link preload but not used within a few seconds from the window's load event. Please make sure it has an appropriate `as` value and it is preloaded intentionally. @ https://mve.vivo.com.br/sec/dashboard:0
[ 6354508ms] [WARNING] The resource https://mve.vivo.com.br/assets/mve/fonts/c0ba7690a96b0b25a53d.woff2 was preloaded using link preload but not used within a few seconds from the window's load event. Please make sure it has an appropriate `as` value and it is preloaded intentionally. @ https://mve.vivo.com.br/sec/dashboard:0
[ 6354508ms] [WARNING] The resource https://mve.vivo.com.br/assets/mve/fonts/4ef73e245c02dd8794ff.woff2 was preloaded using link preload but not used within a few seconds from the window's load event. Please make sure it has an appropriate `as` value and it is preloaded intentionally. @ https://mve.vivo.com.br/sec/dashboard:0
[ 6354508ms] [WARNING] The resource https://mve.vivo.com.br/assets/mve/fonts/53e34b29d71619d49dc1.woff2 was preloaded using link preload but not used within a few seconds from the window's load event. Please make sure it has an appropriate `as` value and it is preloaded intentionally. @ https://mve.vivo.com.br/sec/dashboard:0
[ 6354508ms] [WARNING] The resource https://mve.vivo.com.br/assets/mve/fonts/c1e074f52d2cc507b0df.woff2 was preloaded using link preload but not used within a few seconds from the window's load event. Please make sure it has an appropriate `as` value and it is preloaded intentionally. @ https://mve.vivo.com.br/sec/dashboard:0
[ 6354508ms] [WARNING] The resource https://mve.vivo.com.br/assets/mve/fonts/f594f2ba13d231e99294.woff2 was preloaded using link preload but not used within a few seconds from the window's load event. Please make sure it has an appropriate `as` value and it is preloaded intentionally. @ https://mve.vivo.com.br/sec/dashboard:0
[ 6373413ms] [WARNING] The resource https://mve.vivo.com.br/assets/mve/fonts/dbe5ac6045d66e680d93.woff2 was preloaded using link preload but not used within a few seconds from the window's load event. Please make sure it has an appropriate `as` value and it is preloaded intentionally. @ https://mve.vivo.com.br/sec/dashboard:0
[ 6373413ms] [WARNING] The resource https://mve.vivo.com.br/assets/mve/fonts/ac09edfac4ebe90e76f7.woff2?b1ckzw was preloaded using link preload but not used within a few seconds from the window's load event. Please make sure it has an appropriate `as` value and it is preloaded intentionally. @ https://mve.vivo.com.br/sec/dashboard:0
[ 6373413ms] [WARNING] The resource https://mve.vivo.com.br/assets/mve/fonts/58d821d46eb6f39ad306.woff2 was preloaded using link preload but not used within a few seconds from the window's load event. Please make sure it has an appropriate `as` value and it is preloaded intentionally. @ https://mve.vivo.com.br/sec/dashboard:0
[ 6373413ms] [WARNING] The resource https://mve.vivo.com.br/assets/mve/fonts/c0ba7690a96b0b25a53d.woff2 was preloaded using link preload but not used within a few seconds from the window's load event. Please make sure it has an appropriate `as` value and it is preloaded intentionally. @ https://mve.vivo.com.br/sec/dashboard:0
[ 6373413ms] [WARNING] The resource https://mve.vivo.com.br/assets/mve/fonts/4ef73e245c02dd8794ff.woff2 was preloaded using link preload but not used within a few seconds from the window's load event. Please make sure it has an appropriate `as` value and it is preloaded intentionally. @ https://mve.vivo.com.br/sec/dashboard:0
[ 6373413ms] [WARNING] The resource https://mve.vivo.com.br/assets/mve/fonts/53e34b29d71619d49dc1.woff2 was preloaded using link preload but not used within a few seconds from the window's load event. Please make sure it has an appropriate `as` value and it is preloaded intentionally. @ https://mve.vivo.com.br/sec/dashboard:0
[ 6373413ms] [WARNING] The resource https://mve.vivo.com.br/assets/mve/fonts/c1e074f52d2cc507b0df.woff2 was preloaded using link preload but not used within a few seconds from the window's load event. Please make sure it has an appropriate `as` value and it is preloaded intentionally. @ https://mve.vivo.com.br/sec/dashboard:0
[ 6373413ms] [WARNING] The resource https://mve.vivo.com.br/assets/mve/fonts/f594f2ba13d231e99294.woff2 was preloaded using link preload but not used within a few seconds from the window's load event. Please make sure it has an appropriate `as` value and it is preloaded intentionally. @ https://mve.vivo.com.br/sec/dashboard:0
[ 6408447ms] [WARNING] The resource https://mve.vivo.com.br/assets/mve/fonts/dbe5ac6045d66e680d93.woff2 was preloaded using link preload but not used within a few seconds from the window's load event. Please make sure it has an appropriate `as` value and it is preloaded intentionally. @ https://mve.vivo.com.br/sec/dashboard:0
[ 6408447ms] [WARNING] The resource https://mve.vivo.com.br/assets/mve/fonts/ac09edfac4ebe90e76f7.woff2?b1ckzw was preloaded using link preload but not used within a few seconds from the window's load event. Please make sure it has an appropriate `as` value and it is preloaded intentionally. @ https://mve.vivo.com.br/sec/dashboard:0
[ 6408447ms] [WARNING] The resource https://mve.vivo.com.br/assets/mve/fonts/58d821d46eb6f39ad306.woff2 was preloaded using link preload but not used within a few seconds from the window's load event. Please make sure it has an appropriate `as` value and it is preloaded intentionally. @ https://mve.vivo.com.br/sec/dashboard:0
[ 6408447ms] [WARNING] The resource https://mve.vivo.com.br/assets/mve/fonts/c0ba7690a96b0b25a53d.woff2 was preloaded using link preload but not used within a few seconds from the window's load event. Please make sure it has an appropriate `as` value and it is preloaded intentionally. @ https://mve.vivo.com.br/sec/dashboard:0
[ 6408447ms] [WARNING] The resource https://mve.vivo.com.br/assets/mve/fonts/4ef73e245c02dd8794ff.woff2 was preloaded using link preload but not used within a few seconds from the window's load event. Please make sure it has an appropriate `as` value and it is preloaded intentionally. @ https://mve.vivo.com.br/sec/dashboard:0
[ 6408447ms] [WARNING] The resource https://mve.vivo.com.br/assets/mve/fonts/53e34b29d71619d49dc1.woff2 was preloaded using link preload but not used within a few seconds from the window's load event. Please make sure it has an appropriate `as` value and it is preloaded intentionally. @ https://mve.vivo.com.br/sec/dashboard:0
[ 6408447ms] [WARNING] The resource https://mve.vivo.com.br/assets/mve/fonts/c1e074f52d2cc507b0df.woff2 was preloaded using link preload but not used within a few seconds from the window's load event. Please make sure it has an appropriate `as` value and it is preloaded intentionally. @ https://mve.vivo.com.br/sec/dashboard:0
[ 6408447ms] [WARNING] The resource https://mve.vivo.com.br/assets/mve/fonts/f594f2ba13d231e99294.woff2 was preloaded using link preload but not used within a few seconds from the window's load event. Please make sure it has an appropriate `as` value and it is preloaded intentionally. @ https://mve.vivo.com.br/sec/dashboard:0
[ 6414571ms] [WARNING] The resource https://mve.vivo.com.br/assets/mve/fonts/dbe5ac6045d66e680d93.woff2 was preloaded using link preload but not used within a few seconds from the window's load event. Please make sure it has an appropriate `as` value and it is preloaded intentionally. @ https://mve.vivo.com.br/sec/dashboard:0
[ 6414571ms] [WARNING] The resource https://mve.vivo.com.br/assets/mve/fonts/ac09edfac4ebe90e76f7.woff2?b1ckzw was preloaded using link preload but not used within a few seconds from the window's load event. Please make sure it has an appropriate `as` value and it is preloaded intentionally. @ https://mve.vivo.com.br/sec/dashboard:0
[ 6414571ms] [WARNING] The resource https://mve.vivo.com.br/assets/mve/fonts/58d821d46eb6f39ad306.woff2 was preloaded using link preload but not used within a few seconds from the window's load event. Please make sure it has an appropriate `as` value and it is preloaded intentionally. @ https://mve.vivo.com.br/sec/dashboard:0
[ 6414571ms] [WARNING] The resource https://mve.vivo.com.br/assets/mve/fonts/c0ba7690a96b0b25a53d.woff2 was preloaded using link preload but not used within a few seconds from the window's load event. Please make sure it has an appropriate `as` value and it is preloaded intentionally. @ https://mve.vivo.com.br/sec/dashboard:0
[ 6414571ms] [WARNING] The resource https://mve.vivo.com.br/assets/mve/fonts/4ef73e245c02dd8794ff.woff2 was preloaded using link preload but not used within a few seconds from the window's load event. Please make sure it has an appropriate `as` value and it is preloaded intentionally. @ https://mve.vivo.com.br/sec/dashboard:0
[ 6414571ms] [WARNING] The resource https://mve.vivo.com.br/assets/mve/fonts/53e34b29d71619d49dc1.woff2 was preloaded using link preload but not used within a few seconds from the window's load event. Please make sure it has an appropriate `as` value and it is preloaded intentionally. @ https://mve.vivo.com.br/sec/dashboard:0
[ 6414571ms] [WARNING] The resource https://mve.vivo.com.br/assets/mve/fonts/c1e074f52d2cc507b0df.woff2 was preloaded using link preload but not used within a few seconds from the window's load event. Please make sure it has an appropriate `as` value and it is preloaded intentionally. @ https://mve.vivo.com.br/sec/dashboard:0
[ 6414571ms] [WARNING] The resource https://mve.vivo.com.br/assets/mve/fonts/f594f2ba13d231e99294.woff2 was preloaded using link preload but not used within a few seconds from the window's load event. Please make sure it has an appropriate `as` value and it is preloaded intentionally. @ https://mve.vivo.com.br/sec/dashboard:0
[ 6444422ms] [WARNING] The resource https://mve.vivo.com.br/assets/mve/fonts/dbe5ac6045d66e680d93.woff2 was preloaded using link preload but not used within a few seconds from the window's load event. Please make sure it has an appropriate `as` value and it is preloaded intentionally. @ https://mve.vivo.com.br/sec/dashboard:0
[ 6444422ms] [WARNING] The resource https://mve.vivo.com.br/assets/mve/fonts/ac09edfac4ebe90e76f7.woff2?b1ckzw was preloaded using link preload but not used within a few seconds from the window's load event. Please make sure it has an appropriate `as` value and it is preloaded intentionally. @ https://mve.vivo.com.br/sec/dashboard:0
[ 6444422ms] [WARNING] The resource https://mve.vivo.com.br/assets/mve/fonts/58d821d46eb6f39ad306.woff2 was preloaded using link preload but not used within a few seconds from the window's load event. Please make sure it has an appropriate `as` value and it is preloaded intentionally. @ https://mve.vivo.com.br/sec/dashboard:0
[ 6444422ms] [WARNING] The resource https://mve.vivo.com.br/assets/mve/fonts/c0ba7690a96b0b25a53d.woff2 was preloaded using link preload but not used within a few seconds from the window's load event. Please make sure it has an appropriate `as` value and it is preloaded intentionally. @ https://mve.vivo.com.br/sec/dashboard:0
[ 6444422ms] [WARNING] The resource https://mve.vivo.com.br/assets/mve/fonts/4ef73e245c02dd8794ff.woff2 was preloaded using link preload but not used within a few seconds from the window's load event. Please make sure it has an appropriate `as` value and it is preloaded intentionally. @ https://mve.vivo.com.br/sec/dashboard:0
[ 6444422ms] [WARNING] The resource https://mve.vivo.com.br/assets/mve/fonts/53e34b29d71619d49dc1.woff2 was preloaded using link preload but not used within a few seconds from the window's load event. Please make sure it has an appropriate `as` value and it is preloaded intentionally. @ https://mve.vivo.com.br/sec/dashboard:0
[ 6444422ms] [WARNING] The resource https://mve.vivo.com.br/assets/mve/fonts/c1e074f52d2cc507b0df.woff2 was preloaded using link preload but not used within a few seconds from the window's load event. Please make sure it has an appropriate `as` value and it is preloaded intentionally. @ https://mve.vivo.com.br/sec/dashboard:0
[ 6444422ms] [WARNING] The resource https://mve.vivo.com.br/assets/mve/fonts/f594f2ba13d231e99294.woff2 was preloaded using link preload but not used within a few seconds from the window's load event. Please make sure it has an appropriate `as` value and it is preloaded intentionally. @ https://mve.vivo.com.br/sec/dashboard:0
[ 6471332ms] [WARNING] The resource https://mve.vivo.com.br/assets/mve/fonts/dbe5ac6045d66e680d93.woff2 was preloaded using link preload but not used within a few seconds from the window's load event. Please make sure it has an appropriate `as` value and it is preloaded intentionally. @ https://mve.vivo.com.br/sec/dashboard:0
[ 6471332ms] [WARNING] The resource https://mve.vivo.com.br/assets/mve/fonts/ac09edfac4ebe90e76f7.woff2?b1ckzw was preloaded using link preload but not used within a few seconds from the window's load event. Please make sure it has an appropriate `as` value and it is preloaded intentionally. @ https://mve.vivo.com.br/sec/dashboard:0
[ 6471332ms] [WARNING] The resource https://mve.vivo.com.br/assets/mve/fonts/58d821d46eb6f39ad306.woff2 was preloaded using link preload but not used within a few seconds from the window's load event. Please make sure it has an appropriate `as` value and it is preloaded intentionally. @ https://mve.vivo.com.br/sec/dashboard:0
[ 6471332ms] [WARNING] The resource https://mve.vivo.com.br/assets/mve/fonts/c0ba7690a96b0b25a53d.woff2 was preloaded using link preload but not used within a few seconds from the window's load event. Please make sure it has an appropriate `as` value and it is preloaded intentionally. @ https://mve.vivo.com.br/sec/dashboard:0
[ 6471332ms] [WARNING] The resource https://mve.vivo.com.br/assets/mve/fonts/4ef73e245c02dd8794ff.woff2 was preloaded using link preload but not used within a few seconds from the window's load event. Please make sure it has an appropriate `as` value and it is preloaded intentionally. @ https://mve.vivo.com.br/sec/dashboard:0
[ 6471332ms] [WARNING] The resource https://mve.vivo.com.br/assets/mve/fonts/53e34b29d71619d49dc1.woff2 was preloaded using link preload but not used within a few seconds from the window's load event. Please make sure it has an appropriate `as` value and it is preloaded intentionally. @ https://mve.vivo.com.br/sec/dashboard:0
[ 6471332ms] [WARNING] The resource https://mve.vivo.com.br/assets/mve/fonts/c1e074f52d2cc507b0df.woff2 was preloaded using link preload but not used within a few seconds from the window's load event. Please make sure it has an appropriate `as` value and it is preloaded intentionally. @ https://mve.vivo.com.br/sec/dashboard:0
[ 6471332ms] [WARNING] The resource https://mve.vivo.com.br/assets/mve/fonts/f594f2ba13d231e99294.woff2 was preloaded using link preload but not used within a few seconds from the window's load event. Please make sure it has an appropriate `as` value and it is preloaded intentionally. @ https://mve.vivo.com.br/sec/dashboard:0
[ 6474649ms] [WARNING] The resource https://mve.vivo.com.br/assets/mve/fonts/dbe5ac6045d66e680d93.woff2 was preloaded using link preload but not used within a few seconds from the window's load event. Please make sure it has an appropriate `as` value and it is preloaded intentionally. @ https://mve.vivo.com.br/sec/dashboard:0
[ 6474649ms] [WARNING] The resource https://mve.vivo.com.br/assets/mve/fonts/ac09edfac4ebe90e76f7.woff2?b1ckzw was preloaded using link preload but not used within a few seconds from the window's load event. Please make sure it has an appropriate `as` value and it is preloaded intentionally. @ https://mve.vivo.com.br/sec/dashboard:0
[ 6474649ms] [WARNING] The resource https://mve.vivo.com.br/assets/mve/fonts/58d821d46eb6f39ad306.woff2 was preloaded using link preload but not used within a few seconds from the window's load event. Please make sure it has an appropriate `as` value and it is preloaded intentionally. @ https://mve.vivo.com.br/sec/dashboard:0
[ 6474649ms] [WARNING] The resource https://mve.vivo.com.br/assets/mve/fonts/c0ba7690a96b0b25a53d.woff2 was preloaded using link preload but not used within a few seconds from the window's load event. Please make sure it has an appropriate `as` value and it is preloaded intentionally. @ https://mve.vivo.com.br/sec/dashboard:0
[ 6474649ms] [WARNING] The resource https://mve.vivo.com.br/assets/mve/fonts/4ef73e245c02dd8794ff.woff2 was preloaded using link preload but not used within a few seconds from the window's load event. Please make sure it has an appropriate `as` value and it is preloaded intentionally. @ https://mve.vivo.com.br/sec/dashboard:0
[ 6474649ms] [WARNING] The resource https://mve.vivo.com.br/assets/mve/fonts/53e34b29d71619d49dc1.woff2 was preloaded using link preload but not used within a few seconds from the window's load event. Please make sure it has an appropriate `as` value and it is preloaded intentionally. @ https://mve.vivo.com.br/sec/dashboard:0
[ 6474649ms] [WARNING] The resource https://mve.vivo.com.br/assets/mve/fonts/c1e074f52d2cc507b0df.woff2 was preloaded using link preload but not used within a few seconds from the window's load event. Please make sure it has an appropriate `as` value and it is preloaded intentionally. @ https://mve.vivo.com.br/sec/dashboard:0
[ 6474649ms] [WARNING] The resource https://mve.vivo.com.br/assets/mve/fonts/f594f2ba13d231e99294.woff2 was preloaded using link preload but not used within a few seconds from the window's load event. Please make sure it has an appropriate `as` value and it is preloaded intentionally. @ https://mve.vivo.com.br/sec/dashboard:0
[ 6479438ms] [WARNING] The resource https://mve.vivo.com.br/assets/mve/fonts/dbe5ac6045d66e680d93.woff2 was preloaded using link preload but not used within a few seconds from the window's load event. Please make sure it has an appropriate `as` value and it is preloaded intentionally. @ https://mve.vivo.com.br/sec/dashboard:0
[ 6479438ms] [WARNING] The resource https://mve.vivo.com.br/assets/mve/fonts/ac09edfac4ebe90e76f7.woff2?b1ckzw was preloaded using link preload but not used within a few seconds from the window's load event. Please make sure it has an appropriate `as` value and it is preloaded intentionally. @ https://mve.vivo.com.br/sec/dashboard:0
[ 6479438ms] [WARNING] The resource https://mve.vivo.com.br/assets/mve/fonts/58d821d46eb6f39ad306.woff2 was preloaded using link preload but not used within a few seconds from the window's load event. Please make sure it has an appropriate `as` value and it is preloaded intentionally. @ https://mve.vivo.com.br/sec/dashboard:0
[ 6479438ms] [WARNING] The resource https://mve.vivo.com.br/assets/mve/fonts/c0ba7690a96b0b25a53d.woff2 was preloaded using link preload but not used within a few seconds from the window's load event. Please make sure it has an appropriate `as` value and it is preloaded intentionally. @ https://mve.vivo.com.br/sec/dashboard:0
[ 6479438ms] [WARNING] The resource https://mve.vivo.com.br/assets/mve/fonts/4ef73e245c02dd8794ff.woff2 was preloaded using link preload but not used within a few seconds from the window's load event. Please make sure it has an appropriate `as` value and it is preloaded intentionally. @ https://mve.vivo.com.br/sec/dashboard:0
[ 6479438ms] [WARNING] The resource https://mve.vivo.com.br/assets/mve/fonts/53e34b29d71619d49dc1.woff2 was preloaded using link preload but not used within a few seconds from the window's load event. Please make sure it has an appropriate `as` value and it is preloaded intentionally. @ https://mve.vivo.com.br/sec/dashboard:0
[ 6479438ms] [WARNING] The resource https://mve.vivo.com.br/assets/mve/fonts/c1e074f52d2cc507b0df.woff2 was preloaded using link preload but not used within a few seconds from the window's load event. Please make sure it has an appropriate `as` value and it is preloaded intentionally. @ https://mve.vivo.com.br/sec/dashboard:0
[ 6479438ms] [WARNING] The resource https://mve.vivo.com.br/assets/mve/fonts/f594f2ba13d231e99294.woff2 was preloaded using link preload but not used within a few seconds from the window's load event. Please make sure it has an appropriate `as` value and it is preloaded intentionally. @ https://mve.vivo.com.br/sec/dashboard:0
[ 6497859ms] [WARNING] The resource https://mve.vivo.com.br/assets/mve/fonts/dbe5ac6045d66e680d93.woff2 was preloaded using link preload but not used within a few seconds from the window's load event. Please make sure it has an appropriate `as` value and it is preloaded intentionally. @ https://mve.vivo.com.br/sec/dashboard:0
[ 6497860ms] [WARNING] The resource https://mve.vivo.com.br/assets/mve/fonts/ac09edfac4ebe90e76f7.woff2?b1ckzw was preloaded using link preload but not used within a few seconds from the window's load event. Please make sure it has an appropriate `as` value and it is preloaded intentionally. @ https://mve.vivo.com.br/sec/dashboard:0
[ 6497860ms] [WARNING] The resource https://mve.vivo.com.br/assets/mve/fonts/58d821d46eb6f39ad306.woff2 was preloaded using link preload but not used within a few seconds from the window's load event. Please make sure it has an appropriate `as` value and it is preloaded intentionally. @ https://mve.vivo.com.br/sec/dashboard:0
[ 6497860ms] [WARNING] The resource https://mve.vivo.com.br/assets/mve/fonts/c0ba7690a96b0b25a53d.woff2 was preloaded using link preload but not used within a few seconds from the window's load event. Please make sure it has an appropriate `as` value and it is preloaded intentionally. @ https://mve.vivo.com.br/sec/dashboard:0
[ 6497860ms] [WARNING] The resource https://mve.vivo.com.br/assets/mve/fonts/4ef73e245c02dd8794ff.woff2 was preloaded using link preload but not used within a few seconds from the window's load event. Please make sure it has an appropriate `as` value and it is preloaded intentionally. @ https://mve.vivo.com.br/sec/dashboard:0
[ 6497860ms] [WARNING] The resource https://mve.vivo.com.br/assets/mve/fonts/53e34b29d71619d49dc1.woff2 was preloaded using link preload but not used within a few seconds from the window's load event. Please make sure it has an appropriate `as` value and it is preloaded intentionally. @ https://mve.vivo.com.br/sec/dashboard:0
[ 6497860ms] [WARNING] The resource https://mve.vivo.com.br/assets/mve/fonts/c1e074f52d2cc507b0df.woff2 was preloaded using link preload but not used within a few seconds from the window's load event. Please make sure it has an appropriate `as` value and it is preloaded intentionally. @ https://mve.vivo.com.br/sec/dashboard:0
[ 6497860ms] [WARNING] The resource https://mve.vivo.com.br/assets/mve/fonts/f594f2ba13d231e99294.woff2 was preloaded using link preload but not used within a few seconds from the window's load event. Please make sure it has an appropriate `as` value and it is preloaded intentionally. @ https://mve.vivo.com.br/sec/dashboard:0
[ 6512649ms] [WARNING] The resource https://mve.vivo.com.br/assets/mve/fonts/dbe5ac6045d66e680d93.woff2 was preloaded using link preload but not used within a few seconds from the window's load event. Please make sure it has an appropriate `as` value and it is preloaded intentionally. @ https://mve.vivo.com.br/sec/dashboard:0
[ 6512649ms] [WARNING] The resource https://mve.vivo.com.br/assets/mve/fonts/ac09edfac4ebe90e76f7.woff2?b1ckzw was preloaded using link preload but not used within a few seconds from the window's load event. Please make sure it has an appropriate `as` value and it is preloaded intentionally. @ https://mve.vivo.com.br/sec/dashboard:0
[ 6512649ms] [WARNING] The resource https://mve.vivo.com.br/assets/mve/fonts/58d821d46eb6f39ad306.woff2 was preloaded using link preload but not used within a few seconds from the window's load event. Please make sure it has an appropriate `as` value and it is preloaded intentionally. @ https://mve.vivo.com.br/sec/dashboard:0
[ 6512649ms] [WARNING] The resource https://mve.vivo.com.br/assets/mve/fonts/c0ba7690a96b0b25a53d.woff2 was preloaded using link preload but not used within a few seconds from the window's load event. Please make sure it has an appropriate `as` value and it is preloaded intentionally. @ https://mve.vivo.com.br/sec/dashboard:0
[ 6512649ms] [WARNING] The resource https://mve.vivo.com.br/assets/mve/fonts/4ef73e245c02dd8794ff.woff2 was preloaded using link preload but not used within a few seconds from the window's load event. Please make sure it has an appropriate `as` value and it is preloaded intentionally. @ https://mve.vivo.com.br/sec/dashboard:0
[ 6512649ms] [WARNING] The resource https://mve.vivo.com.br/assets/mve/fonts/53e34b29d71619d49dc1.woff2 was preloaded using link preload but not used within a few seconds from the window's load event. Please make sure it has an appropriate `as` value and it is preloaded intentionally. @ https://mve.vivo.com.br/sec/dashboard:0
[ 6512649ms] [WARNING] The resource https://mve.vivo.com.br/assets/mve/fonts/c1e074f52d2cc507b0df.woff2 was preloaded using link preload but not used within a few seconds from the window's load event. Please make sure it has an appropriate `as` value and it is preloaded intentionally. @ https://mve.vivo.com.br/sec/dashboard:0
[ 6512649ms] [WARNING] The resource https://mve.vivo.com.br/assets/mve/fonts/f594f2ba13d231e99294.woff2 was preloaded using link preload but not used within a few seconds from the window's load event. Please make sure it has an appropriate `as` value and it is preloaded intentionally. @ https://mve.vivo.com.br/sec/dashboard:0
[ 6534711ms] [WARNING] The resource https://mve.vivo.com.br/assets/mve/fonts/dbe5ac6045d66e680d93.woff2 was preloaded using link preload but not used within a few seconds from the window's load event. Please make sure it has an appropriate `as` value and it is preloaded intentionally. @ https://mve.vivo.com.br/sec/dashboard:0
[ 6534711ms] [WARNING] The resource https://mve.vivo.com.br/assets/mve/fonts/ac09edfac4ebe90e76f7.woff2?b1ckzw was preloaded using link preload but not used within a few seconds from the window's load event. Please make sure it has an appropriate `as` value and it is preloaded intentionally. @ https://mve.vivo.com.br/sec/dashboard:0
[ 6534711ms] [WARNING] The resource https://mve.vivo.com.br/assets/mve/fonts/58d821d46eb6f39ad306.woff2 was preloaded using link preload but not used within a few seconds from the window's load event. Please make sure it has an appropriate `as` value and it is preloaded intentionally. @ https://mve.vivo.com.br/sec/dashboard:0
[ 6534711ms] [WARNING] The resource https://mve.vivo.com.br/assets/mve/fonts/c0ba7690a96b0b25a53d.woff2 was preloaded using link preload but not used within a few seconds from the window's load event. Please make sure it has an appropriate `as` value and it is preloaded intentionally. @ https://mve.vivo.com.br/sec/dashboard:0
[ 6534711ms] [WARNING] The resource https://mve.vivo.com.br/assets/mve/fonts/4ef73e245c02dd8794ff.woff2 was preloaded using link preload but not used within a few seconds from the window's load event. Please make sure it has an appropriate `as` value and it is preloaded intentionally. @ https://mve.vivo.com.br/sec/dashboard:0
[ 6534711ms] [WARNING] The resource https://mve.vivo.com.br/assets/mve/fonts/53e34b29d71619d49dc1.woff2 was preloaded using link preload but not used within a few seconds from the window's load event. Please make sure it has an appropriate `as` value and it is preloaded intentionally. @ https://mve.vivo.com.br/sec/dashboard:0
[ 6534711ms] [WARNING] The resource https://mve.vivo.com.br/assets/mve/fonts/c1e074f52d2cc507b0df.woff2 was preloaded using link preload but not used within a few seconds from the window's load event. Please make sure it has an appropriate `as` value and it is preloaded intentionally. @ https://mve.vivo.com.br/sec/dashboard:0
[ 6534711ms] [WARNING] The resource https://mve.vivo.com.br/assets/mve/fonts/f594f2ba13d231e99294.woff2 was preloaded using link preload but not used within a few seconds from the window's load event. Please make sure it has an appropriate `as` value and it is preloaded intentionally. @ https://mve.vivo.com.br/sec/dashboard:0
[ 6545281ms] [WARNING] The resource https://mve.vivo.com.br/assets/mve/fonts/dbe5ac6045d66e680d93.woff2 was preloaded using link preload but not used within a few seconds from the window's load event. Please make sure it has an appropriate `as` value and it is preloaded intentionally. @ https://mve.vivo.com.br/sec/dashboard:0
[ 6545281ms] [WARNING] The resource https://mve.vivo.com.br/assets/mve/fonts/ac09edfac4ebe90e76f7.woff2?b1ckzw was preloaded using link preload but not used within a few seconds from the window's load event. Please make sure it has an appropriate `as` value and it is preloaded intentionally. @ https://mve.vivo.com.br/sec/dashboard:0
[ 6545281ms] [WARNING] The resource https://mve.vivo.com.br/assets/mve/fonts/58d821d46eb6f39ad306.woff2 was preloaded using link preload but not used within a few seconds from the window's load event. Please make sure it has an appropriate `as` value and it is preloaded intentionally. @ https://mve.vivo.com.br/sec/dashboard:0
[ 6545281ms] [WARNING] The resource https://mve.vivo.com.br/assets/mve/fonts/c0ba7690a96b0b25a53d.woff2 was preloaded using link preload but not used within a few seconds from the window's load event. Please make sure it has an appropriate `as` value and it is preloaded intentionally. @ https://mve.vivo.com.br/sec/dashboard:0
[ 6545281ms] [WARNING] The resource https://mve.vivo.com.br/assets/mve/fonts/4ef73e245c02dd8794ff.woff2 was preloaded using link preload but not used within a few seconds from the window's load event. Please make sure it has an appropriate `as` value and it is preloaded intentionally. @ https://mve.vivo.com.br/sec/dashboard:0
[ 6545281ms] [WARNING] The resource https://mve.vivo.com.br/assets/mve/fonts/53e34b29d71619d49dc1.woff2 was preloaded using link preload but not used within a few seconds from the window's load event. Please make sure it has an appropriate `as` value and it is preloaded intentionally. @ https://mve.vivo.com.br/sec/dashboard:0
[ 6545281ms] [WARNING] The resource https://mve.vivo.com.br/assets/mve/fonts/c1e074f52d2cc507b0df.woff2 was preloaded using link preload but not used within a few seconds from the window's load event. Please make sure it has an appropriate `as` value and it is preloaded intentionally. @ https://mve.vivo.com.br/sec/dashboard:0
[ 6545281ms] [WARNING] The resource https://mve.vivo.com.br/assets/mve/fonts/f594f2ba13d231e99294.woff2 was preloaded using link preload but not used within a few seconds from the window's load event. Please make sure it has an appropriate `as` value and it is preloaded intentionally. @ https://mve.vivo.com.br/sec/dashboard:0
[ 6574781ms] [WARNING] The resource https://mve.vivo.com.br/assets/mve/fonts/dbe5ac6045d66e680d93.woff2 was preloaded using link preload but not used within a few seconds from the window's load event. Please make sure it has an appropriate `as` value and it is preloaded intentionally. @ https://mve.vivo.com.br/sec/dashboard:0
[ 6574782ms] [WARNING] The resource https://mve.vivo.com.br/assets/mve/fonts/ac09edfac4ebe90e76f7.woff2?b1ckzw was preloaded using link preload but not used within a few seconds from the window's load event. Please make sure it has an appropriate `as` value and it is preloaded intentionally. @ https://mve.vivo.com.br/sec/dashboard:0
[ 6574782ms] [WARNING] The resource https://mve.vivo.com.br/assets/mve/fonts/58d821d46eb6f39ad306.woff2 was preloaded using link preload but not used within a few seconds from the window's load event. Please make sure it has an appropriate `as` value and it is preloaded intentionally. @ https://mve.vivo.com.br/sec/dashboard:0
[ 6574782ms] [WARNING] The resource https://mve.vivo.com.br/assets/mve/fonts/c0ba7690a96b0b25a53d.woff2 was preloaded using link preload but not used within a few seconds from the window's load event. Please make sure it has an appropriate `as` value and it is preloaded intentionally. @ https://mve.vivo.com.br/sec/dashboard:0
[ 6574782ms] [WARNING] The resource https://mve.vivo.com.br/assets/mve/fonts/4ef73e245c02dd8794ff.woff2 was preloaded using link preload but not used within a few seconds from the window's load event. Please make sure it has an appropriate `as` value and it is preloaded intentionally. @ https://mve.vivo.com.br/sec/dashboard:0
[ 6574782ms] [WARNING] The resource https://mve.vivo.com.br/assets/mve/fonts/53e34b29d71619d49dc1.woff2 was preloaded using link preload but not used within a few seconds from the window's load event. Please make sure it has an appropriate `as` value and it is preloaded intentionally. @ https://mve.vivo.com.br/sec/dashboard:0
[ 6574782ms] [WARNING] The resource https://mve.vivo.com.br/assets/mve/fonts/c1e074f52d2cc507b0df.woff2 was preloaded using link preload but not used within a few seconds from the window's load event. Please make sure it has an appropriate `as` value and it is preloaded intentionally. @ https://mve.vivo.com.br/sec/dashboard:0
[ 6574782ms] [WARNING] The resource https://mve.vivo.com.br/assets/mve/fonts/f594f2ba13d231e99294.woff2 was preloaded using link preload but not used within a few seconds from the window's load event. Please make sure it has an appropriate `as` value and it is preloaded intentionally. @ https://mve.vivo.com.br/sec/dashboard:0
[ 6591599ms] [WARNING] The resource https://mve.vivo.com.br/assets/mve/fonts/dbe5ac6045d66e680d93.woff2 was preloaded using link preload but not used within a few seconds from the window's load event. Please make sure it has an appropriate `as` value and it is preloaded intentionally. @ https://mve.vivo.com.br/sec/dashboard:0
[ 6591599ms] [WARNING] The resource https://mve.vivo.com.br/assets/mve/fonts/ac09edfac4ebe90e76f7.woff2?b1ckzw was preloaded using link preload but not used within a few seconds from the window's load event. Please make sure it has an appropriate `as` value and it is preloaded intentionally. @ https://mve.vivo.com.br/sec/dashboard:0
[ 6591599ms] [WARNING] The resource https://mve.vivo.com.br/assets/mve/fonts/58d821d46eb6f39ad306.woff2 was preloaded using link preload but not used within a few seconds from the window's load event. Please make sure it has an appropriate `as` value and it is preloaded intentionally. @ https://mve.vivo.com.br/sec/dashboard:0
[ 6591599ms] [WARNING] The resource https://mve.vivo.com.br/assets/mve/fonts/c0ba7690a96b0b25a53d.woff2 was preloaded using link preload but not used within a few seconds from the window's load event. Please make sure it has an appropriate `as` value and it is preloaded intentionally. @ https://mve.vivo.com.br/sec/dashboard:0
[ 6591599ms] [WARNING] The resource https://mve.vivo.com.br/assets/mve/fonts/4ef73e245c02dd8794ff.woff2 was preloaded using link preload but not used within a few seconds from the window's load event. Please make sure it has an appropriate `as` value and it is preloaded intentionally. @ https://mve.vivo.com.br/sec/dashboard:0
[ 6591599ms] [WARNING] The resource https://mve.vivo.com.br/assets/mve/fonts/53e34b29d71619d49dc1.woff2 was preloaded using link preload but not used within a few seconds from the window's load event. Please make sure it has an appropriate `as` value and it is preloaded intentionally. @ https://mve.vivo.com.br/sec/dashboard:0
[ 6591599ms] [WARNING] The resource https://mve.vivo.com.br/assets/mve/fonts/c1e074f52d2cc507b0df.woff2 was preloaded using link preload but not used within a few seconds from the window's load event. Please make sure it has an appropriate `as` value and it is preloaded intentionally. @ https://mve.vivo.com.br/sec/dashboard:0
[ 6591599ms] [WARNING] The resource https://mve.vivo.com.br/assets/mve/fonts/f594f2ba13d231e99294.woff2 was preloaded using link preload but not used within a few seconds from the window's load event. Please make sure it has an appropriate `as` value and it is preloaded intentionally. @ https://mve.vivo.com.br/sec/dashboard:0
[ 6594842ms] [WARNING] The resource https://mve.vivo.com.br/assets/mve/fonts/dbe5ac6045d66e680d93.woff2 was preloaded using link preload but not used within a few seconds from the window's load event. Please make sure it has an appropriate `as` value and it is preloaded intentionally. @ https://mve.vivo.com.br/sec/dashboard:0
[ 6594842ms] [WARNING] The resource https://mve.vivo.com.br/assets/mve/fonts/ac09edfac4ebe90e76f7.woff2?b1ckzw was preloaded using link preload but not used within a few seconds from the window's load event. Please make sure it has an appropriate `as` value and it is preloaded intentionally. @ https://mve.vivo.com.br/sec/dashboard:0
[ 6594842ms] [WARNING] The resource https://mve.vivo.com.br/assets/mve/fonts/58d821d46eb6f39ad306.woff2 was preloaded using link preload but not used within a few seconds from the window's load event. Please make sure it has an appropriate `as` value and it is preloaded intentionally. @ https://mve.vivo.com.br/sec/dashboard:0
[ 6594842ms] [WARNING] The resource https://mve.vivo.com.br/assets/mve/fonts/c0ba7690a96b0b25a53d.woff2 was preloaded using link preload but not used within a few seconds from the window's load event. Please make sure it has an appropriate `as` value and it is preloaded intentionally. @ https://mve.vivo.com.br/sec/dashboard:0
[ 6594842ms] [WARNING] The resource https://mve.vivo.com.br/assets/mve/fonts/4ef73e245c02dd8794ff.woff2 was preloaded using link preload but not used within a few seconds from the window's load event. Please make sure it has an appropriate `as` value and it is preloaded intentionally. @ https://mve.vivo.com.br/sec/dashboard:0
[ 6594842ms] [WARNING] The resource https://mve.vivo.com.br/assets/mve/fonts/53e34b29d71619d49dc1.woff2 was preloaded using link preload but not used within a few seconds from the window's load event. Please make sure it has an appropriate `as` value and it is preloaded intentionally. @ https://mve.vivo.com.br/sec/dashboard:0
[ 6594842ms] [WARNING] The resource https://mve.vivo.com.br/assets/mve/fonts/c1e074f52d2cc507b0df.woff2 was preloaded using link preload but not used within a few seconds from the window's load event. Please make sure it has an appropriate `as` value and it is preloaded intentionally. @ https://mve.vivo.com.br/sec/dashboard:0
[ 6594842ms] [WARNING] The resource https://mve.vivo.com.br/assets/mve/fonts/f594f2ba13d231e99294.woff2 was preloaded using link preload but not used within a few seconds from the window's load event. Please make sure it has an appropriate `as` value and it is preloaded intentionally. @ https://mve.vivo.com.br/sec/dashboard:0
[ 6605480ms] [WARNING] The resource https://mve.vivo.com.br/assets/mve/fonts/dbe5ac6045d66e680d93.woff2 was preloaded using link preload but not used within a few seconds from the window's load event. Please make sure it has an appropriate `as` value and it is preloaded intentionally. @ https://mve.vivo.com.br/sec/dashboard:0
[ 6605481ms] [WARNING] The resource https://mve.vivo.com.br/assets/mve/fonts/ac09edfac4ebe90e76f7.woff2?b1ckzw was preloaded using link preload but not used within a few seconds from the window's load event. Please make sure it has an appropriate `as` value and it is preloaded intentionally. @ https://mve.vivo.com.br/sec/dashboard:0
[ 6605481ms] [WARNING] The resource https://mve.vivo.com.br/assets/mve/fonts/58d821d46eb6f39ad306.woff2 was preloaded using link preload but not used within a few seconds from the window's load event. Please make sure it has an appropriate `as` value and it is preloaded intentionally. @ https://mve.vivo.com.br/sec/dashboard:0
[ 6605481ms] [WARNING] The resource https://mve.vivo.com.br/assets/mve/fonts/c0ba7690a96b0b25a53d.woff2 was preloaded using link preload but not used within a few seconds from the window's load event. Please make sure it has an appropriate `as` value and it is preloaded intentionally. @ https://mve.vivo.com.br/sec/dashboard:0
[ 6605481ms] [WARNING] The resource https://mve.vivo.com.br/assets/mve/fonts/4ef73e245c02dd8794ff.woff2 was preloaded using link preload but not used within a few seconds from the window's load event. Please make sure it has an appropriate `as` value and it is preloaded intentionally. @ https://mve.vivo.com.br/sec/dashboard:0
[ 6605481ms] [WARNING] The resource https://mve.vivo.com.br/assets/mve/fonts/53e34b29d71619d49dc1.woff2 was preloaded using link preload but not used within a few seconds from the window's load event. Please make sure it has an appropriate `as` value and it is preloaded intentionally. @ https://mve.vivo.com.br/sec/dashboard:0
[ 6605481ms] [WARNING] The resource https://mve.vivo.com.br/assets/mve/fonts/c1e074f52d2cc507b0df.woff2 was preloaded using link preload but not used within a few seconds from the window's load event. Please make sure it has an appropriate `as` value and it is preloaded intentionally. @ https://mve.vivo.com.br/sec/dashboard:0
[ 6605481ms] [WARNING] The resource https://mve.vivo.com.br/assets/mve/fonts/f594f2ba13d231e99294.woff2 was preloaded using link preload but not used within a few seconds from the window's load event. Please make sure it has an appropriate `as` value and it is preloaded intentionally. @ https://mve.vivo.com.br/sec/dashboard:0
[ 6639163ms] [WARNING] The resource https://mve.vivo.com.br/assets/mve/fonts/dbe5ac6045d66e680d93.woff2 was preloaded using link preload but not used within a few seconds from the window's load event. Please make sure it has an appropriate `as` value and it is preloaded intentionally. @ https://mve.vivo.com.br/sec/dashboard:0
[ 6639163ms] [WARNING] The resource https://mve.vivo.com.br/assets/mve/fonts/ac09edfac4ebe90e76f7.woff2?b1ckzw was preloaded using link preload but not used within a few seconds from the window's load event. Please make sure it has an appropriate `as` value and it is preloaded intentionally. @ https://mve.vivo.com.br/sec/dashboard:0
[ 6639163ms] [WARNING] The resource https://mve.vivo.com.br/assets/mve/fonts/58d821d46eb6f39ad306.woff2 was preloaded using link preload but not used within a few seconds from the window's load event. Please make sure it has an appropriate `as` value and it is preloaded intentionally. @ https://mve.vivo.com.br/sec/dashboard:0
[ 6639164ms] [WARNING] The resource https://mve.vivo.com.br/assets/mve/fonts/c0ba7690a96b0b25a53d.woff2 was preloaded using link preload but not used within a few seconds from the window's load event. Please make sure it has an appropriate `as` value and it is preloaded intentionally. @ https://mve.vivo.com.br/sec/dashboard:0
[ 6639164ms] [WARNING] The resource https://mve.vivo.com.br/assets/mve/fonts/4ef73e245c02dd8794ff.woff2 was preloaded using link preload but not used within a few seconds from the window's load event. Please make sure it has an appropriate `as` value and it is preloaded intentionally. @ https://mve.vivo.com.br/sec/dashboard:0
[ 6639164ms] [WARNING] The resource https://mve.vivo.com.br/assets/mve/fonts/53e34b29d71619d49dc1.woff2 was preloaded using link preload but not used within a few seconds from the window's load event. Please make sure it has an appropriate `as` value and it is preloaded intentionally. @ https://mve.vivo.com.br/sec/dashboard:0
[ 6639164ms] [WARNING] The resource https://mve.vivo.com.br/assets/mve/fonts/c1e074f52d2cc507b0df.woff2 was preloaded using link preload but not used within a few seconds from the window's load event. Please make sure it has an appropriate `as` value and it is preloaded intentionally. @ https://mve.vivo.com.br/sec/dashboard:0
[ 6639164ms] [WARNING] The resource https://mve.vivo.com.br/assets/mve/fonts/f594f2ba13d231e99294.woff2 was preloaded using link preload but not used within a few seconds from the window's load event. Please make sure it has an appropriate `as` value and it is preloaded intentionally. @ https://mve.vivo.com.br/sec/dashboard:0
[ 6654935ms] [WARNING] The resource https://mve.vivo.com.br/assets/mve/fonts/dbe5ac6045d66e680d93.woff2 was preloaded using link preload but not used within a few seconds from the window's load event. Please make sure it has an appropriate `as` value and it is preloaded intentionally. @ https://mve.vivo.com.br/sec/dashboard:0
[ 6654936ms] [WARNING] The resource https://mve.vivo.com.br/assets/mve/fonts/ac09edfac4ebe90e76f7.woff2?b1ckzw was preloaded using link preload but not used within a few seconds from the window's load event. Please make sure it has an appropriate `as` value and it is preloaded intentionally. @ https://mve.vivo.com.br/sec/dashboard:0
[ 6654936ms] [WARNING] The resource https://mve.vivo.com.br/assets/mve/fonts/58d821d46eb6f39ad306.woff2 was preloaded using link preload but not used within a few seconds from the window's load event. Please make sure it has an appropriate `as` value and it is preloaded intentionally. @ https://mve.vivo.com.br/sec/dashboard:0
[ 6654936ms] [WARNING] The resource https://mve.vivo.com.br/assets/mve/fonts/c0ba7690a96b0b25a53d.woff2 was preloaded using link preload but not used within a few seconds from the window's load event. Please make sure it has an appropriate `as` value and it is preloaded intentionally. @ https://mve.vivo.com.br/sec/dashboard:0
[ 6654936ms] [WARNING] The resource https://mve.vivo.com.br/assets/mve/fonts/4ef73e245c02dd8794ff.woff2 was preloaded using link preload but not used within a few seconds from the window's load event. Please make sure it has an appropriate `as` value and it is preloaded intentionally. @ https://mve.vivo.com.br/sec/dashboard:0
[ 6654936ms] [WARNING] The resource https://mve.vivo.com.br/assets/mve/fonts/53e34b29d71619d49dc1.woff2 was preloaded using link preload but not used within a few seconds from the window's load event. Please make sure it has an appropriate `as` value and it is preloaded intentionally. @ https://mve.vivo.com.br/sec/dashboard:0
[ 6654936ms] [WARNING] The resource https://mve.vivo.com.br/assets/mve/fonts/c1e074f52d2cc507b0df.woff2 was preloaded using link preload but not used within a few seconds from the window's load event. Please make sure it has an appropriate `as` value and it is preloaded intentionally. @ https://mve.vivo.com.br/sec/dashboard:0
[ 6654936ms] [WARNING] The resource https://mve.vivo.com.br/assets/mve/fonts/f594f2ba13d231e99294.woff2 was preloaded using link preload but not used within a few seconds from the window's load event. Please make sure it has an appropriate `as` value and it is preloaded intentionally. @ https://mve.vivo.com.br/sec/dashboard:0
[ 6668129ms] [WARNING] The resource https://mve.vivo.com.br/assets/mve/fonts/dbe5ac6045d66e680d93.woff2 was preloaded using link preload but not used within a few seconds from the window's load event. Please make sure it has an appropriate `as` value and it is preloaded intentionally. @ https://mve.vivo.com.br/sec/dashboard:0
[ 6668129ms] [WARNING] The resource https://mve.vivo.com.br/assets/mve/fonts/ac09edfac4ebe90e76f7.woff2?b1ckzw was preloaded using link preload but not used within a few seconds from the window's load event. Please make sure it has an appropriate `as` value and it is preloaded intentionally. @ https://mve.vivo.com.br/sec/dashboard:0
[ 6668129ms] [WARNING] The resource https://mve.vivo.com.br/assets/mve/fonts/58d821d46eb6f39ad306.woff2 was preloaded using link preload but not used within a few seconds from the window's load event. Please make sure it has an appropriate `as` value and it is preloaded intentionally. @ https://mve.vivo.com.br/sec/dashboard:0
[ 6668129ms] [WARNING] The resource https://mve.vivo.com.br/assets/mve/fonts/c0ba7690a96b0b25a53d.woff2 was preloaded using link preload but not used within a few seconds from the window's load event. Please make sure it has an appropriate `as` value and it is preloaded intentionally. @ https://mve.vivo.com.br/sec/dashboard:0
[ 6668129ms] [WARNING] The resource https://mve.vivo.com.br/assets/mve/fonts/4ef73e245c02dd8794ff.woff2 was preloaded using link preload but not used within a few seconds from the window's load event. Please make sure it has an appropriate `as` value and it is preloaded intentionally. @ https://mve.vivo.com.br/sec/dashboard:0
[ 6668129ms] [WARNING] The resource https://mve.vivo.com.br/assets/mve/fonts/53e34b29d71619d49dc1.woff2 was preloaded using link preload but not used within a few seconds from the window's load event. Please make sure it has an appropriate `as` value and it is preloaded intentionally. @ https://mve.vivo.com.br/sec/dashboard:0
[ 6668129ms] [WARNING] The resource https://mve.vivo.com.br/assets/mve/fonts/c1e074f52d2cc507b0df.woff2 was preloaded using link preload but not used within a few seconds from the window's load event. Please make sure it has an appropriate `as` value and it is preloaded intentionally. @ https://mve.vivo.com.br/sec/dashboard:0
[ 6668129ms] [WARNING] The resource https://mve.vivo.com.br/assets/mve/fonts/f594f2ba13d231e99294.woff2 was preloaded using link preload but not used within a few seconds from the window's load event. Please make sure it has an appropriate `as` value and it is preloaded intentionally. @ https://mve.vivo.com.br/sec/dashboard:0
[ 6700561ms] [WARNING] The resource https://mve.vivo.com.br/assets/mve/fonts/dbe5ac6045d66e680d93.woff2 was preloaded using link preload but not used within a few seconds from the window's load event. Please make sure it has an appropriate `as` value and it is preloaded intentionally. @ https://mve.vivo.com.br/sec/dashboard:0
[ 6700562ms] [WARNING] The resource https://mve.vivo.com.br/assets/mve/fonts/ac09edfac4ebe90e76f7.woff2?b1ckzw was preloaded using link preload but not used within a few seconds from the window's load event. Please make sure it has an appropriate `as` value and it is preloaded intentionally. @ https://mve.vivo.com.br/sec/dashboard:0
[ 6700562ms] [WARNING] The resource https://mve.vivo.com.br/assets/mve/fonts/58d821d46eb6f39ad306.woff2 was preloaded using link preload but not used within a few seconds from the window's load event. Please make sure it has an appropriate `as` value and it is preloaded intentionally. @ https://mve.vivo.com.br/sec/dashboard:0
[ 6700562ms] [WARNING] The resource https://mve.vivo.com.br/assets/mve/fonts/c0ba7690a96b0b25a53d.woff2 was preloaded using link preload but not used within a few seconds from the window's load event. Please make sure it has an appropriate `as` value and it is preloaded intentionally. @ https://mve.vivo.com.br/sec/dashboard:0
[ 6700562ms] [WARNING] The resource https://mve.vivo.com.br/assets/mve/fonts/4ef73e245c02dd8794ff.woff2 was preloaded using link preload but not used within a few seconds from the window's load event. Please make sure it has an appropriate `as` value and it is preloaded intentionally. @ https://mve.vivo.com.br/sec/dashboard:0
[ 6700562ms] [WARNING] The resource https://mve.vivo.com.br/assets/mve/fonts/53e34b29d71619d49dc1.woff2 was preloaded using link preload but not used within a few seconds from the window's load event. Please make sure it has an appropriate `as` value and it is preloaded intentionally. @ https://mve.vivo.com.br/sec/dashboard:0
[ 6700562ms] [WARNING] The resource https://mve.vivo.com.br/assets/mve/fonts/c1e074f52d2cc507b0df.woff2 was preloaded using link preload but not used within a few seconds from the window's load event. Please make sure it has an appropriate `as` value and it is preloaded intentionally. @ https://mve.vivo.com.br/sec/dashboard:0
[ 6700562ms] [WARNING] The resource https://mve.vivo.com.br/assets/mve/fonts/f594f2ba13d231e99294.woff2 was preloaded using link preload but not used within a few seconds from the window's load event. Please make sure it has an appropriate `as` value and it is preloaded intentionally. @ https://mve.vivo.com.br/sec/dashboard:0
[ 6715045ms] [WARNING] The resource https://mve.vivo.com.br/assets/mve/fonts/dbe5ac6045d66e680d93.woff2 was preloaded using link preload but not used within a few seconds from the window's load event. Please make sure it has an appropriate `as` value and it is preloaded intentionally. @ https://mve.vivo.com.br/sec/dashboard:0
[ 6715045ms] [WARNING] The resource https://mve.vivo.com.br/assets/mve/fonts/ac09edfac4ebe90e76f7.woff2?b1ckzw was preloaded using link preload but not used within a few seconds from the window's load event. Please make sure it has an appropriate `as` value and it is preloaded intentionally. @ https://mve.vivo.com.br/sec/dashboard:0
[ 6715045ms] [WARNING] The resource https://mve.vivo.com.br/assets/mve/fonts/58d821d46eb6f39ad306.woff2 was preloaded using link preload but not used within a few seconds from the window's load event. Please make sure it has an appropriate `as` value and it is preloaded intentionally. @ https://mve.vivo.com.br/sec/dashboard:0
[ 6715045ms] [WARNING] The resource https://mve.vivo.com.br/assets/mve/fonts/c0ba7690a96b0b25a53d.woff2 was preloaded using link preload but not used within a few seconds from the window's load event. Please make sure it has an appropriate `as` value and it is preloaded intentionally. @ https://mve.vivo.com.br/sec/dashboard:0
[ 6715045ms] [WARNING] The resource https://mve.vivo.com.br/assets/mve/fonts/4ef73e245c02dd8794ff.woff2 was preloaded using link preload but not used within a few seconds from the window's load event. Please make sure it has an appropriate `as` value and it is preloaded intentionally. @ https://mve.vivo.com.br/sec/dashboard:0
[ 6715045ms] [WARNING] The resource https://mve.vivo.com.br/assets/mve/fonts/53e34b29d71619d49dc1.woff2 was preloaded using link preload but not used within a few seconds from the window's load event. Please make sure it has an appropriate `as` value and it is preloaded intentionally. @ https://mve.vivo.com.br/sec/dashboard:0
[ 6715045ms] [WARNING] The resource https://mve.vivo.com.br/assets/mve/fonts/c1e074f52d2cc507b0df.woff2 was preloaded using link preload but not used within a few seconds from the window's load event. Please make sure it has an appropriate `as` value and it is preloaded intentionally. @ https://mve.vivo.com.br/sec/dashboard:0
[ 6715045ms] [WARNING] The resource https://mve.vivo.com.br/assets/mve/fonts/f594f2ba13d231e99294.woff2 was preloaded using link preload but not used within a few seconds from the window's load event. Please make sure it has an appropriate `as` value and it is preloaded intentionally. @ https://mve.vivo.com.br/sec/dashboard:0
[ 6730229ms] [WARNING] The resource https://mve.vivo.com.br/assets/mve/fonts/dbe5ac6045d66e680d93.woff2 was preloaded using link preload but not used within a few seconds from the window's load event. Please make sure it has an appropriate `as` value and it is preloaded intentionally. @ https://mve.vivo.com.br/sec/dashboard:0
[ 6730229ms] [WARNING] The resource https://mve.vivo.com.br/assets/mve/fonts/ac09edfac4ebe90e76f7.woff2?b1ckzw was preloaded using link preload but not used within a few seconds from the window's load event. Please make sure it has an appropriate `as` value and it is preloaded intentionally. @ https://mve.vivo.com.br/sec/dashboard:0
[ 6730229ms] [WARNING] The resource https://mve.vivo.com.br/assets/mve/fonts/58d821d46eb6f39ad306.woff2 was preloaded using link preload but not used within a few seconds from the window's load event. Please make sure it has an appropriate `as` value and it is preloaded intentionally. @ https://mve.vivo.com.br/sec/dashboard:0
[ 6730229ms] [WARNING] The resource https://mve.vivo.com.br/assets/mve/fonts/c0ba7690a96b0b25a53d.woff2 was preloaded using link preload but not used within a few seconds from the window's load event. Please make sure it has an appropriate `as` value and it is preloaded intentionally. @ https://mve.vivo.com.br/sec/dashboard:0
[ 6730229ms] [WARNING] The resource https://mve.vivo.com.br/assets/mve/fonts/4ef73e245c02dd8794ff.woff2 was preloaded using link preload but not used within a few seconds from the window's load event. Please make sure it has an appropriate `as` value and it is preloaded intentionally. @ https://mve.vivo.com.br/sec/dashboard:0
[ 6730229ms] [WARNING] The resource https://mve.vivo.com.br/assets/mve/fonts/53e34b29d71619d49dc1.woff2 was preloaded using link preload but not used within a few seconds from the window's load event. Please make sure it has an appropriate `as` value and it is preloaded intentionally. @ https://mve.vivo.com.br/sec/dashboard:0
[ 6730229ms] [WARNING] The resource https://mve.vivo.com.br/assets/mve/fonts/c1e074f52d2cc507b0df.woff2 was preloaded using link preload but not used within a few seconds from the window's load event. Please make sure it has an appropriate `as` value and it is preloaded intentionally. @ https://mve.vivo.com.br/sec/dashboard:0
[ 6730229ms] [WARNING] The resource https://mve.vivo.com.br/assets/mve/fonts/f594f2ba13d231e99294.woff2 was preloaded using link preload but not used within a few seconds from the window's load event. Please make sure it has an appropriate `as` value and it is preloaded intentionally. @ https://mve.vivo.com.br/sec/dashboard:0
[ 6746895ms] [WARNING] The resource https://mve.vivo.com.br/assets/mve/fonts/dbe5ac6045d66e680d93.woff2 was preloaded using link preload but not used within a few seconds from the window's load event. Please make sure it has an appropriate `as` value and it is preloaded intentionally. @ https://mve.vivo.com.br/sec/dashboard:0
[ 6746895ms] [WARNING] The resource https://mve.vivo.com.br/assets/mve/fonts/ac09edfac4ebe90e76f7.woff2?b1ckzw was preloaded using link preload but not used within a few seconds from the window's load event. Please make sure it has an appropriate `as` value and it is preloaded intentionally. @ https://mve.vivo.com.br/sec/dashboard:0
[ 6746895ms] [WARNING] The resource https://mve.vivo.com.br/assets/mve/fonts/58d821d46eb6f39ad306.woff2 was preloaded using link preload but not used within a few seconds from the window's load event. Please make sure it has an appropriate `as` value and it is preloaded intentionally. @ https://mve.vivo.com.br/sec/dashboard:0
[ 6746895ms] [WARNING] The resource https://mve.vivo.com.br/assets/mve/fonts/c0ba7690a96b0b25a53d.woff2 was preloaded using link preload but not used within a few seconds from the window's load event. Please make sure it has an appropriate `as` value and it is preloaded intentionally. @ https://mve.vivo.com.br/sec/dashboard:0
[ 6746895ms] [WARNING] The resource https://mve.vivo.com.br/assets/mve/fonts/4ef73e245c02dd8794ff.woff2 was preloaded using link preload but not used within a few seconds from the window's load event. Please make sure it has an appropriate `as` value and it is preloaded intentionally. @ https://mve.vivo.com.br/sec/dashboard:0
[ 6746895ms] [WARNING] The resource https://mve.vivo.com.br/assets/mve/fonts/53e34b29d71619d49dc1.woff2 was preloaded using link preload but not used within a few seconds from the window's load event. Please make sure it has an appropriate `as` value and it is preloaded intentionally. @ https://mve.vivo.com.br/sec/dashboard:0
[ 6746895ms] [WARNING] The resource https://mve.vivo.com.br/assets/mve/fonts/c1e074f52d2cc507b0df.woff2 was preloaded using link preload but not used within a few seconds from the window's load event. Please make sure it has an appropriate `as` value and it is preloaded intentionally. @ https://mve.vivo.com.br/sec/dashboard:0
[ 6746895ms] [WARNING] The resource https://mve.vivo.com.br/assets/mve/fonts/f594f2ba13d231e99294.woff2 was preloaded using link preload but not used within a few seconds from the window's load event. Please make sure it has an appropriate `as` value and it is preloaded intentionally. @ https://mve.vivo.com.br/sec/dashboard:0
[ 6760952ms] [WARNING] The resource https://mve.vivo.com.br/assets/mve/fonts/dbe5ac6045d66e680d93.woff2 was preloaded using link preload but not used within a few seconds from the window's load event. Please make sure it has an appropriate `as` value and it is preloaded intentionally. @ https://mve.vivo.com.br/sec/dashboard:0
[ 6760952ms] [WARNING] The resource https://mve.vivo.com.br/assets/mve/fonts/ac09edfac4ebe90e76f7.woff2?b1ckzw was preloaded using link preload but not used within a few seconds from the window's load event. Please make sure it has an appropriate `as` value and it is preloaded intentionally. @ https://mve.vivo.com.br/sec/dashboard:0
[ 6760952ms] [WARNING] The resource https://mve.vivo.com.br/assets/mve/fonts/58d821d46eb6f39ad306.woff2 was preloaded using link preload but not used within a few seconds from the window's load event. Please make sure it has an appropriate `as` value and it is preloaded intentionally. @ https://mve.vivo.com.br/sec/dashboard:0
[ 6760952ms] [WARNING] The resource https://mve.vivo.com.br/assets/mve/fonts/c0ba7690a96b0b25a53d.woff2 was preloaded using link preload but not used within a few seconds from the window's load event. Please make sure it has an appropriate `as` value and it is preloaded intentionally. @ https://mve.vivo.com.br/sec/dashboard:0
[ 6760952ms] [WARNING] The resource https://mve.vivo.com.br/assets/mve/fonts/4ef73e245c02dd8794ff.woff2 was preloaded using link preload but not used within a few seconds from the window's load event. Please make sure it has an appropriate `as` value and it is preloaded intentionally. @ https://mve.vivo.com.br/sec/dashboard:0
[ 6760952ms] [WARNING] The resource https://mve.vivo.com.br/assets/mve/fonts/53e34b29d71619d49dc1.woff2 was preloaded using link preload but not used within a few seconds from the window's load event. Please make sure it has an appropriate `as` value and it is preloaded intentionally. @ https://mve.vivo.com.br/sec/dashboard:0
[ 6760952ms] [WARNING] The resource https://mve.vivo.com.br/assets/mve/fonts/c1e074f52d2cc507b0df.woff2 was preloaded using link preload but not used within a few seconds from the window's load event. Please make sure it has an appropriate `as` value and it is preloaded intentionally. @ https://mve.vivo.com.br/sec/dashboard:0
[ 6760952ms] [WARNING] The resource https://mve.vivo.com.br/assets/mve/fonts/f594f2ba13d231e99294.woff2 was preloaded using link preload but not used within a few seconds from the window's load event. Please make sure it has an appropriate `as` value and it is preloaded intentionally. @ https://mve.vivo.com.br/sec/dashboard:0
[ 6775162ms] [WARNING] The resource https://mve.vivo.com.br/assets/mve/fonts/dbe5ac6045d66e680d93.woff2 was preloaded using link preload but not used within a few seconds from the window's load event. Please make sure it has an appropriate `as` value and it is preloaded intentionally. @ https://mve.vivo.com.br/sec/dashboard:0
[ 6775162ms] [WARNING] The resource https://mve.vivo.com.br/assets/mve/fonts/ac09edfac4ebe90e76f7.woff2?b1ckzw was preloaded using link preload but not used within a few seconds from the window's load event. Please make sure it has an appropriate `as` value and it is preloaded intentionally. @ https://mve.vivo.com.br/sec/dashboard:0
[ 6775162ms] [WARNING] The resource https://mve.vivo.com.br/assets/mve/fonts/58d821d46eb6f39ad306.woff2 was preloaded using link preload but not used within a few seconds from the window's load event. Please make sure it has an appropriate `as` value and it is preloaded intentionally. @ https://mve.vivo.com.br/sec/dashboard:0
[ 6775162ms] [WARNING] The resource https://mve.vivo.com.br/assets/mve/fonts/c0ba7690a96b0b25a53d.woff2 was preloaded using link preload but not used within a few seconds from the window's load event. Please make sure it has an appropriate `as` value and it is preloaded intentionally. @ https://mve.vivo.com.br/sec/dashboard:0
[ 6775162ms] [WARNING] The resource https://mve.vivo.com.br/assets/mve/fonts/4ef73e245c02dd8794ff.woff2 was preloaded using link preload but not used within a few seconds from the window's load event. Please make sure it has an appropriate `as` value and it is preloaded intentionally. @ https://mve.vivo.com.br/sec/dashboard:0
[ 6775162ms] [WARNING] The resource https://mve.vivo.com.br/assets/mve/fonts/53e34b29d71619d49dc1.woff2 was preloaded using link preload but not used within a few seconds from the window's load event. Please make sure it has an appropriate `as` value and it is preloaded intentionally. @ https://mve.vivo.com.br/sec/dashboard:0
[ 6775162ms] [WARNING] The resource https://mve.vivo.com.br/assets/mve/fonts/c1e074f52d2cc507b0df.woff2 was preloaded using link preload but not used within a few seconds from the window's load event. Please make sure it has an appropriate `as` value and it is preloaded intentionally. @ https://mve.vivo.com.br/sec/dashboard:0
[ 6775162ms] [WARNING] The resource https://mve.vivo.com.br/assets/mve/fonts/f594f2ba13d231e99294.woff2 was preloaded using link preload but not used within a few seconds from the window's load event. Please make sure it has an appropriate `as` value and it is preloaded intentionally. @ https://mve.vivo.com.br/sec/dashboard:0
[ 6794432ms] [WARNING] The resource https://mve.vivo.com.br/assets/mve/fonts/dbe5ac6045d66e680d93.woff2 was preloaded using link preload but not used within a few seconds from the window's load event. Please make sure it has an appropriate `as` value and it is preloaded intentionally. @ https://mve.vivo.com.br/sec/dashboard:0
[ 6794432ms] [WARNING] The resource https://mve.vivo.com.br/assets/mve/fonts/ac09edfac4ebe90e76f7.woff2?b1ckzw was preloaded using link preload but not used within a few seconds from the window's load event. Please make sure it has an appropriate `as` value and it is preloaded intentionally. @ https://mve.vivo.com.br/sec/dashboard:0
[ 6794432ms] [WARNING] The resource https://mve.vivo.com.br/assets/mve/fonts/58d821d46eb6f39ad306.woff2 was preloaded using link preload but not used within a few seconds from the window's load event. Please make sure it has an appropriate `as` value and it is preloaded intentionally. @ https://mve.vivo.com.br/sec/dashboard:0
[ 6794432ms] [WARNING] The resource https://mve.vivo.com.br/assets/mve/fonts/c0ba7690a96b0b25a53d.woff2 was preloaded using link preload but not used within a few seconds from the window's load event. Please make sure it has an appropriate `as` value and it is preloaded intentionally. @ https://mve.vivo.com.br/sec/dashboard:0
[ 6794433ms] [WARNING] The resource https://mve.vivo.com.br/assets/mve/fonts/4ef73e245c02dd8794ff.woff2 was preloaded using link preload but not used within a few seconds from the window's load event. Please make sure it has an appropriate `as` value and it is preloaded intentionally. @ https://mve.vivo.com.br/sec/dashboard:0
[ 6794433ms] [WARNING] The resource https://mve.vivo.com.br/assets/mve/fonts/53e34b29d71619d49dc1.woff2 was preloaded using link preload but not used within a few seconds from the window's load event. Please make sure it has an appropriate `as` value and it is preloaded intentionally. @ https://mve.vivo.com.br/sec/dashboard:0
[ 6794433ms] [WARNING] The resource https://mve.vivo.com.br/assets/mve/fonts/c1e074f52d2cc507b0df.woff2 was preloaded using link preload but not used within a few seconds from the window's load event. Please make sure it has an appropriate `as` value and it is preloaded intentionally. @ https://mve.vivo.com.br/sec/dashboard:0
[ 6794433ms] [WARNING] The resource https://mve.vivo.com.br/assets/mve/fonts/f594f2ba13d231e99294.woff2 was preloaded using link preload but not used within a few seconds from the window's load event. Please make sure it has an appropriate `as` value and it is preloaded intentionally. @ https://mve.vivo.com.br/sec/dashboard:0
[ 6823712ms] [WARNING] The resource https://mve.vivo.com.br/assets/mve/fonts/dbe5ac6045d66e680d93.woff2 was preloaded using link preload but not used within a few seconds from the window's load event. Please make sure it has an appropriate `as` value and it is preloaded intentionally. @ https://mve.vivo.com.br/sec/dashboard:0
[ 6823712ms] [WARNING] The resource https://mve.vivo.com.br/assets/mve/fonts/ac09edfac4ebe90e76f7.woff2?b1ckzw was preloaded using link preload but not used within a few seconds from the window's load event. Please make sure it has an appropriate `as` value and it is preloaded intentionally. @ https://mve.vivo.com.br/sec/dashboard:0
[ 6823712ms] [WARNING] The resource https://mve.vivo.com.br/assets/mve/fonts/58d821d46eb6f39ad306.woff2 was preloaded using link preload but not used within a few seconds from the window's load event. Please make sure it has an appropriate `as` value and it is preloaded intentionally. @ https://mve.vivo.com.br/sec/dashboard:0
[ 6823712ms] [WARNING] The resource https://mve.vivo.com.br/assets/mve/fonts/c0ba7690a96b0b25a53d.woff2 was preloaded using link preload but not used within a few seconds from the window's load event. Please make sure it has an appropriate `as` value and it is preloaded intentionally. @ https://mve.vivo.com.br/sec/dashboard:0
[ 6823712ms] [WARNING] The resource https://mve.vivo.com.br/assets/mve/fonts/4ef73e245c02dd8794ff.woff2 was preloaded using link preload but not used within a few seconds from the window's load event. Please make sure it has an appropriate `as` value and it is preloaded intentionally. @ https://mve.vivo.com.br/sec/dashboard:0
[ 6823712ms] [WARNING] The resource https://mve.vivo.com.br/assets/mve/fonts/53e34b29d71619d49dc1.woff2 was preloaded using link preload but not used within a few seconds from the window's load event. Please make sure it has an appropriate `as` value and it is preloaded intentionally. @ https://mve.vivo.com.br/sec/dashboard:0
[ 6823712ms] [WARNING] The resource https://mve.vivo.com.br/assets/mve/fonts/c1e074f52d2cc507b0df.woff2 was preloaded using link preload but not used within a few seconds from the window's load event. Please make sure it has an appropriate `as` value and it is preloaded intentionally. @ https://mve.vivo.com.br/sec/dashboard:0
[ 6823712ms] [WARNING] The resource https://mve.vivo.com.br/assets/mve/fonts/f594f2ba13d231e99294.woff2 was preloaded using link preload but not used within a few seconds from the window's load event. Please make sure it has an appropriate `as` value and it is preloaded intentionally. @ https://mve.vivo.com.br/sec/dashboard:0
[ 6835227ms] [WARNING] The resource https://mve.vivo.com.br/assets/mve/fonts/dbe5ac6045d66e680d93.woff2 was preloaded using link preload but not used within a few seconds from the window's load event. Please make sure it has an appropriate `as` value and it is preloaded intentionally. @ https://mve.vivo.com.br/sec/dashboard:0
[ 6835227ms] [WARNING] The resource https://mve.vivo.com.br/assets/mve/fonts/ac09edfac4ebe90e76f7.woff2?b1ckzw was preloaded using link preload but not used within a few seconds from the window's load event. Please make sure it has an appropriate `as` value and it is preloaded intentionally. @ https://mve.vivo.com.br/sec/dashboard:0
[ 6835227ms] [WARNING] The resource https://mve.vivo.com.br/assets/mve/fonts/58d821d46eb6f39ad306.woff2 was preloaded using link preload but not used within a few seconds from the window's load event. Please make sure it has an appropriate `as` value and it is preloaded intentionally. @ https://mve.vivo.com.br/sec/dashboard:0
[ 6835227ms] [WARNING] The resource https://mve.vivo.com.br/assets/mve/fonts/c0ba7690a96b0b25a53d.woff2 was preloaded using link preload but not used within a few seconds from the window's load event. Please make sure it has an appropriate `as` value and it is preloaded intentionally. @ https://mve.vivo.com.br/sec/dashboard:0
[ 6835227ms] [WARNING] The resource https://mve.vivo.com.br/assets/mve/fonts/4ef73e245c02dd8794ff.woff2 was preloaded using link preload but not used within a few seconds from the window's load event. Please make sure it has an appropriate `as` value and it is preloaded intentionally. @ https://mve.vivo.com.br/sec/dashboard:0
[ 6835227ms] [WARNING] The resource https://mve.vivo.com.br/assets/mve/fonts/53e34b29d71619d49dc1.woff2 was preloaded using link preload but not used within a few seconds from the window's load event. Please make sure it has an appropriate `as` value and it is preloaded intentionally. @ https://mve.vivo.com.br/sec/dashboard:0
[ 6835227ms] [WARNING] The resource https://mve.vivo.com.br/assets/mve/fonts/c1e074f52d2cc507b0df.woff2 was preloaded using link preload but not used within a few seconds from the window's load event. Please make sure it has an appropriate `as` value and it is preloaded intentionally. @ https://mve.vivo.com.br/sec/dashboard:0
[ 6835227ms] [WARNING] The resource https://mve.vivo.com.br/assets/mve/fonts/f594f2ba13d231e99294.woff2 was preloaded using link preload but not used within a few seconds from the window's load event. Please make sure it has an appropriate `as` value and it is preloaded intentionally. @ https://mve.vivo.com.br/sec/dashboard:0
[ 6855790ms] [WARNING] The resource https://mve.vivo.com.br/assets/mve/fonts/dbe5ac6045d66e680d93.woff2 was preloaded using link preload but not used within a few seconds from the window's load event. Please make sure it has an appropriate `as` value and it is preloaded intentionally. @ https://mve.vivo.com.br/sec/dashboard:0
[ 6855790ms] [WARNING] The resource https://mve.vivo.com.br/assets/mve/fonts/ac09edfac4ebe90e76f7.woff2?b1ckzw was preloaded using link preload but not used within a few seconds from the window's load event. Please make sure it has an appropriate `as` value and it is preloaded intentionally. @ https://mve.vivo.com.br/sec/dashboard:0
[ 6855790ms] [WARNING] The resource https://mve.vivo.com.br/assets/mve/fonts/58d821d46eb6f39ad306.woff2 was preloaded using link preload but not used within a few seconds from the window's load event. Please make sure it has an appropriate `as` value and it is preloaded intentionally. @ https://mve.vivo.com.br/sec/dashboard:0
[ 6855790ms] [WARNING] The resource https://mve.vivo.com.br/assets/mve/fonts/c0ba7690a96b0b25a53d.woff2 was preloaded using link preload but not used within a few seconds from the window's load event. Please make sure it has an appropriate `as` value and it is preloaded intentionally. @ https://mve.vivo.com.br/sec/dashboard:0
[ 6855790ms] [WARNING] The resource https://mve.vivo.com.br/assets/mve/fonts/4ef73e245c02dd8794ff.woff2 was preloaded using link preload but not used within a few seconds from the window's load event. Please make sure it has an appropriate `as` value and it is preloaded intentionally. @ https://mve.vivo.com.br/sec/dashboard:0
[ 6855790ms] [WARNING] The resource https://mve.vivo.com.br/assets/mve/fonts/53e34b29d71619d49dc1.woff2 was preloaded using link preload but not used within a few seconds from the window's load event. Please make sure it has an appropriate `as` value and it is preloaded intentionally. @ https://mve.vivo.com.br/sec/dashboard:0
[ 6855790ms] [WARNING] The resource https://mve.vivo.com.br/assets/mve/fonts/c1e074f52d2cc507b0df.woff2 was preloaded using link preload but not used within a few seconds from the window's load event. Please make sure it has an appropriate `as` value and it is preloaded intentionally. @ https://mve.vivo.com.br/sec/dashboard:0
[ 6855790ms] [WARNING] The resource https://mve.vivo.com.br/assets/mve/fonts/f594f2ba13d231e99294.woff2 was preloaded using link preload but not used within a few seconds from the window's load event. Please make sure it has an appropriate `as` value and it is preloaded intentionally. @ https://mve.vivo.com.br/sec/dashboard:0
[ 6885682ms] [WARNING] The resource https://mve.vivo.com.br/assets/mve/fonts/dbe5ac6045d66e680d93.woff2 was preloaded using link preload but not used within a few seconds from the window's load event. Please make sure it has an appropriate `as` value and it is preloaded intentionally. @ https://mve.vivo.com.br/sec/dashboard:0
[ 6885682ms] [WARNING] The resource https://mve.vivo.com.br/assets/mve/fonts/ac09edfac4ebe90e76f7.woff2?b1ckzw was preloaded using link preload but not used within a few seconds from the window's load event. Please make sure it has an appropriate `as` value and it is preloaded intentionally. @ https://mve.vivo.com.br/sec/dashboard:0
[ 6885682ms] [WARNING] The resource https://mve.vivo.com.br/assets/mve/fonts/58d821d46eb6f39ad306.woff2 was preloaded using link preload but not used within a few seconds from the window's load event. Please make sure it has an appropriate `as` value and it is preloaded intentionally. @ https://mve.vivo.com.br/sec/dashboard:0
[ 6885682ms] [WARNING] The resource https://mve.vivo.com.br/assets/mve/fonts/c0ba7690a96b0b25a53d.woff2 was preloaded using link preload but not used within a few seconds from the window's load event. Please make sure it has an appropriate `as` value and it is preloaded intentionally. @ https://mve.vivo.com.br/sec/dashboard:0
[ 6885682ms] [WARNING] The resource https://mve.vivo.com.br/assets/mve/fonts/4ef73e245c02dd8794ff.woff2 was preloaded using link preload but not used within a few seconds from the window's load event. Please make sure it has an appropriate `as` value and it is preloaded intentionally. @ https://mve.vivo.com.br/sec/dashboard:0
[ 6885682ms] [WARNING] The resource https://mve.vivo.com.br/assets/mve/fonts/53e34b29d71619d49dc1.woff2 was preloaded using link preload but not used within a few seconds from the window's load event. Please make sure it has an appropriate `as` value and it is preloaded intentionally. @ https://mve.vivo.com.br/sec/dashboard:0
[ 6885682ms] [WARNING] The resource https://mve.vivo.com.br/assets/mve/fonts/c1e074f52d2cc507b0df.woff2 was preloaded using link preload but not used within a few seconds from the window's load event. Please make sure it has an appropriate `as` value and it is preloaded intentionally. @ https://mve.vivo.com.br/sec/dashboard:0
[ 6885682ms] [WARNING] The resource https://mve.vivo.com.br/assets/mve/fonts/f594f2ba13d231e99294.woff2 was preloaded using link preload but not used within a few seconds from the window's load event. Please make sure it has an appropriate `as` value and it is preloaded intentionally. @ https://mve.vivo.com.br/sec/dashboard:0
[ 6895366ms] [WARNING] The resource https://mve.vivo.com.br/assets/mve/fonts/dbe5ac6045d66e680d93.woff2 was preloaded using link preload but not used within a few seconds from the window's load event. Please make sure it has an appropriate `as` value and it is preloaded intentionally. @ https://mve.vivo.com.br/sec/dashboard:0
[ 6895367ms] [WARNING] The resource https://mve.vivo.com.br/assets/mve/fonts/ac09edfac4ebe90e76f7.woff2?b1ckzw was preloaded using link preload but not used within a few seconds from the window's load event. Please make sure it has an appropriate `as` value and it is preloaded intentionally. @ https://mve.vivo.com.br/sec/dashboard:0
[ 6895367ms] [WARNING] The resource https://mve.vivo.com.br/assets/mve/fonts/58d821d46eb6f39ad306.woff2 was preloaded using link preload but not used within a few seconds from the window's load event. Please make sure it has an appropriate `as` value and it is preloaded intentionally. @ https://mve.vivo.com.br/sec/dashboard:0
[ 6895367ms] [WARNING] The resource https://mve.vivo.com.br/assets/mve/fonts/c0ba7690a96b0b25a53d.woff2 was preloaded using link preload but not used within a few seconds from the window's load event. Please make sure it has an appropriate `as` value and it is preloaded intentionally. @ https://mve.vivo.com.br/sec/dashboard:0
[ 6895367ms] [WARNING] The resource https://mve.vivo.com.br/assets/mve/fonts/4ef73e245c02dd8794ff.woff2 was preloaded using link preload but not used within a few seconds from the window's load event. Please make sure it has an appropriate `as` value and it is preloaded intentionally. @ https://mve.vivo.com.br/sec/dashboard:0
[ 6895367ms] [WARNING] The resource https://mve.vivo.com.br/assets/mve/fonts/53e34b29d71619d49dc1.woff2 was preloaded using link preload but not used within a few seconds from the window's load event. Please make sure it has an appropriate `as` value and it is preloaded intentionally. @ https://mve.vivo.com.br/sec/dashboard:0
[ 6895367ms] [WARNING] The resource https://mve.vivo.com.br/assets/mve/fonts/c1e074f52d2cc507b0df.woff2 was preloaded using link preload but not used within a few seconds from the window's load event. Please make sure it has an appropriate `as` value and it is preloaded intentionally. @ https://mve.vivo.com.br/sec/dashboard:0
[ 6895367ms] [WARNING] The resource https://mve.vivo.com.br/assets/mve/fonts/f594f2ba13d231e99294.woff2 was preloaded using link preload but not used within a few seconds from the window's load event. Please make sure it has an appropriate `as` value and it is preloaded intentionally. @ https://mve.vivo.com.br/sec/dashboard:0
[ 6902088ms] [WARNING] The resource https://mve.vivo.com.br/assets/mve/fonts/dbe5ac6045d66e680d93.woff2 was preloaded using link preload but not used within a few seconds from the window's load event. Please make sure it has an appropriate `as` value and it is preloaded intentionally. @ https://mve.vivo.com.br/sec/dashboard:0
[ 6902088ms] [WARNING] The resource https://mve.vivo.com.br/assets/mve/fonts/ac09edfac4ebe90e76f7.woff2?b1ckzw was preloaded using link preload but not used within a few seconds from the window's load event. Please make sure it has an appropriate `as` value and it is preloaded intentionally. @ https://mve.vivo.com.br/sec/dashboard:0
[ 6902088ms] [WARNING] The resource https://mve.vivo.com.br/assets/mve/fonts/58d821d46eb6f39ad306.woff2 was preloaded using link preload but not used within a few seconds from the window's load event. Please make sure it has an appropriate `as` value and it is preloaded intentionally. @ https://mve.vivo.com.br/sec/dashboard:0
[ 6902088ms] [WARNING] The resource https://mve.vivo.com.br/assets/mve/fonts/c0ba7690a96b0b25a53d.woff2 was preloaded using link preload but not used within a few seconds from the window's load event. Please make sure it has an appropriate `as` value and it is preloaded intentionally. @ https://mve.vivo.com.br/sec/dashboard:0
[ 6902088ms] [WARNING] The resource https://mve.vivo.com.br/assets/mve/fonts/4ef73e245c02dd8794ff.woff2 was preloaded using link preload but not used within a few seconds from the window's load event. Please make sure it has an appropriate `as` value and it is preloaded intentionally. @ https://mve.vivo.com.br/sec/dashboard:0
[ 6902088ms] [WARNING] The resource https://mve.vivo.com.br/assets/mve/fonts/53e34b29d71619d49dc1.woff2 was preloaded using link preload but not used within a few seconds from the window's load event. Please make sure it has an appropriate `as` value and it is preloaded intentionally. @ https://mve.vivo.com.br/sec/dashboard:0
[ 6902088ms] [WARNING] The resource https://mve.vivo.com.br/assets/mve/fonts/c1e074f52d2cc507b0df.woff2 was preloaded using link preload but not used within a few seconds from the window's load event. Please make sure it has an appropriate `as` value and it is preloaded intentionally. @ https://mve.vivo.com.br/sec/dashboard:0
[ 6902088ms] [WARNING] The resource https://mve.vivo.com.br/assets/mve/fonts/f594f2ba13d231e99294.woff2 was preloaded using link preload but not used within a few seconds from the window's load event. Please make sure it has an appropriate `as` value and it is preloaded intentionally. @ https://mve.vivo.com.br/sec/dashboard:0
[ 6916403ms] [WARNING] The resource https://mve.vivo.com.br/assets/mve/fonts/dbe5ac6045d66e680d93.woff2 was preloaded using link preload but not used within a few seconds from the window's load event. Please make sure it has an appropriate `as` value and it is preloaded intentionally. @ https://mve.vivo.com.br/sec/dashboard:0
[ 6916403ms] [WARNING] The resource https://mve.vivo.com.br/assets/mve/fonts/ac09edfac4ebe90e76f7.woff2?b1ckzw was preloaded using link preload but not used within a few seconds from the window's load event. Please make sure it has an appropriate `as` value and it is preloaded intentionally. @ https://mve.vivo.com.br/sec/dashboard:0
[ 6916403ms] [WARNING] The resource https://mve.vivo.com.br/assets/mve/fonts/58d821d46eb6f39ad306.woff2 was preloaded using link preload but not used within a few seconds from the window's load event. Please make sure it has an appropriate `as` value and it is preloaded intentionally. @ https://mve.vivo.com.br/sec/dashboard:0
[ 6916403ms] [WARNING] The resource https://mve.vivo.com.br/assets/mve/fonts/c0ba7690a96b0b25a53d.woff2 was preloaded using link preload but not used within a few seconds from the window's load event. Please make sure it has an appropriate `as` value and it is preloaded intentionally. @ https://mve.vivo.com.br/sec/dashboard:0
[ 6916403ms] [WARNING] The resource https://mve.vivo.com.br/assets/mve/fonts/4ef73e245c02dd8794ff.woff2 was preloaded using link preload but not used within a few seconds from the window's load event. Please make sure it has an appropriate `as` value and it is preloaded intentionally. @ https://mve.vivo.com.br/sec/dashboard:0
[ 6916403ms] [WARNING] The resource https://mve.vivo.com.br/assets/mve/fonts/53e34b29d71619d49dc1.woff2 was preloaded using link preload but not used within a few seconds from the window's load event. Please make sure it has an appropriate `as` value and it is preloaded intentionally. @ https://mve.vivo.com.br/sec/dashboard:0
[ 6916403ms] [WARNING] The resource https://mve.vivo.com.br/assets/mve/fonts/c1e074f52d2cc507b0df.woff2 was preloaded using link preload but not used within a few seconds from the window's load event. Please make sure it has an appropriate `as` value and it is preloaded intentionally. @ https://mve.vivo.com.br/sec/dashboard:0
[ 6916403ms] [WARNING] The resource https://mve.vivo.com.br/assets/mve/fonts/f594f2ba13d231e99294.woff2 was preloaded using link preload but not used within a few seconds from the window's load event. Please make sure it has an appropriate `as` value and it is preloaded intentionally. @ https://mve.vivo.com.br/sec/dashboard:0
[ 6949659ms] [WARNING] The resource https://mve.vivo.com.br/assets/mve/fonts/dbe5ac6045d66e680d93.woff2 was preloaded using link preload but not used within a few seconds from the window's load event. Please make sure it has an appropriate `as` value and it is preloaded intentionally. @ https://mve.vivo.com.br/sec/dashboard:0
[ 6949659ms] [WARNING] The resource https://mve.vivo.com.br/assets/mve/fonts/ac09edfac4ebe90e76f7.woff2?b1ckzw was preloaded using link preload but not used within a few seconds from the window's load event. Please make sure it has an appropriate `as` value and it is preloaded intentionally. @ https://mve.vivo.com.br/sec/dashboard:0
[ 6949659ms] [WARNING] The resource https://mve.vivo.com.br/assets/mve/fonts/58d821d46eb6f39ad306.woff2 was preloaded using link preload but not used within a few seconds from the window's load event. Please make sure it has an appropriate `as` value and it is preloaded intentionally. @ https://mve.vivo.com.br/sec/dashboard:0
[ 6949659ms] [WARNING] The resource https://mve.vivo.com.br/assets/mve/fonts/c0ba7690a96b0b25a53d.woff2 was preloaded using link preload but not used within a few seconds from the window's load event. Please make sure it has an appropriate `as` value and it is preloaded intentionally. @ https://mve.vivo.com.br/sec/dashboard:0
[ 6949659ms] [WARNING] The resource https://mve.vivo.com.br/assets/mve/fonts/4ef73e245c02dd8794ff.woff2 was preloaded using link preload but not used within a few seconds from the window's load event. Please make sure it has an appropriate `as` value and it is preloaded intentionally. @ https://mve.vivo.com.br/sec/dashboard:0
[ 6949659ms] [WARNING] The resource https://mve.vivo.com.br/assets/mve/fonts/53e34b29d71619d49dc1.woff2 was preloaded using link preload but not used within a few seconds from the window's load event. Please make sure it has an appropriate `as` value and it is preloaded intentionally. @ https://mve.vivo.com.br/sec/dashboard:0
[ 6949659ms] [WARNING] The resource https://mve.vivo.com.br/assets/mve/fonts/c1e074f52d2cc507b0df.woff2 was preloaded using link preload but not used within a few seconds from the window's load event. Please make sure it has an appropriate `as` value and it is preloaded intentionally. @ https://mve.vivo.com.br/sec/dashboard:0
[ 6949659ms] [WARNING] The resource https://mve.vivo.com.br/assets/mve/fonts/f594f2ba13d231e99294.woff2 was preloaded using link preload but not used within a few seconds from the window's load event. Please make sure it has an appropriate `as` value and it is preloaded intentionally. @ https://mve.vivo.com.br/sec/dashboard:0
[ 6955425ms] [WARNING] The resource https://mve.vivo.com.br/assets/mve/fonts/dbe5ac6045d66e680d93.woff2 was preloaded using link preload but not used within a few seconds from the window's load event. Please make sure it has an appropriate `as` value and it is preloaded intentionally. @ https://mve.vivo.com.br/sec/dashboard:0
[ 6955425ms] [WARNING] The resource https://mve.vivo.com.br/assets/mve/fonts/ac09edfac4ebe90e76f7.woff2?b1ckzw was preloaded using link preload but not used within a few seconds from the window's load event. Please make sure it has an appropriate `as` value and it is preloaded intentionally. @ https://mve.vivo.com.br/sec/dashboard:0
[ 6955425ms] [WARNING] The resource https://mve.vivo.com.br/assets/mve/fonts/58d821d46eb6f39ad306.woff2 was preloaded using link preload but not used within a few seconds from the window's load event. Please make sure it has an appropriate `as` value and it is preloaded intentionally. @ https://mve.vivo.com.br/sec/dashboard:0
[ 6955425ms] [WARNING] The resource https://mve.vivo.com.br/assets/mve/fonts/c0ba7690a96b0b25a53d.woff2 was preloaded using link preload but not used within a few seconds from the window's load event. Please make sure it has an appropriate `as` value and it is preloaded intentionally. @ https://mve.vivo.com.br/sec/dashboard:0
[ 6955425ms] [WARNING] The resource https://mve.vivo.com.br/assets/mve/fonts/4ef73e245c02dd8794ff.woff2 was preloaded using link preload but not used within a few seconds from the window's load event. Please make sure it has an appropriate `as` value and it is preloaded intentionally. @ https://mve.vivo.com.br/sec/dashboard:0
[ 6955425ms] [WARNING] The resource https://mve.vivo.com.br/assets/mve/fonts/53e34b29d71619d49dc1.woff2 was preloaded using link preload but not used within a few seconds from the window's load event. Please make sure it has an appropriate `as` value and it is preloaded intentionally. @ https://mve.vivo.com.br/sec/dashboard:0
[ 6955425ms] [WARNING] The resource https://mve.vivo.com.br/assets/mve/fonts/c1e074f52d2cc507b0df.woff2 was preloaded using link preload but not used within a few seconds from the window's load event. Please make sure it has an appropriate `as` value and it is preloaded intentionally. @ https://mve.vivo.com.br/sec/dashboard:0
[ 6955425ms] [WARNING] The resource https://mve.vivo.com.br/assets/mve/fonts/f594f2ba13d231e99294.woff2 was preloaded using link preload but not used within a few seconds from the window's load event. Please make sure it has an appropriate `as` value and it is preloaded intentionally. @ https://mve.vivo.com.br/sec/dashboard:0
[ 6979025ms] [WARNING] The resource https://mve.vivo.com.br/assets/mve/fonts/dbe5ac6045d66e680d93.woff2 was preloaded using link preload but not used within a few seconds from the window's load event. Please make sure it has an appropriate `as` value and it is preloaded intentionally. @ https://mve.vivo.com.br/sec/dashboard:0
[ 6979025ms] [WARNING] The resource https://mve.vivo.com.br/assets/mve/fonts/ac09edfac4ebe90e76f7.woff2?b1ckzw was preloaded using link preload but not used within a few seconds from the window's load event. Please make sure it has an appropriate `as` value and it is preloaded intentionally. @ https://mve.vivo.com.br/sec/dashboard:0
[ 6979025ms] [WARNING] The resource https://mve.vivo.com.br/assets/mve/fonts/58d821d46eb6f39ad306.woff2 was preloaded using link preload but not used within a few seconds from the window's load event. Please make sure it has an appropriate `as` value and it is preloaded intentionally. @ https://mve.vivo.com.br/sec/dashboard:0
[ 6979025ms] [WARNING] The resource https://mve.vivo.com.br/assets/mve/fonts/c0ba7690a96b0b25a53d.woff2 was preloaded using link preload but not used within a few seconds from the window's load event. Please make sure it has an appropriate `as` value and it is preloaded intentionally. @ https://mve.vivo.com.br/sec/dashboard:0
[ 6979025ms] [WARNING] The resource https://mve.vivo.com.br/assets/mve/fonts/4ef73e245c02dd8794ff.woff2 was preloaded using link preload but not used within a few seconds from the window's load event. Please make sure it has an appropriate `as` value and it is preloaded intentionally. @ https://mve.vivo.com.br/sec/dashboard:0
[ 6979026ms] [WARNING] The resource https://mve.vivo.com.br/assets/mve/fonts/53e34b29d71619d49dc1.woff2 was preloaded using link preload but not used within a few seconds from the window's load event. Please make sure it has an appropriate `as` value and it is preloaded intentionally. @ https://mve.vivo.com.br/sec/dashboard:0
[ 6979026ms] [WARNING] The resource https://mve.vivo.com.br/assets/mve/fonts/c1e074f52d2cc507b0df.woff2 was preloaded using link preload but not used within a few seconds from the window's load event. Please make sure it has an appropriate `as` value and it is preloaded intentionally. @ https://mve.vivo.com.br/sec/dashboard:0
[ 6979026ms] [WARNING] The resource https://mve.vivo.com.br/assets/mve/fonts/f594f2ba13d231e99294.woff2 was preloaded using link preload but not used within a few seconds from the window's load event. Please make sure it has an appropriate `as` value and it is preloaded intentionally. @ https://mve.vivo.com.br/sec/dashboard:0
[ 6995974ms] [WARNING] The resource https://mve.vivo.com.br/assets/mve/fonts/dbe5ac6045d66e680d93.woff2 was preloaded using link preload but not used within a few seconds from the window's load event. Please make sure it has an appropriate `as` value and it is preloaded intentionally. @ https://mve.vivo.com.br/sec/dashboard:0
[ 6995974ms] [WARNING] The resource https://mve.vivo.com.br/assets/mve/fonts/ac09edfac4ebe90e76f7.woff2?b1ckzw was preloaded using link preload but not used within a few seconds from the window's load event. Please make sure it has an appropriate `as` value and it is preloaded intentionally. @ https://mve.vivo.com.br/sec/dashboard:0
[ 6995974ms] [WARNING] The resource https://mve.vivo.com.br/assets/mve/fonts/58d821d46eb6f39ad306.woff2 was preloaded using link preload but not used within a few seconds from the window's load event. Please make sure it has an appropriate `as` value and it is preloaded intentionally. @ https://mve.vivo.com.br/sec/dashboard:0
[ 6995974ms] [WARNING] The resource https://mve.vivo.com.br/assets/mve/fonts/c0ba7690a96b0b25a53d.woff2 was preloaded using link preload but not used within a few seconds from the window's load event. Please make sure it has an appropriate `as` value and it is preloaded intentionally. @ https://mve.vivo.com.br/sec/dashboard:0
[ 6995974ms] [WARNING] The resource https://mve.vivo.com.br/assets/mve/fonts/4ef73e245c02dd8794ff.woff2 was preloaded using link preload but not used within a few seconds from the window's load event. Please make sure it has an appropriate `as` value and it is preloaded intentionally. @ https://mve.vivo.com.br/sec/dashboard:0
[ 6995975ms] [WARNING] The resource https://mve.vivo.com.br/assets/mve/fonts/53e34b29d71619d49dc1.woff2 was preloaded using link preload but not used within a few seconds from the window's load event. Please make sure it has an appropriate `as` value and it is preloaded intentionally. @ https://mve.vivo.com.br/sec/dashboard:0
[ 6995975ms] [WARNING] The resource https://mve.vivo.com.br/assets/mve/fonts/c1e074f52d2cc507b0df.woff2 was preloaded using link preload but not used within a few seconds from the window's load event. Please make sure it has an appropriate `as` value and it is preloaded intentionally. @ https://mve.vivo.com.br/sec/dashboard:0
[ 6995975ms] [WARNING] The resource https://mve.vivo.com.br/assets/mve/fonts/f594f2ba13d231e99294.woff2 was preloaded using link preload but not used within a few seconds from the window's load event. Please make sure it has an appropriate `as` value and it is preloaded intentionally. @ https://mve.vivo.com.br/sec/dashboard:0
[ 7009792ms] [WARNING] The resource https://mve.vivo.com.br/assets/mve/fonts/dbe5ac6045d66e680d93.woff2 was preloaded using link preload but not used within a few seconds from the window's load event. Please make sure it has an appropriate `as` value and it is preloaded intentionally. @ https://mve.vivo.com.br/sec/dashboard:0
[ 7009792ms] [WARNING] The resource https://mve.vivo.com.br/assets/mve/fonts/ac09edfac4ebe90e76f7.woff2?b1ckzw was preloaded using link preload but not used within a few seconds from the window's load event. Please make sure it has an appropriate `as` value and it is preloaded intentionally. @ https://mve.vivo.com.br/sec/dashboard:0
[ 7009792ms] [WARNING] The resource https://mve.vivo.com.br/assets/mve/fonts/58d821d46eb6f39ad306.woff2 was preloaded using link preload but not used within a few seconds from the window's load event. Please make sure it has an appropriate `as` value and it is preloaded intentionally. @ https://mve.vivo.com.br/sec/dashboard:0
[ 7009792ms] [WARNING] The resource https://mve.vivo.com.br/assets/mve/fonts/c0ba7690a96b0b25a53d.woff2 was preloaded using link preload but not used within a few seconds from the window's load event. Please make sure it has an appropriate `as` value and it is preloaded intentionally. @ https://mve.vivo.com.br/sec/dashboard:0
[ 7009792ms] [WARNING] The resource https://mve.vivo.com.br/assets/mve/fonts/4ef73e245c02dd8794ff.woff2 was preloaded using link preload but not used within a few seconds from the window's load event. Please make sure it has an appropriate `as` value and it is preloaded intentionally. @ https://mve.vivo.com.br/sec/dashboard:0
[ 7009792ms] [WARNING] The resource https://mve.vivo.com.br/assets/mve/fonts/53e34b29d71619d49dc1.woff2 was preloaded using link preload but not used within a few seconds from the window's load event. Please make sure it has an appropriate `as` value and it is preloaded intentionally. @ https://mve.vivo.com.br/sec/dashboard:0
[ 7009792ms] [WARNING] The resource https://mve.vivo.com.br/assets/mve/fonts/c1e074f52d2cc507b0df.woff2 was preloaded using link preload but not used within a few seconds from the window's load event. Please make sure it has an appropriate `as` value and it is preloaded intentionally. @ https://mve.vivo.com.br/sec/dashboard:0
[ 7009792ms] [WARNING] The resource https://mve.vivo.com.br/assets/mve/fonts/f594f2ba13d231e99294.woff2 was preloaded using link preload but not used within a few seconds from the window's load event. Please make sure it has an appropriate `as` value and it is preloaded intentionally. @ https://mve.vivo.com.br/sec/dashboard:0
[ 7015504ms] [WARNING] The resource https://mve.vivo.com.br/assets/mve/fonts/dbe5ac6045d66e680d93.woff2 was preloaded using link preload but not used within a few seconds from the window's load event. Please make sure it has an appropriate `as` value and it is preloaded intentionally. @ https://mve.vivo.com.br/sec/dashboard:0
[ 7015504ms] [WARNING] The resource https://mve.vivo.com.br/assets/mve/fonts/ac09edfac4ebe90e76f7.woff2?b1ckzw was preloaded using link preload but not used within a few seconds from the window's load event. Please make sure it has an appropriate `as` value and it is preloaded intentionally. @ https://mve.vivo.com.br/sec/dashboard:0
[ 7015504ms] [WARNING] The resource https://mve.vivo.com.br/assets/mve/fonts/58d821d46eb6f39ad306.woff2 was preloaded using link preload but not used within a few seconds from the window's load event. Please make sure it has an appropriate `as` value and it is preloaded intentionally. @ https://mve.vivo.com.br/sec/dashboard:0
[ 7015504ms] [WARNING] The resource https://mve.vivo.com.br/assets/mve/fonts/c0ba7690a96b0b25a53d.woff2 was preloaded using link preload but not used within a few seconds from the window's load event. Please make sure it has an appropriate `as` value and it is preloaded intentionally. @ https://mve.vivo.com.br/sec/dashboard:0
[ 7015504ms] [WARNING] The resource https://mve.vivo.com.br/assets/mve/fonts/4ef73e245c02dd8794ff.woff2 was preloaded using link preload but not used within a few seconds from the window's load event. Please make sure it has an appropriate `as` value and it is preloaded intentionally. @ https://mve.vivo.com.br/sec/dashboard:0
[ 7015504ms] [WARNING] The resource https://mve.vivo.com.br/assets/mve/fonts/53e34b29d71619d49dc1.woff2 was preloaded using link preload but not used within a few seconds from the window's load event. Please make sure it has an appropriate `as` value and it is preloaded intentionally. @ https://mve.vivo.com.br/sec/dashboard:0
[ 7015504ms] [WARNING] The resource https://mve.vivo.com.br/assets/mve/fonts/c1e074f52d2cc507b0df.woff2 was preloaded using link preload but not used within a few seconds from the window's load event. Please make sure it has an appropriate `as` value and it is preloaded intentionally. @ https://mve.vivo.com.br/sec/dashboard:0
[ 7015504ms] [WARNING] The resource https://mve.vivo.com.br/assets/mve/fonts/f594f2ba13d231e99294.woff2 was preloaded using link preload but not used within a few seconds from the window's load event. Please make sure it has an appropriate `as` value and it is preloaded intentionally. @ https://mve.vivo.com.br/sec/dashboard:0
[ 7042285ms] [WARNING] The resource https://mve.vivo.com.br/assets/mve/fonts/dbe5ac6045d66e680d93.woff2 was preloaded using link preload but not used within a few seconds from the window's load event. Please make sure it has an appropriate `as` value and it is preloaded intentionally. @ https://mve.vivo.com.br/sec/dashboard:0
[ 7042285ms] [WARNING] The resource https://mve.vivo.com.br/assets/mve/fonts/ac09edfac4ebe90e76f7.woff2?b1ckzw was preloaded using link preload but not used within a few seconds from the window's load event. Please make sure it has an appropriate `as` value and it is preloaded intentionally. @ https://mve.vivo.com.br/sec/dashboard:0
[ 7042285ms] [WARNING] The resource https://mve.vivo.com.br/assets/mve/fonts/58d821d46eb6f39ad306.woff2 was preloaded using link preload but not used within a few seconds from the window's load event. Please make sure it has an appropriate `as` value and it is preloaded intentionally. @ https://mve.vivo.com.br/sec/dashboard:0
[ 7042285ms] [WARNING] The resource https://mve.vivo.com.br/assets/mve/fonts/c0ba7690a96b0b25a53d.woff2 was preloaded using link preload but not used within a few seconds from the window's load event. Please make sure it has an appropriate `as` value and it is preloaded intentionally. @ https://mve.vivo.com.br/sec/dashboard:0
[ 7042285ms] [WARNING] The resource https://mve.vivo.com.br/assets/mve/fonts/4ef73e245c02dd8794ff.woff2 was preloaded using link preload but not used within a few seconds from the window's load event. Please make sure it has an appropriate `as` value and it is preloaded intentionally. @ https://mve.vivo.com.br/sec/dashboard:0
[ 7042285ms] [WARNING] The resource https://mve.vivo.com.br/assets/mve/fonts/53e34b29d71619d49dc1.woff2 was preloaded using link preload but not used within a few seconds from the window's load event. Please make sure it has an appropriate `as` value and it is preloaded intentionally. @ https://mve.vivo.com.br/sec/dashboard:0
[ 7042285ms] [WARNING] The resource https://mve.vivo.com.br/assets/mve/fonts/c1e074f52d2cc507b0df.woff2 was preloaded using link preload but not used within a few seconds from the window's load event. Please make sure it has an appropriate `as` value and it is preloaded intentionally. @ https://mve.vivo.com.br/sec/dashboard:0
[ 7042285ms] [WARNING] The resource https://mve.vivo.com.br/assets/mve/fonts/f594f2ba13d231e99294.woff2 was preloaded using link preload but not used within a few seconds from the window's load event. Please make sure it has an appropriate `as` value and it is preloaded intentionally. @ https://mve.vivo.com.br/sec/dashboard:0
[ 7071857ms] [WARNING] The resource https://mve.vivo.com.br/assets/mve/fonts/dbe5ac6045d66e680d93.woff2 was preloaded using link preload but not used within a few seconds from the window's load event. Please make sure it has an appropriate `as` value and it is preloaded intentionally. @ https://mve.vivo.com.br/sec/dashboard:0
[ 7071857ms] [WARNING] The resource https://mve.vivo.com.br/assets/mve/fonts/ac09edfac4ebe90e76f7.woff2?b1ckzw was preloaded using link preload but not used within a few seconds from the window's load event. Please make sure it has an appropriate `as` value and it is preloaded intentionally. @ https://mve.vivo.com.br/sec/dashboard:0
[ 7071857ms] [WARNING] The resource https://mve.vivo.com.br/assets/mve/fonts/58d821d46eb6f39ad306.woff2 was preloaded using link preload but not used within a few seconds from the window's load event. Please make sure it has an appropriate `as` value and it is preloaded intentionally. @ https://mve.vivo.com.br/sec/dashboard:0
[ 7071857ms] [WARNING] The resource https://mve.vivo.com.br/assets/mve/fonts/c0ba7690a96b0b25a53d.woff2 was preloaded using link preload but not used within a few seconds from the window's load event. Please make sure it has an appropriate `as` value and it is preloaded intentionally. @ https://mve.vivo.com.br/sec/dashboard:0
[ 7071857ms] [WARNING] The resource https://mve.vivo.com.br/assets/mve/fonts/4ef73e245c02dd8794ff.woff2 was preloaded using link preload but not used within a few seconds from the window's load event. Please make sure it has an appropriate `as` value and it is preloaded intentionally. @ https://mve.vivo.com.br/sec/dashboard:0
[ 7071857ms] [WARNING] The resource https://mve.vivo.com.br/assets/mve/fonts/53e34b29d71619d49dc1.woff2 was preloaded using link preload but not used within a few seconds from the window's load event. Please make sure it has an appropriate `as` value and it is preloaded intentionally. @ https://mve.vivo.com.br/sec/dashboard:0
[ 7071857ms] [WARNING] The resource https://mve.vivo.com.br/assets/mve/fonts/c1e074f52d2cc507b0df.woff2 was preloaded using link preload but not used within a few seconds from the window's load event. Please make sure it has an appropriate `as` value and it is preloaded intentionally. @ https://mve.vivo.com.br/sec/dashboard:0
[ 7071857ms] [WARNING] The resource https://mve.vivo.com.br/assets/mve/fonts/f594f2ba13d231e99294.woff2 was preloaded using link preload but not used within a few seconds from the window's load event. Please make sure it has an appropriate `as` value and it is preloaded intentionally. @ https://mve.vivo.com.br/sec/dashboard:0
[ 7075590ms] [WARNING] The resource https://mve.vivo.com.br/assets/mve/fonts/dbe5ac6045d66e680d93.woff2 was preloaded using link preload but not used within a few seconds from the window's load event. Please make sure it has an appropriate `as` value and it is preloaded intentionally. @ https://mve.vivo.com.br/sec/dashboard:0
[ 7075590ms] [WARNING] The resource https://mve.vivo.com.br/assets/mve/fonts/ac09edfac4ebe90e76f7.woff2?b1ckzw was preloaded using link preload but not used within a few seconds from the window's load event. Please make sure it has an appropriate `as` value and it is preloaded intentionally. @ https://mve.vivo.com.br/sec/dashboard:0
[ 7075590ms] [WARNING] The resource https://mve.vivo.com.br/assets/mve/fonts/58d821d46eb6f39ad306.woff2 was preloaded using link preload but not used within a few seconds from the window's load event. Please make sure it has an appropriate `as` value and it is preloaded intentionally. @ https://mve.vivo.com.br/sec/dashboard:0
[ 7075590ms] [WARNING] The resource https://mve.vivo.com.br/assets/mve/fonts/c0ba7690a96b0b25a53d.woff2 was preloaded using link preload but not used within a few seconds from the window's load event. Please make sure it has an appropriate `as` value and it is preloaded intentionally. @ https://mve.vivo.com.br/sec/dashboard:0
[ 7075590ms] [WARNING] The resource https://mve.vivo.com.br/assets/mve/fonts/4ef73e245c02dd8794ff.woff2 was preloaded using link preload but not used within a few seconds from the window's load event. Please make sure it has an appropriate `as` value and it is preloaded intentionally. @ https://mve.vivo.com.br/sec/dashboard:0
[ 7075590ms] [WARNING] The resource https://mve.vivo.com.br/assets/mve/fonts/53e34b29d71619d49dc1.woff2 was preloaded using link preload but not used within a few seconds from the window's load event. Please make sure it has an appropriate `as` value and it is preloaded intentionally. @ https://mve.vivo.com.br/sec/dashboard:0
[ 7075590ms] [WARNING] The resource https://mve.vivo.com.br/assets/mve/fonts/c1e074f52d2cc507b0df.woff2 was preloaded using link preload but not used within a few seconds from the window's load event. Please make sure it has an appropriate `as` value and it is preloaded intentionally. @ https://mve.vivo.com.br/sec/dashboard:0
[ 7075590ms] [WARNING] The resource https://mve.vivo.com.br/assets/mve/fonts/f594f2ba13d231e99294.woff2 was preloaded using link preload but not used within a few seconds from the window's load event. Please make sure it has an appropriate `as` value and it is preloaded intentionally. @ https://mve.vivo.com.br/sec/dashboard:0
[ 7104904ms] [WARNING] The resource https://mve.vivo.com.br/assets/mve/fonts/dbe5ac6045d66e680d93.woff2 was preloaded using link preload but not used within a few seconds from the window's load event. Please make sure it has an appropriate `as` value and it is preloaded intentionally. @ https://mve.vivo.com.br/sec/dashboard:0
[ 7104904ms] [WARNING] The resource https://mve.vivo.com.br/assets/mve/fonts/ac09edfac4ebe90e76f7.woff2?b1ckzw was preloaded using link preload but not used within a few seconds from the window's load event. Please make sure it has an appropriate `as` value and it is preloaded intentionally. @ https://mve.vivo.com.br/sec/dashboard:0
[ 7104904ms] [WARNING] The resource https://mve.vivo.com.br/assets/mve/fonts/58d821d46eb6f39ad306.woff2 was preloaded using link preload but not used within a few seconds from the window's load event. Please make sure it has an appropriate `as` value and it is preloaded intentionally. @ https://mve.vivo.com.br/sec/dashboard:0
[ 7104904ms] [WARNING] The resource https://mve.vivo.com.br/assets/mve/fonts/c0ba7690a96b0b25a53d.woff2 was preloaded using link preload but not used within a few seconds from the window's load event. Please make sure it has an appropriate `as` value and it is preloaded intentionally. @ https://mve.vivo.com.br/sec/dashboard:0
[ 7104904ms] [WARNING] The resource https://mve.vivo.com.br/assets/mve/fonts/4ef73e245c02dd8794ff.woff2 was preloaded using link preload but not used within a few seconds from the window's load event. Please make sure it has an appropriate `as` value and it is preloaded intentionally. @ https://mve.vivo.com.br/sec/dashboard:0
[ 7104904ms] [WARNING] The resource https://mve.vivo.com.br/assets/mve/fonts/53e34b29d71619d49dc1.woff2 was preloaded using link preload but not used within a few seconds from the window's load event. Please make sure it has an appropriate `as` value and it is preloaded intentionally. @ https://mve.vivo.com.br/sec/dashboard:0
[ 7104904ms] [WARNING] The resource https://mve.vivo.com.br/assets/mve/fonts/c1e074f52d2cc507b0df.woff2 was preloaded using link preload but not used within a few seconds from the window's load event. Please make sure it has an appropriate `as` value and it is preloaded intentionally. @ https://mve.vivo.com.br/sec/dashboard:0
[ 7104904ms] [WARNING] The resource https://mve.vivo.com.br/assets/mve/fonts/f594f2ba13d231e99294.woff2 was preloaded using link preload but not used within a few seconds from the window's load event. Please make sure it has an appropriate `as` value and it is preloaded intentionally. @ https://mve.vivo.com.br/sec/dashboard:0
[ 7135751ms] [WARNING] The resource https://mve.vivo.com.br/assets/mve/fonts/dbe5ac6045d66e680d93.woff2 was preloaded using link preload but not used within a few seconds from the window's load event. Please make sure it has an appropriate `as` value and it is preloaded intentionally. @ https://mve.vivo.com.br/sec/dashboard:0
[ 7135751ms] [WARNING] The resource https://mve.vivo.com.br/assets/mve/fonts/ac09edfac4ebe90e76f7.woff2?b1ckzw was preloaded using link preload but not used within a few seconds from the window's load event. Please make sure it has an appropriate `as` value and it is preloaded intentionally. @ https://mve.vivo.com.br/sec/dashboard:0
[ 7135751ms] [WARNING] The resource https://mve.vivo.com.br/assets/mve/fonts/58d821d46eb6f39ad306.woff2 was preloaded using link preload but not used within a few seconds from the window's load event. Please make sure it has an appropriate `as` value and it is preloaded intentionally. @ https://mve.vivo.com.br/sec/dashboard:0
[ 7135751ms] [WARNING] The resource https://mve.vivo.com.br/assets/mve/fonts/c0ba7690a96b0b25a53d.woff2 was preloaded using link preload but not used within a few seconds from the window's load event. Please make sure it has an appropriate `as` value and it is preloaded intentionally. @ https://mve.vivo.com.br/sec/dashboard:0
[ 7135751ms] [WARNING] The resource https://mve.vivo.com.br/assets/mve/fonts/4ef73e245c02dd8794ff.woff2 was preloaded using link preload but not used within a few seconds from the window's load event. Please make sure it has an appropriate `as` value and it is preloaded intentionally. @ https://mve.vivo.com.br/sec/dashboard:0
[ 7135751ms] [WARNING] The resource https://mve.vivo.com.br/assets/mve/fonts/53e34b29d71619d49dc1.woff2 was preloaded using link preload but not used within a few seconds from the window's load event. Please make sure it has an appropriate `as` value and it is preloaded intentionally. @ https://mve.vivo.com.br/sec/dashboard:0
[ 7135751ms] [WARNING] The resource https://mve.vivo.com.br/assets/mve/fonts/c1e074f52d2cc507b0df.woff2 was preloaded using link preload but not used within a few seconds from the window's load event. Please make sure it has an appropriate `as` value and it is preloaded intentionally. @ https://mve.vivo.com.br/sec/dashboard:0
[ 7135751ms] [WARNING] The resource https://mve.vivo.com.br/assets/mve/fonts/f594f2ba13d231e99294.woff2 was preloaded using link preload but not used within a few seconds from the window's load event. Please make sure it has an appropriate `as` value and it is preloaded intentionally. @ https://mve.vivo.com.br/sec/dashboard:0
[ 7166870ms] [WARNING] The resource https://mve.vivo.com.br/assets/mve/fonts/dbe5ac6045d66e680d93.woff2 was preloaded using link preload but not used within a few seconds from the window's load event. Please make sure it has an appropriate `as` value and it is preloaded intentionally. @ https://mve.vivo.com.br/sec/dashboard:0
[ 7166870ms] [WARNING] The resource https://mve.vivo.com.br/assets/mve/fonts/ac09edfac4ebe90e76f7.woff2?b1ckzw was preloaded using link preload but not used within a few seconds from the window's load event. Please make sure it has an appropriate `as` value and it is preloaded intentionally. @ https://mve.vivo.com.br/sec/dashboard:0
[ 7166870ms] [WARNING] The resource https://mve.vivo.com.br/assets/mve/fonts/58d821d46eb6f39ad306.woff2 was preloaded using link preload but not used within a few seconds from the window's load event. Please make sure it has an appropriate `as` value and it is preloaded intentionally. @ https://mve.vivo.com.br/sec/dashboard:0
[ 7166870ms] [WARNING] The resource https://mve.vivo.com.br/assets/mve/fonts/c0ba7690a96b0b25a53d.woff2 was preloaded using link preload but not used within a few seconds from the window's load event. Please make sure it has an appropriate `as` value and it is preloaded intentionally. @ https://mve.vivo.com.br/sec/dashboard:0
[ 7166870ms] [WARNING] The resource https://mve.vivo.com.br/assets/mve/fonts/4ef73e245c02dd8794ff.woff2 was preloaded using link preload but not used within a few seconds from the window's load event. Please make sure it has an appropriate `as` value and it is preloaded intentionally. @ https://mve.vivo.com.br/sec/dashboard:0
[ 7166870ms] [WARNING] The resource https://mve.vivo.com.br/assets/mve/fonts/53e34b29d71619d49dc1.woff2 was preloaded using link preload but not used within a few seconds from the window's load event. Please make sure it has an appropriate `as` value and it is preloaded intentionally. @ https://mve.vivo.com.br/sec/dashboard:0
[ 7166870ms] [WARNING] The resource https://mve.vivo.com.br/assets/mve/fonts/c1e074f52d2cc507b0df.woff2 was preloaded using link preload but not used within a few seconds from the window's load event. Please make sure it has an appropriate `as` value and it is preloaded intentionally. @ https://mve.vivo.com.br/sec/dashboard:0
[ 7166870ms] [WARNING] The resource https://mve.vivo.com.br/assets/mve/fonts/f594f2ba13d231e99294.woff2 was preloaded using link preload but not used within a few seconds from the window's load event. Please make sure it has an appropriate `as` value and it is preloaded intentionally. @ https://mve.vivo.com.br/sec/dashboard:0
[ 7196775ms] [WARNING] The resource https://mve.vivo.com.br/assets/mve/fonts/dbe5ac6045d66e680d93.woff2 was preloaded using link preload but not used within a few seconds from the window's load event. Please make sure it has an appropriate `as` value and it is preloaded intentionally. @ https://mve.vivo.com.br/sec/dashboard:0
[ 7196776ms] [WARNING] The resource https://mve.vivo.com.br/assets/mve/fonts/ac09edfac4ebe90e76f7.woff2?b1ckzw was preloaded using link preload but not used within a few seconds from the window's load event. Please make sure it has an appropriate `as` value and it is preloaded intentionally. @ https://mve.vivo.com.br/sec/dashboard:0
[ 7196776ms] [WARNING] The resource https://mve.vivo.com.br/assets/mve/fonts/58d821d46eb6f39ad306.woff2 was preloaded using link preload but not used within a few seconds from the window's load event. Please make sure it has an appropriate `as` value and it is preloaded intentionally. @ https://mve.vivo.com.br/sec/dashboard:0
[ 7196776ms] [WARNING] The resource https://mve.vivo.com.br/assets/mve/fonts/c0ba7690a96b0b25a53d.woff2 was preloaded using link preload but not used within a few seconds from the window's load event. Please make sure it has an appropriate `as` value and it is preloaded intentionally. @ https://mve.vivo.com.br/sec/dashboard:0
[ 7196776ms] [WARNING] The resource https://mve.vivo.com.br/assets/mve/fonts/4ef73e245c02dd8794ff.woff2 was preloaded using link preload but not used within a few seconds from the window's load event. Please make sure it has an appropriate `as` value and it is preloaded intentionally. @ https://mve.vivo.com.br/sec/dashboard:0
[ 7196776ms] [WARNING] The resource https://mve.vivo.com.br/assets/mve/fonts/53e34b29d71619d49dc1.woff2 was preloaded using link preload but not used within a few seconds from the window's load event. Please make sure it has an appropriate `as` value and it is preloaded intentionally. @ https://mve.vivo.com.br/sec/dashboard:0
[ 7196776ms] [WARNING] The resource https://mve.vivo.com.br/assets/mve/fonts/c1e074f52d2cc507b0df.woff2 was preloaded using link preload but not used within a few seconds from the window's load event. Please make sure it has an appropriate `as` value and it is preloaded intentionally. @ https://mve.vivo.com.br/sec/dashboard:0
[ 7196776ms] [WARNING] The resource https://mve.vivo.com.br/assets/mve/fonts/f594f2ba13d231e99294.woff2 was preloaded using link preload but not used within a few seconds from the window's load event. Please make sure it has an appropriate `as` value and it is preloaded intentionally. @ https://mve.vivo.com.br/sec/dashboard:0
[ 7213189ms] [WARNING] The resource https://mve.vivo.com.br/assets/mve/fonts/dbe5ac6045d66e680d93.woff2 was preloaded using link preload but not used within a few seconds from the window's load event. Please make sure it has an appropriate `as` value and it is preloaded intentionally. @ https://mve.vivo.com.br/sec/dashboard:0
[ 7213189ms] [WARNING] The resource https://mve.vivo.com.br/assets/mve/fonts/ac09edfac4ebe90e76f7.woff2?b1ckzw was preloaded using link preload but not used within a few seconds from the window's load event. Please make sure it has an appropriate `as` value and it is preloaded intentionally. @ https://mve.vivo.com.br/sec/dashboard:0
[ 7213189ms] [WARNING] The resource https://mve.vivo.com.br/assets/mve/fonts/58d821d46eb6f39ad306.woff2 was preloaded using link preload but not used within a few seconds from the window's load event. Please make sure it has an appropriate `as` value and it is preloaded intentionally. @ https://mve.vivo.com.br/sec/dashboard:0
[ 7213189ms] [WARNING] The resource https://mve.vivo.com.br/assets/mve/fonts/c0ba7690a96b0b25a53d.woff2 was preloaded using link preload but not used within a few seconds from the window's load event. Please make sure it has an appropriate `as` value and it is preloaded intentionally. @ https://mve.vivo.com.br/sec/dashboard:0
[ 7213189ms] [WARNING] The resource https://mve.vivo.com.br/assets/mve/fonts/4ef73e245c02dd8794ff.woff2 was preloaded using link preload but not used within a few seconds from the window's load event. Please make sure it has an appropriate `as` value and it is preloaded intentionally. @ https://mve.vivo.com.br/sec/dashboard:0
[ 7213189ms] [WARNING] The resource https://mve.vivo.com.br/assets/mve/fonts/53e34b29d71619d49dc1.woff2 was preloaded using link preload but not used within a few seconds from the window's load event. Please make sure it has an appropriate `as` value and it is preloaded intentionally. @ https://mve.vivo.com.br/sec/dashboard:0
[ 7213189ms] [WARNING] The resource https://mve.vivo.com.br/assets/mve/fonts/c1e074f52d2cc507b0df.woff2 was preloaded using link preload but not used within a few seconds from the window's load event. Please make sure it has an appropriate `as` value and it is preloaded intentionally. @ https://mve.vivo.com.br/sec/dashboard:0
[ 7213190ms] [WARNING] The resource https://mve.vivo.com.br/assets/mve/fonts/f594f2ba13d231e99294.woff2 was preloaded using link preload but not used within a few seconds from the window's load event. Please make sure it has an appropriate `as` value and it is preloaded intentionally. @ https://mve.vivo.com.br/sec/dashboard:0
[ 7227508ms] [WARNING] The resource https://mve.vivo.com.br/assets/mve/fonts/dbe5ac6045d66e680d93.woff2 was preloaded using link preload but not used within a few seconds from the window's load event. Please make sure it has an appropriate `as` value and it is preloaded intentionally. @ https://mve.vivo.com.br/sec/dashboard:0
[ 7227508ms] [WARNING] The resource https://mve.vivo.com.br/assets/mve/fonts/ac09edfac4ebe90e76f7.woff2?b1ckzw was preloaded using link preload but not used within a few seconds from the window's load event. Please make sure it has an appropriate `as` value and it is preloaded intentionally. @ https://mve.vivo.com.br/sec/dashboard:0
[ 7227508ms] [WARNING] The resource https://mve.vivo.com.br/assets/mve/fonts/58d821d46eb6f39ad306.woff2 was preloaded using link preload but not used within a few seconds from the window's load event. Please make sure it has an appropriate `as` value and it is preloaded intentionally. @ https://mve.vivo.com.br/sec/dashboard:0
[ 7227508ms] [WARNING] The resource https://mve.vivo.com.br/assets/mve/fonts/c0ba7690a96b0b25a53d.woff2 was preloaded using link preload but not used within a few seconds from the window's load event. Please make sure it has an appropriate `as` value and it is preloaded intentionally. @ https://mve.vivo.com.br/sec/dashboard:0
[ 7227508ms] [WARNING] The resource https://mve.vivo.com.br/assets/mve/fonts/4ef73e245c02dd8794ff.woff2 was preloaded using link preload but not used within a few seconds from the window's load event. Please make sure it has an appropriate `as` value and it is preloaded intentionally. @ https://mve.vivo.com.br/sec/dashboard:0
[ 7227508ms] [WARNING] The resource https://mve.vivo.com.br/assets/mve/fonts/53e34b29d71619d49dc1.woff2 was preloaded using link preload but not used within a few seconds from the window's load event. Please make sure it has an appropriate `as` value and it is preloaded intentionally. @ https://mve.vivo.com.br/sec/dashboard:0
[ 7227508ms] [WARNING] The resource https://mve.vivo.com.br/assets/mve/fonts/c1e074f52d2cc507b0df.woff2 was preloaded using link preload but not used within a few seconds from the window's load event. Please make sure it has an appropriate `as` value and it is preloaded intentionally. @ https://mve.vivo.com.br/sec/dashboard:0
[ 7227508ms] [WARNING] The resource https://mve.vivo.com.br/assets/mve/fonts/f594f2ba13d231e99294.woff2 was preloaded using link preload but not used within a few seconds from the window's load event. Please make sure it has an appropriate `as` value and it is preloaded intentionally. @ https://mve.vivo.com.br/sec/dashboard:0
[ 7260754ms] [WARNING] The resource https://mve.vivo.com.br/assets/mve/fonts/dbe5ac6045d66e680d93.woff2 was preloaded using link preload but not used within a few seconds from the window's load event. Please make sure it has an appropriate `as` value and it is preloaded intentionally. @ https://mve.vivo.com.br/sec/dashboard:0
[ 7260754ms] [WARNING] The resource https://mve.vivo.com.br/assets/mve/fonts/ac09edfac4ebe90e76f7.woff2?b1ckzw was preloaded using link preload but not used within a few seconds from the window's load event. Please make sure it has an appropriate `as` value and it is preloaded intentionally. @ https://mve.vivo.com.br/sec/dashboard:0
[ 7260754ms] [WARNING] The resource https://mve.vivo.com.br/assets/mve/fonts/58d821d46eb6f39ad306.woff2 was preloaded using link preload but not used within a few seconds from the window's load event. Please make sure it has an appropriate `as` value and it is preloaded intentionally. @ https://mve.vivo.com.br/sec/dashboard:0
[ 7260754ms] [WARNING] The resource https://mve.vivo.com.br/assets/mve/fonts/c0ba7690a96b0b25a53d.woff2 was preloaded using link preload but not used within a few seconds from the window's load event. Please make sure it has an appropriate `as` value and it is preloaded intentionally. @ https://mve.vivo.com.br/sec/dashboard:0
[ 7260754ms] [WARNING] The resource https://mve.vivo.com.br/assets/mve/fonts/4ef73e245c02dd8794ff.woff2 was preloaded using link preload but not used within a few seconds from the window's load event. Please make sure it has an appropriate `as` value and it is preloaded intentionally. @ https://mve.vivo.com.br/sec/dashboard:0
[ 7260754ms] [WARNING] The resource https://mve.vivo.com.br/assets/mve/fonts/53e34b29d71619d49dc1.woff2 was preloaded using link preload but not used within a few seconds from the window's load event. Please make sure it has an appropriate `as` value and it is preloaded intentionally. @ https://mve.vivo.com.br/sec/dashboard:0
[ 7260755ms] [WARNING] The resource https://mve.vivo.com.br/assets/mve/fonts/c1e074f52d2cc507b0df.woff2 was preloaded using link preload but not used within a few seconds from the window's load event. Please make sure it has an appropriate `as` value and it is preloaded intentionally. @ https://mve.vivo.com.br/sec/dashboard:0
[ 7260755ms] [WARNING] The resource https://mve.vivo.com.br/assets/mve/fonts/f594f2ba13d231e99294.woff2 was preloaded using link preload but not used within a few seconds from the window's load event. Please make sure it has an appropriate `as` value and it is preloaded intentionally. @ https://mve.vivo.com.br/sec/dashboard:0
[ 7290155ms] [WARNING] The resource https://mve.vivo.com.br/assets/mve/fonts/dbe5ac6045d66e680d93.woff2 was preloaded using link preload but not used within a few seconds from the window's load event. Please make sure it has an appropriate `as` value and it is preloaded intentionally. @ https://mve.vivo.com.br/sec/dashboard:0
[ 7290155ms] [WARNING] The resource https://mve.vivo.com.br/assets/mve/fonts/ac09edfac4ebe90e76f7.woff2?b1ckzw was preloaded using link preload but not used within a few seconds from the window's load event. Please make sure it has an appropriate `as` value and it is preloaded intentionally. @ https://mve.vivo.com.br/sec/dashboard:0
[ 7290155ms] [WARNING] The resource https://mve.vivo.com.br/assets/mve/fonts/58d821d46eb6f39ad306.woff2 was preloaded using link preload but not used within a few seconds from the window's load event. Please make sure it has an appropriate `as` value and it is preloaded intentionally. @ https://mve.vivo.com.br/sec/dashboard:0
[ 7290155ms] [WARNING] The resource https://mve.vivo.com.br/assets/mve/fonts/c0ba7690a96b0b25a53d.woff2 was preloaded using link preload but not used within a few seconds from the window's load event. Please make sure it has an appropriate `as` value and it is preloaded intentionally. @ https://mve.vivo.com.br/sec/dashboard:0
[ 7290155ms] [WARNING] The resource https://mve.vivo.com.br/assets/mve/fonts/4ef73e245c02dd8794ff.woff2 was preloaded using link preload but not used within a few seconds from the window's load event. Please make sure it has an appropriate `as` value and it is preloaded intentionally. @ https://mve.vivo.com.br/sec/dashboard:0
[ 7290155ms] [WARNING] The resource https://mve.vivo.com.br/assets/mve/fonts/53e34b29d71619d49dc1.woff2 was preloaded using link preload but not used within a few seconds from the window's load event. Please make sure it has an appropriate `as` value and it is preloaded intentionally. @ https://mve.vivo.com.br/sec/dashboard:0
[ 7290155ms] [WARNING] The resource https://mve.vivo.com.br/assets/mve/fonts/c1e074f52d2cc507b0df.woff2 was preloaded using link preload but not used within a few seconds from the window's load event. Please make sure it has an appropriate `as` value and it is preloaded intentionally. @ https://mve.vivo.com.br/sec/dashboard:0
[ 7290155ms] [WARNING] The resource https://mve.vivo.com.br/assets/mve/fonts/f594f2ba13d231e99294.woff2 was preloaded using link preload but not used within a few seconds from the window's load event. Please make sure it has an appropriate `as` value and it is preloaded intentionally. @ https://mve.vivo.com.br/sec/dashboard:0
[ 7307070ms] [WARNING] The resource https://mve.vivo.com.br/assets/mve/fonts/dbe5ac6045d66e680d93.woff2 was preloaded using link preload but not used within a few seconds from the window's load event. Please make sure it has an appropriate `as` value and it is preloaded intentionally. @ https://mve.vivo.com.br/sec/dashboard:0
[ 7307070ms] [WARNING] The resource https://mve.vivo.com.br/assets/mve/fonts/ac09edfac4ebe90e76f7.woff2?b1ckzw was preloaded using link preload but not used within a few seconds from the window's load event. Please make sure it has an appropriate `as` value and it is preloaded intentionally. @ https://mve.vivo.com.br/sec/dashboard:0
[ 7307070ms] [WARNING] The resource https://mve.vivo.com.br/assets/mve/fonts/58d821d46eb6f39ad306.woff2 was preloaded using link preload but not used within a few seconds from the window's load event. Please make sure it has an appropriate `as` value and it is preloaded intentionally. @ https://mve.vivo.com.br/sec/dashboard:0
[ 7307070ms] [WARNING] The resource https://mve.vivo.com.br/assets/mve/fonts/c0ba7690a96b0b25a53d.woff2 was preloaded using link preload but not used within a few seconds from the window's load event. Please make sure it has an appropriate `as` value and it is preloaded intentionally. @ https://mve.vivo.com.br/sec/dashboard:0
[ 7307070ms] [WARNING] The resource https://mve.vivo.com.br/assets/mve/fonts/4ef73e245c02dd8794ff.woff2 was preloaded using link preload but not used within a few seconds from the window's load event. Please make sure it has an appropriate `as` value and it is preloaded intentionally. @ https://mve.vivo.com.br/sec/dashboard:0
[ 7307070ms] [WARNING] The resource https://mve.vivo.com.br/assets/mve/fonts/53e34b29d71619d49dc1.woff2 was preloaded using link preload but not used within a few seconds from the window's load event. Please make sure it has an appropriate `as` value and it is preloaded intentionally. @ https://mve.vivo.com.br/sec/dashboard:0
[ 7307070ms] [WARNING] The resource https://mve.vivo.com.br/assets/mve/fonts/c1e074f52d2cc507b0df.woff2 was preloaded using link preload but not used within a few seconds from the window's load event. Please make sure it has an appropriate `as` value and it is preloaded intentionally. @ https://mve.vivo.com.br/sec/dashboard:0
[ 7307070ms] [WARNING] The resource https://mve.vivo.com.br/assets/mve/fonts/f594f2ba13d231e99294.woff2 was preloaded using link preload but not used within a few seconds from the window's load event. Please make sure it has an appropriate `as` value and it is preloaded intentionally. @ https://mve.vivo.com.br/sec/dashboard:0
[ 7316270ms] [WARNING] The resource https://mve.vivo.com.br/assets/mve/fonts/dbe5ac6045d66e680d93.woff2 was preloaded using link preload but not used within a few seconds from the window's load event. Please make sure it has an appropriate `as` value and it is preloaded intentionally. @ https://mve.vivo.com.br/sec/dashboard:0
[ 7316270ms] [WARNING] The resource https://mve.vivo.com.br/assets/mve/fonts/ac09edfac4ebe90e76f7.woff2?b1ckzw was preloaded using link preload but not used within a few seconds from the window's load event. Please make sure it has an appropriate `as` value and it is preloaded intentionally. @ https://mve.vivo.com.br/sec/dashboard:0
[ 7316270ms] [WARNING] The resource https://mve.vivo.com.br/assets/mve/fonts/58d821d46eb6f39ad306.woff2 was preloaded using link preload but not used within a few seconds from the window's load event. Please make sure it has an appropriate `as` value and it is preloaded intentionally. @ https://mve.vivo.com.br/sec/dashboard:0
[ 7316270ms] [WARNING] The resource https://mve.vivo.com.br/assets/mve/fonts/c0ba7690a96b0b25a53d.woff2 was preloaded using link preload but not used within a few seconds from the window's load event. Please make sure it has an appropriate `as` value and it is preloaded intentionally. @ https://mve.vivo.com.br/sec/dashboard:0
[ 7316270ms] [WARNING] The resource https://mve.vivo.com.br/assets/mve/fonts/4ef73e245c02dd8794ff.woff2 was preloaded using link preload but not used within a few seconds from the window's load event. Please make sure it has an appropriate `as` value and it is preloaded intentionally. @ https://mve.vivo.com.br/sec/dashboard:0
[ 7316270ms] [WARNING] The resource https://mve.vivo.com.br/assets/mve/fonts/53e34b29d71619d49dc1.woff2 was preloaded using link preload but not used within a few seconds from the window's load event. Please make sure it has an appropriate `as` value and it is preloaded intentionally. @ https://mve.vivo.com.br/sec/dashboard:0
[ 7316270ms] [WARNING] The resource https://mve.vivo.com.br/assets/mve/fonts/c1e074f52d2cc507b0df.woff2 was preloaded using link preload but not used within a few seconds from the window's load event. Please make sure it has an appropriate `as` value and it is preloaded intentionally. @ https://mve.vivo.com.br/sec/dashboard:0
[ 7316270ms] [WARNING] The resource https://mve.vivo.com.br/assets/mve/fonts/f594f2ba13d231e99294.woff2 was preloaded using link preload but not used within a few seconds from the window's load event. Please make sure it has an appropriate `as` value and it is preloaded intentionally. @ https://mve.vivo.com.br/sec/dashboard:0
[ 7320900ms] [WARNING] The resource https://mve.vivo.com.br/assets/mve/fonts/dbe5ac6045d66e680d93.woff2 was preloaded using link preload but not used within a few seconds from the window's load event. Please make sure it has an appropriate `as` value and it is preloaded intentionally. @ https://mve.vivo.com.br/sec/dashboard:0
[ 7320900ms] [WARNING] The resource https://mve.vivo.com.br/assets/mve/fonts/ac09edfac4ebe90e76f7.woff2?b1ckzw was preloaded using link preload but not used within a few seconds from the window's load event. Please make sure it has an appropriate `as` value and it is preloaded intentionally. @ https://mve.vivo.com.br/sec/dashboard:0
[ 7320900ms] [WARNING] The resource https://mve.vivo.com.br/assets/mve/fonts/58d821d46eb6f39ad306.woff2 was preloaded using link preload but not used within a few seconds from the window's load event. Please make sure it has an appropriate `as` value and it is preloaded intentionally. @ https://mve.vivo.com.br/sec/dashboard:0
[ 7320900ms] [WARNING] The resource https://mve.vivo.com.br/assets/mve/fonts/c0ba7690a96b0b25a53d.woff2 was preloaded using link preload but not used within a few seconds from the window's load event. Please make sure it has an appropriate `as` value and it is preloaded intentionally. @ https://mve.vivo.com.br/sec/dashboard:0
[ 7320900ms] [WARNING] The resource https://mve.vivo.com.br/assets/mve/fonts/4ef73e245c02dd8794ff.woff2 was preloaded using link preload but not used within a few seconds from the window's load event. Please make sure it has an appropriate `as` value and it is preloaded intentionally. @ https://mve.vivo.com.br/sec/dashboard:0
[ 7320900ms] [WARNING] The resource https://mve.vivo.com.br/assets/mve/fonts/53e34b29d71619d49dc1.woff2 was preloaded using link preload but not used within a few seconds from the window's load event. Please make sure it has an appropriate `as` value and it is preloaded intentionally. @ https://mve.vivo.com.br/sec/dashboard:0
[ 7320900ms] [WARNING] The resource https://mve.vivo.com.br/assets/mve/fonts/c1e074f52d2cc507b0df.woff2 was preloaded using link preload but not used within a few seconds from the window's load event. Please make sure it has an appropriate `as` value and it is preloaded intentionally. @ https://mve.vivo.com.br/sec/dashboard:0
[ 7320900ms] [WARNING] The resource https://mve.vivo.com.br/assets/mve/fonts/f594f2ba13d231e99294.woff2 was preloaded using link preload but not used within a few seconds from the window's load event. Please make sure it has an appropriate `as` value and it is preloaded intentionally. @ https://mve.vivo.com.br/sec/dashboard:0
[ 7353386ms] [WARNING] The resource https://mve.vivo.com.br/assets/mve/fonts/dbe5ac6045d66e680d93.woff2 was preloaded using link preload but not used within a few seconds from the window's load event. Please make sure it has an appropriate `as` value and it is preloaded intentionally. @ https://mve.vivo.com.br/sec/dashboard:0
[ 7353386ms] [WARNING] The resource https://mve.vivo.com.br/assets/mve/fonts/ac09edfac4ebe90e76f7.woff2?b1ckzw was preloaded using link preload but not used within a few seconds from the window's load event. Please make sure it has an appropriate `as` value and it is preloaded intentionally. @ https://mve.vivo.com.br/sec/dashboard:0
[ 7353386ms] [WARNING] The resource https://mve.vivo.com.br/assets/mve/fonts/58d821d46eb6f39ad306.woff2 was preloaded using link preload but not used within a few seconds from the window's load event. Please make sure it has an appropriate `as` value and it is preloaded intentionally. @ https://mve.vivo.com.br/sec/dashboard:0
[ 7353386ms] [WARNING] The resource https://mve.vivo.com.br/assets/mve/fonts/c0ba7690a96b0b25a53d.woff2 was preloaded using link preload but not used within a few seconds from the window's load event. Please make sure it has an appropriate `as` value and it is preloaded intentionally. @ https://mve.vivo.com.br/sec/dashboard:0
[ 7353386ms] [WARNING] The resource https://mve.vivo.com.br/assets/mve/fonts/4ef73e245c02dd8794ff.woff2 was preloaded using link preload but not used within a few seconds from the window's load event. Please make sure it has an appropriate `as` value and it is preloaded intentionally. @ https://mve.vivo.com.br/sec/dashboard:0
[ 7353386ms] [WARNING] The resource https://mve.vivo.com.br/assets/mve/fonts/53e34b29d71619d49dc1.woff2 was preloaded using link preload but not used within a few seconds from the window's load event. Please make sure it has an appropriate `as` value and it is preloaded intentionally. @ https://mve.vivo.com.br/sec/dashboard:0
[ 7353386ms] [WARNING] The resource https://mve.vivo.com.br/assets/mve/fonts/c1e074f52d2cc507b0df.woff2 was preloaded using link preload but not used within a few seconds from the window's load event. Please make sure it has an appropriate `as` value and it is preloaded intentionally. @ https://mve.vivo.com.br/sec/dashboard:0
[ 7353386ms] [WARNING] The resource https://mve.vivo.com.br/assets/mve/fonts/f594f2ba13d231e99294.woff2 was preloaded using link preload but not used within a few seconds from the window's load event. Please make sure it has an appropriate `as` value and it is preloaded intentionally. @ https://mve.vivo.com.br/sec/dashboard:0
[ 7376336ms] [WARNING] The resource https://mve.vivo.com.br/assets/mve/fonts/dbe5ac6045d66e680d93.woff2 was preloaded using link preload but not used within a few seconds from the window's load event. Please make sure it has an appropriate `as` value and it is preloaded intentionally. @ https://mve.vivo.com.br/sec/dashboard:0
[ 7376336ms] [WARNING] The resource https://mve.vivo.com.br/assets/mve/fonts/ac09edfac4ebe90e76f7.woff2?b1ckzw was preloaded using link preload but not used within a few seconds from the window's load event. Please make sure it has an appropriate `as` value and it is preloaded intentionally. @ https://mve.vivo.com.br/sec/dashboard:0
[ 7376336ms] [WARNING] The resource https://mve.vivo.com.br/assets/mve/fonts/58d821d46eb6f39ad306.woff2 was preloaded using link preload but not used within a few seconds from the window's load event. Please make sure it has an appropriate `as` value and it is preloaded intentionally. @ https://mve.vivo.com.br/sec/dashboard:0
[ 7376336ms] [WARNING] The resource https://mve.vivo.com.br/assets/mve/fonts/c0ba7690a96b0b25a53d.woff2 was preloaded using link preload but not used within a few seconds from the window's load event. Please make sure it has an appropriate `as` value and it is preloaded intentionally. @ https://mve.vivo.com.br/sec/dashboard:0
[ 7376336ms] [WARNING] The resource https://mve.vivo.com.br/assets/mve/fonts/4ef73e245c02dd8794ff.woff2 was preloaded using link preload but not used within a few seconds from the window's load event. Please make sure it has an appropriate `as` value and it is preloaded intentionally. @ https://mve.vivo.com.br/sec/dashboard:0
[ 7376336ms] [WARNING] The resource https://mve.vivo.com.br/assets/mve/fonts/53e34b29d71619d49dc1.woff2 was preloaded using link preload but not used within a few seconds from the window's load event. Please make sure it has an appropriate `as` value and it is preloaded intentionally. @ https://mve.vivo.com.br/sec/dashboard:0
[ 7376336ms] [WARNING] The resource https://mve.vivo.com.br/assets/mve/fonts/c1e074f52d2cc507b0df.woff2 was preloaded using link preload but not used within a few seconds from the window's load event. Please make sure it has an appropriate `as` value and it is preloaded intentionally. @ https://mve.vivo.com.br/sec/dashboard:0
[ 7376336ms] [WARNING] The resource https://mve.vivo.com.br/assets/mve/fonts/f594f2ba13d231e99294.woff2 was preloaded using link preload but not used within a few seconds from the window's load event. Please make sure it has an appropriate `as` value and it is preloaded intentionally. @ https://mve.vivo.com.br/sec/dashboard:0
[ 7382969ms] [WARNING] The resource https://mve.vivo.com.br/assets/mve/fonts/dbe5ac6045d66e680d93.woff2 was preloaded using link preload but not used within a few seconds from the window's load event. Please make sure it has an appropriate `as` value and it is preloaded intentionally. @ https://mve.vivo.com.br/sec/dashboard:0
[ 7382969ms] [WARNING] The resource https://mve.vivo.com.br/assets/mve/fonts/ac09edfac4ebe90e76f7.woff2?b1ckzw was preloaded using link preload but not used within a few seconds from the window's load event. Please make sure it has an appropriate `as` value and it is preloaded intentionally. @ https://mve.vivo.com.br/sec/dashboard:0
[ 7382969ms] [WARNING] The resource https://mve.vivo.com.br/assets/mve/fonts/58d821d46eb6f39ad306.woff2 was preloaded using link preload but not used within a few seconds from the window's load event. Please make sure it has an appropriate `as` value and it is preloaded intentionally. @ https://mve.vivo.com.br/sec/dashboard:0
[ 7382969ms] [WARNING] The resource https://mve.vivo.com.br/assets/mve/fonts/c0ba7690a96b0b25a53d.woff2 was preloaded using link preload but not used within a few seconds from the window's load event. Please make sure it has an appropriate `as` value and it is preloaded intentionally. @ https://mve.vivo.com.br/sec/dashboard:0
[ 7382969ms] [WARNING] The resource https://mve.vivo.com.br/assets/mve/fonts/4ef73e245c02dd8794ff.woff2 was preloaded using link preload but not used within a few seconds from the window's load event. Please make sure it has an appropriate `as` value and it is preloaded intentionally. @ https://mve.vivo.com.br/sec/dashboard:0
[ 7382969ms] [WARNING] The resource https://mve.vivo.com.br/assets/mve/fonts/53e34b29d71619d49dc1.woff2 was preloaded using link preload but not used within a few seconds from the window's load event. Please make sure it has an appropriate `as` value and it is preloaded intentionally. @ https://mve.vivo.com.br/sec/dashboard:0
[ 7382969ms] [WARNING] The resource https://mve.vivo.com.br/assets/mve/fonts/c1e074f52d2cc507b0df.woff2 was preloaded using link preload but not used within a few seconds from the window's load event. Please make sure it has an appropriate `as` value and it is preloaded intentionally. @ https://mve.vivo.com.br/sec/dashboard:0
[ 7382969ms] [WARNING] The resource https://mve.vivo.com.br/assets/mve/fonts/f594f2ba13d231e99294.woff2 was preloaded using link preload but not used within a few seconds from the window's load event. Please make sure it has an appropriate `as` value and it is preloaded intentionally. @ https://mve.vivo.com.br/sec/dashboard:0
[ 7416019ms] [WARNING] The resource https://mve.vivo.com.br/assets/mve/fonts/dbe5ac6045d66e680d93.woff2 was preloaded using link preload but not used within a few seconds from the window's load event. Please make sure it has an appropriate `as` value and it is preloaded intentionally. @ https://mve.vivo.com.br/sec/dashboard:0
[ 7416019ms] [WARNING] The resource https://mve.vivo.com.br/assets/mve/fonts/ac09edfac4ebe90e76f7.woff2?b1ckzw was preloaded using link preload but not used within a few seconds from the window's load event. Please make sure it has an appropriate `as` value and it is preloaded intentionally. @ https://mve.vivo.com.br/sec/dashboard:0
[ 7416019ms] [WARNING] The resource https://mve.vivo.com.br/assets/mve/fonts/58d821d46eb6f39ad306.woff2 was preloaded using link preload but not used within a few seconds from the window's load event. Please make sure it has an appropriate `as` value and it is preloaded intentionally. @ https://mve.vivo.com.br/sec/dashboard:0
[ 7416019ms] [WARNING] The resource https://mve.vivo.com.br/assets/mve/fonts/c0ba7690a96b0b25a53d.woff2 was preloaded using link preload but not used within a few seconds from the window's load event. Please make sure it has an appropriate `as` value and it is preloaded intentionally. @ https://mve.vivo.com.br/sec/dashboard:0
[ 7416019ms] [WARNING] The resource https://mve.vivo.com.br/assets/mve/fonts/4ef73e245c02dd8794ff.woff2 was preloaded using link preload but not used within a few seconds from the window's load event. Please make sure it has an appropriate `as` value and it is preloaded intentionally. @ https://mve.vivo.com.br/sec/dashboard:0
[ 7416019ms] [WARNING] The resource https://mve.vivo.com.br/assets/mve/fonts/53e34b29d71619d49dc1.woff2 was preloaded using link preload but not used within a few seconds from the window's load event. Please make sure it has an appropriate `as` value and it is preloaded intentionally. @ https://mve.vivo.com.br/sec/dashboard:0
[ 7416019ms] [WARNING] The resource https://mve.vivo.com.br/assets/mve/fonts/c1e074f52d2cc507b0df.woff2 was preloaded using link preload but not used within a few seconds from the window's load event. Please make sure it has an appropriate `as` value and it is preloaded intentionally. @ https://mve.vivo.com.br/sec/dashboard:0
[ 7416019ms] [WARNING] The resource https://mve.vivo.com.br/assets/mve/fonts/f594f2ba13d231e99294.woff2 was preloaded using link preload but not used within a few seconds from the window's load event. Please make sure it has an appropriate `as` value and it is preloaded intentionally. @ https://mve.vivo.com.br/sec/dashboard:0
[ 7436438ms] [WARNING] The resource https://mve.vivo.com.br/assets/mve/fonts/dbe5ac6045d66e680d93.woff2 was preloaded using link preload but not used within a few seconds from the window's load event. Please make sure it has an appropriate `as` value and it is preloaded intentionally. @ https://mve.vivo.com.br/sec/dashboard:0
[ 7436438ms] [WARNING] The resource https://mve.vivo.com.br/assets/mve/fonts/ac09edfac4ebe90e76f7.woff2?b1ckzw was preloaded using link preload but not used within a few seconds from the window's load event. Please make sure it has an appropriate `as` value and it is preloaded intentionally. @ https://mve.vivo.com.br/sec/dashboard:0
[ 7436438ms] [WARNING] The resource https://mve.vivo.com.br/assets/mve/fonts/58d821d46eb6f39ad306.woff2 was preloaded using link preload but not used within a few seconds from the window's load event. Please make sure it has an appropriate `as` value and it is preloaded intentionally. @ https://mve.vivo.com.br/sec/dashboard:0
[ 7436438ms] [WARNING] The resource https://mve.vivo.com.br/assets/mve/fonts/c0ba7690a96b0b25a53d.woff2 was preloaded using link preload but not used within a few seconds from the window's load event. Please make sure it has an appropriate `as` value and it is preloaded intentionally. @ https://mve.vivo.com.br/sec/dashboard:0
[ 7436438ms] [WARNING] The resource https://mve.vivo.com.br/assets/mve/fonts/4ef73e245c02dd8794ff.woff2 was preloaded using link preload but not used within a few seconds from the window's load event. Please make sure it has an appropriate `as` value and it is preloaded intentionally. @ https://mve.vivo.com.br/sec/dashboard:0
[ 7436438ms] [WARNING] The resource https://mve.vivo.com.br/assets/mve/fonts/53e34b29d71619d49dc1.woff2 was preloaded using link preload but not used within a few seconds from the window's load event. Please make sure it has an appropriate `as` value and it is preloaded intentionally. @ https://mve.vivo.com.br/sec/dashboard:0
[ 7436438ms] [WARNING] The resource https://mve.vivo.com.br/assets/mve/fonts/c1e074f52d2cc507b0df.woff2 was preloaded using link preload but not used within a few seconds from the window's load event. Please make sure it has an appropriate `as` value and it is preloaded intentionally. @ https://mve.vivo.com.br/sec/dashboard:0
[ 7436438ms] [WARNING] The resource https://mve.vivo.com.br/assets/mve/fonts/f594f2ba13d231e99294.woff2 was preloaded using link preload but not used within a few seconds from the window's load event. Please make sure it has an appropriate `as` value and it is preloaded intentionally. @ https://mve.vivo.com.br/sec/dashboard:0
[ 7445602ms] [WARNING] The resource https://mve.vivo.com.br/assets/mve/fonts/dbe5ac6045d66e680d93.woff2 was preloaded using link preload but not used within a few seconds from the window's load event. Please make sure it has an appropriate `as` value and it is preloaded intentionally. @ https://mve.vivo.com.br/sec/dashboard:0
[ 7445602ms] [WARNING] The resource https://mve.vivo.com.br/assets/mve/fonts/ac09edfac4ebe90e76f7.woff2?b1ckzw was preloaded using link preload but not used within a few seconds from the window's load event. Please make sure it has an appropriate `as` value and it is preloaded intentionally. @ https://mve.vivo.com.br/sec/dashboard:0
[ 7445602ms] [WARNING] The resource https://mve.vivo.com.br/assets/mve/fonts/58d821d46eb6f39ad306.woff2 was preloaded using link preload but not used within a few seconds from the window's load event. Please make sure it has an appropriate `as` value and it is preloaded intentionally. @ https://mve.vivo.com.br/sec/dashboard:0
[ 7445602ms] [WARNING] The resource https://mve.vivo.com.br/assets/mve/fonts/c0ba7690a96b0b25a53d.woff2 was preloaded using link preload but not used within a few seconds from the window's load event. Please make sure it has an appropriate `as` value and it is preloaded intentionally. @ https://mve.vivo.com.br/sec/dashboard:0
[ 7445602ms] [WARNING] The resource https://mve.vivo.com.br/assets/mve/fonts/4ef73e245c02dd8794ff.woff2 was preloaded using link preload but not used within a few seconds from the window's load event. Please make sure it has an appropriate `as` value and it is preloaded intentionally. @ https://mve.vivo.com.br/sec/dashboard:0
[ 7445602ms] [WARNING] The resource https://mve.vivo.com.br/assets/mve/fonts/53e34b29d71619d49dc1.woff2 was preloaded using link preload but not used within a few seconds from the window's load event. Please make sure it has an appropriate `as` value and it is preloaded intentionally. @ https://mve.vivo.com.br/sec/dashboard:0
[ 7445602ms] [WARNING] The resource https://mve.vivo.com.br/assets/mve/fonts/c1e074f52d2cc507b0df.woff2 was preloaded using link preload but not used within a few seconds from the window's load event. Please make sure it has an appropriate `as` value and it is preloaded intentionally. @ https://mve.vivo.com.br/sec/dashboard:0
[ 7445602ms] [WARNING] The resource https://mve.vivo.com.br/assets/mve/fonts/f594f2ba13d231e99294.woff2 was preloaded using link preload but not used within a few seconds from the window's load event. Please make sure it has an appropriate `as` value and it is preloaded intentionally. @ https://mve.vivo.com.br/sec/dashboard:0
[ 7462352ms] [WARNING] The resource https://mve.vivo.com.br/assets/mve/fonts/dbe5ac6045d66e680d93.woff2 was preloaded using link preload but not used within a few seconds from the window's load event. Please make sure it has an appropriate `as` value and it is preloaded intentionally. @ https://mve.vivo.com.br/sec/dashboard:0
[ 7462352ms] [WARNING] The resource https://mve.vivo.com.br/assets/mve/fonts/ac09edfac4ebe90e76f7.woff2?b1ckzw was preloaded using link preload but not used within a few seconds from the window's load event. Please make sure it has an appropriate `as` value and it is preloaded intentionally. @ https://mve.vivo.com.br/sec/dashboard:0
[ 7462352ms] [WARNING] The resource https://mve.vivo.com.br/assets/mve/fonts/58d821d46eb6f39ad306.woff2 was preloaded using link preload but not used within a few seconds from the window's load event. Please make sure it has an appropriate `as` value and it is preloaded intentionally. @ https://mve.vivo.com.br/sec/dashboard:0
[ 7462352ms] [WARNING] The resource https://mve.vivo.com.br/assets/mve/fonts/c0ba7690a96b0b25a53d.woff2 was preloaded using link preload but not used within a few seconds from the window's load event. Please make sure it has an appropriate `as` value and it is preloaded intentionally. @ https://mve.vivo.com.br/sec/dashboard:0
[ 7462352ms] [WARNING] The resource https://mve.vivo.com.br/assets/mve/fonts/4ef73e245c02dd8794ff.woff2 was preloaded using link preload but not used within a few seconds from the window's load event. Please make sure it has an appropriate `as` value and it is preloaded intentionally. @ https://mve.vivo.com.br/sec/dashboard:0
[ 7462352ms] [WARNING] The resource https://mve.vivo.com.br/assets/mve/fonts/53e34b29d71619d49dc1.woff2 was preloaded using link preload but not used within a few seconds from the window's load event. Please make sure it has an appropriate `as` value and it is preloaded intentionally. @ https://mve.vivo.com.br/sec/dashboard:0
[ 7462352ms] [WARNING] The resource https://mve.vivo.com.br/assets/mve/fonts/c1e074f52d2cc507b0df.woff2 was preloaded using link preload but not used within a few seconds from the window's load event. Please make sure it has an appropriate `as` value and it is preloaded intentionally. @ https://mve.vivo.com.br/sec/dashboard:0
[ 7462352ms] [WARNING] The resource https://mve.vivo.com.br/assets/mve/fonts/f594f2ba13d231e99294.woff2 was preloaded using link preload but not used within a few seconds from the window's load event. Please make sure it has an appropriate `as` value and it is preloaded intentionally. @ https://mve.vivo.com.br/sec/dashboard:0
[ 7476368ms] [WARNING] The resource https://mve.vivo.com.br/assets/mve/fonts/dbe5ac6045d66e680d93.woff2 was preloaded using link preload but not used within a few seconds from the window's load event. Please make sure it has an appropriate `as` value and it is preloaded intentionally. @ https://mve.vivo.com.br/sec/dashboard:0
[ 7476368ms] [WARNING] The resource https://mve.vivo.com.br/assets/mve/fonts/ac09edfac4ebe90e76f7.woff2?b1ckzw was preloaded using link preload but not used within a few seconds from the window's load event. Please make sure it has an appropriate `as` value and it is preloaded intentionally. @ https://mve.vivo.com.br/sec/dashboard:0
[ 7476368ms] [WARNING] The resource https://mve.vivo.com.br/assets/mve/fonts/58d821d46eb6f39ad306.woff2 was preloaded using link preload but not used within a few seconds from the window's load event. Please make sure it has an appropriate `as` value and it is preloaded intentionally. @ https://mve.vivo.com.br/sec/dashboard:0
[ 7476368ms] [WARNING] The resource https://mve.vivo.com.br/assets/mve/fonts/c0ba7690a96b0b25a53d.woff2 was preloaded using link preload but not used within a few seconds from the window's load event. Please make sure it has an appropriate `as` value and it is preloaded intentionally. @ https://mve.vivo.com.br/sec/dashboard:0
[ 7476368ms] [WARNING] The resource https://mve.vivo.com.br/assets/mve/fonts/4ef73e245c02dd8794ff.woff2 was preloaded using link preload but not used within a few seconds from the window's load event. Please make sure it has an appropriate `as` value and it is preloaded intentionally. @ https://mve.vivo.com.br/sec/dashboard:0
[ 7476368ms] [WARNING] The resource https://mve.vivo.com.br/assets/mve/fonts/53e34b29d71619d49dc1.woff2 was preloaded using link preload but not used within a few seconds from the window's load event. Please make sure it has an appropriate `as` value and it is preloaded intentionally. @ https://mve.vivo.com.br/sec/dashboard:0
[ 7476368ms] [WARNING] The resource https://mve.vivo.com.br/assets/mve/fonts/c1e074f52d2cc507b0df.woff2 was preloaded using link preload but not used within a few seconds from the window's load event. Please make sure it has an appropriate `as` value and it is preloaded intentionally. @ https://mve.vivo.com.br/sec/dashboard:0
[ 7476368ms] [WARNING] The resource https://mve.vivo.com.br/assets/mve/fonts/f594f2ba13d231e99294.woff2 was preloaded using link preload but not used within a few seconds from the window's load event. Please make sure it has an appropriate `as` value and it is preloaded intentionally. @ https://mve.vivo.com.br/sec/dashboard:0
[ 7496520ms] [WARNING] The resource https://mve.vivo.com.br/assets/mve/fonts/dbe5ac6045d66e680d93.woff2 was preloaded using link preload but not used within a few seconds from the window's load event. Please make sure it has an appropriate `as` value and it is preloaded intentionally. @ https://mve.vivo.com.br/sec/dashboard:0
[ 7496520ms] [WARNING] The resource https://mve.vivo.com.br/assets/mve/fonts/ac09edfac4ebe90e76f7.woff2?b1ckzw was preloaded using link preload but not used within a few seconds from the window's load event. Please make sure it has an appropriate `as` value and it is preloaded intentionally. @ https://mve.vivo.com.br/sec/dashboard:0
[ 7496520ms] [WARNING] The resource https://mve.vivo.com.br/assets/mve/fonts/58d821d46eb6f39ad306.woff2 was preloaded using link preload but not used within a few seconds from the window's load event. Please make sure it has an appropriate `as` value and it is preloaded intentionally. @ https://mve.vivo.com.br/sec/dashboard:0
[ 7496520ms] [WARNING] The resource https://mve.vivo.com.br/assets/mve/fonts/c0ba7690a96b0b25a53d.woff2 was preloaded using link preload but not used within a few seconds from the window's load event. Please make sure it has an appropriate `as` value and it is preloaded intentionally. @ https://mve.vivo.com.br/sec/dashboard:0
[ 7496520ms] [WARNING] The resource https://mve.vivo.com.br/assets/mve/fonts/4ef73e245c02dd8794ff.woff2 was preloaded using link preload but not used within a few seconds from the window's load event. Please make sure it has an appropriate `as` value and it is preloaded intentionally. @ https://mve.vivo.com.br/sec/dashboard:0
[ 7496520ms] [WARNING] The resource https://mve.vivo.com.br/assets/mve/fonts/53e34b29d71619d49dc1.woff2 was preloaded using link preload but not used within a few seconds from the window's load event. Please make sure it has an appropriate `as` value and it is preloaded intentionally. @ https://mve.vivo.com.br/sec/dashboard:0
[ 7496520ms] [WARNING] The resource https://mve.vivo.com.br/assets/mve/fonts/c1e074f52d2cc507b0df.woff2 was preloaded using link preload but not used within a few seconds from the window's load event. Please make sure it has an appropriate `as` value and it is preloaded intentionally. @ https://mve.vivo.com.br/sec/dashboard:0
[ 7496520ms] [WARNING] The resource https://mve.vivo.com.br/assets/mve/fonts/f594f2ba13d231e99294.woff2 was preloaded using link preload but not used within a few seconds from the window's load event. Please make sure it has an appropriate `as` value and it is preloaded intentionally. @ https://mve.vivo.com.br/sec/dashboard:0
[ 7508651ms] [WARNING] The resource https://mve.vivo.com.br/assets/mve/fonts/dbe5ac6045d66e680d93.woff2 was preloaded using link preload but not used within a few seconds from the window's load event. Please make sure it has an appropriate `as` value and it is preloaded intentionally. @ https://mve.vivo.com.br/sec/dashboard:0
[ 7508652ms] [WARNING] The resource https://mve.vivo.com.br/assets/mve/fonts/ac09edfac4ebe90e76f7.woff2?b1ckzw was preloaded using link preload but not used within a few seconds from the window's load event. Please make sure it has an appropriate `as` value and it is preloaded intentionally. @ https://mve.vivo.com.br/sec/dashboard:0
[ 7508652ms] [WARNING] The resource https://mve.vivo.com.br/assets/mve/fonts/58d821d46eb6f39ad306.woff2 was preloaded using link preload but not used within a few seconds from the window's load event. Please make sure it has an appropriate `as` value and it is preloaded intentionally. @ https://mve.vivo.com.br/sec/dashboard:0
[ 7508652ms] [WARNING] The resource https://mve.vivo.com.br/assets/mve/fonts/c0ba7690a96b0b25a53d.woff2 was preloaded using link preload but not used within a few seconds from the window's load event. Please make sure it has an appropriate `as` value and it is preloaded intentionally. @ https://mve.vivo.com.br/sec/dashboard:0
[ 7508652ms] [WARNING] The resource https://mve.vivo.com.br/assets/mve/fonts/4ef73e245c02dd8794ff.woff2 was preloaded using link preload but not used within a few seconds from the window's load event. Please make sure it has an appropriate `as` value and it is preloaded intentionally. @ https://mve.vivo.com.br/sec/dashboard:0
[ 7508652ms] [WARNING] The resource https://mve.vivo.com.br/assets/mve/fonts/53e34b29d71619d49dc1.woff2 was preloaded using link preload but not used within a few seconds from the window's load event. Please make sure it has an appropriate `as` value and it is preloaded intentionally. @ https://mve.vivo.com.br/sec/dashboard:0
[ 7508652ms] [WARNING] The resource https://mve.vivo.com.br/assets/mve/fonts/c1e074f52d2cc507b0df.woff2 was preloaded using link preload but not used within a few seconds from the window's load event. Please make sure it has an appropriate `as` value and it is preloaded intentionally. @ https://mve.vivo.com.br/sec/dashboard:0
[ 7508652ms] [WARNING] The resource https://mve.vivo.com.br/assets/mve/fonts/f594f2ba13d231e99294.woff2 was preloaded using link preload but not used within a few seconds from the window's load event. Please make sure it has an appropriate `as` value and it is preloaded intentionally. @ https://mve.vivo.com.br/sec/dashboard:0
[ 7538433ms] [WARNING] The resource https://mve.vivo.com.br/assets/mve/fonts/dbe5ac6045d66e680d93.woff2 was preloaded using link preload but not used within a few seconds from the window's load event. Please make sure it has an appropriate `as` value and it is preloaded intentionally. @ https://mve.vivo.com.br/sec/dashboard:0
[ 7538433ms] [WARNING] The resource https://mve.vivo.com.br/assets/mve/fonts/ac09edfac4ebe90e76f7.woff2?b1ckzw was preloaded using link preload but not used within a few seconds from the window's load event. Please make sure it has an appropriate `as` value and it is preloaded intentionally. @ https://mve.vivo.com.br/sec/dashboard:0
[ 7538433ms] [WARNING] The resource https://mve.vivo.com.br/assets/mve/fonts/58d821d46eb6f39ad306.woff2 was preloaded using link preload but not used within a few seconds from the window's load event. Please make sure it has an appropriate `as` value and it is preloaded intentionally. @ https://mve.vivo.com.br/sec/dashboard:0
[ 7538433ms] [WARNING] The resource https://mve.vivo.com.br/assets/mve/fonts/c0ba7690a96b0b25a53d.woff2 was preloaded using link preload but not used within a few seconds from the window's load event. Please make sure it has an appropriate `as` value and it is preloaded intentionally. @ https://mve.vivo.com.br/sec/dashboard:0
[ 7538433ms] [WARNING] The resource https://mve.vivo.com.br/assets/mve/fonts/4ef73e245c02dd8794ff.woff2 was preloaded using link preload but not used within a few seconds from the window's load event. Please make sure it has an appropriate `as` value and it is preloaded intentionally. @ https://mve.vivo.com.br/sec/dashboard:0
[ 7538433ms] [WARNING] The resource https://mve.vivo.com.br/assets/mve/fonts/53e34b29d71619d49dc1.woff2 was preloaded using link preload but not used within a few seconds from the window's load event. Please make sure it has an appropriate `as` value and it is preloaded intentionally. @ https://mve.vivo.com.br/sec/dashboard:0
[ 7538433ms] [WARNING] The resource https://mve.vivo.com.br/assets/mve/fonts/c1e074f52d2cc507b0df.woff2 was preloaded using link preload but not used within a few seconds from the window's load event. Please make sure it has an appropriate `as` value and it is preloaded intentionally. @ https://mve.vivo.com.br/sec/dashboard:0
[ 7538433ms] [WARNING] The resource https://mve.vivo.com.br/assets/mve/fonts/f594f2ba13d231e99294.woff2 was preloaded using link preload but not used within a few seconds from the window's load event. Please make sure it has an appropriate `as` value and it is preloaded intentionally. @ https://mve.vivo.com.br/sec/dashboard:0
[ 7556631ms] [WARNING] The resource https://mve.vivo.com.br/assets/mve/fonts/dbe5ac6045d66e680d93.woff2 was preloaded using link preload but not used within a few seconds from the window's load event. Please make sure it has an appropriate `as` value and it is preloaded intentionally. @ https://mve.vivo.com.br/sec/dashboard:0
[ 7556631ms] [WARNING] The resource https://mve.vivo.com.br/assets/mve/fonts/ac09edfac4ebe90e76f7.woff2?b1ckzw was preloaded using link preload but not used within a few seconds from the window's load event. Please make sure it has an appropriate `as` value and it is preloaded intentionally. @ https://mve.vivo.com.br/sec/dashboard:0
[ 7556631ms] [WARNING] The resource https://mve.vivo.com.br/assets/mve/fonts/58d821d46eb6f39ad306.woff2 was preloaded using link preload but not used within a few seconds from the window's load event. Please make sure it has an appropriate `as` value and it is preloaded intentionally. @ https://mve.vivo.com.br/sec/dashboard:0
[ 7556631ms] [WARNING] The resource https://mve.vivo.com.br/assets/mve/fonts/c0ba7690a96b0b25a53d.woff2 was preloaded using link preload but not used within a few seconds from the window's load event. Please make sure it has an appropriate `as` value and it is preloaded intentionally. @ https://mve.vivo.com.br/sec/dashboard:0
[ 7556631ms] [WARNING] The resource https://mve.vivo.com.br/assets/mve/fonts/4ef73e245c02dd8794ff.woff2 was preloaded using link preload but not used within a few seconds from the window's load event. Please make sure it has an appropriate `as` value and it is preloaded intentionally. @ https://mve.vivo.com.br/sec/dashboard:0
[ 7556631ms] [WARNING] The resource https://mve.vivo.com.br/assets/mve/fonts/53e34b29d71619d49dc1.woff2 was preloaded using link preload but not used within a few seconds from the window's load event. Please make sure it has an appropriate `as` value and it is preloaded intentionally. @ https://mve.vivo.com.br/sec/dashboard:0
[ 7556631ms] [WARNING] The resource https://mve.vivo.com.br/assets/mve/fonts/c1e074f52d2cc507b0df.woff2 was preloaded using link preload but not used within a few seconds from the window's load event. Please make sure it has an appropriate `as` value and it is preloaded intentionally. @ https://mve.vivo.com.br/sec/dashboard:0
[ 7556631ms] [WARNING] The resource https://mve.vivo.com.br/assets/mve/fonts/f594f2ba13d231e99294.woff2 was preloaded using link preload but not used within a few seconds from the window's load event. Please make sure it has an appropriate `as` value and it is preloaded intentionally. @ https://mve.vivo.com.br/sec/dashboard:0
[ 7571267ms] [WARNING] The resource https://mve.vivo.com.br/assets/mve/fonts/dbe5ac6045d66e680d93.woff2 was preloaded using link preload but not used within a few seconds from the window's load event. Please make sure it has an appropriate `as` value and it is preloaded intentionally. @ https://mve.vivo.com.br/sec/dashboard:0
[ 7571267ms] [WARNING] The resource https://mve.vivo.com.br/assets/mve/fonts/ac09edfac4ebe90e76f7.woff2?b1ckzw was preloaded using link preload but not used within a few seconds from the window's load event. Please make sure it has an appropriate `as` value and it is preloaded intentionally. @ https://mve.vivo.com.br/sec/dashboard:0
[ 7571267ms] [WARNING] The resource https://mve.vivo.com.br/assets/mve/fonts/58d821d46eb6f39ad306.woff2 was preloaded using link preload but not used within a few seconds from the window's load event. Please make sure it has an appropriate `as` value and it is preloaded intentionally. @ https://mve.vivo.com.br/sec/dashboard:0
[ 7571267ms] [WARNING] The resource https://mve.vivo.com.br/assets/mve/fonts/c0ba7690a96b0b25a53d.woff2 was preloaded using link preload but not used within a few seconds from the window's load event. Please make sure it has an appropriate `as` value and it is preloaded intentionally. @ https://mve.vivo.com.br/sec/dashboard:0
[ 7571267ms] [WARNING] The resource https://mve.vivo.com.br/assets/mve/fonts/4ef73e245c02dd8794ff.woff2 was preloaded using link preload but not used within a few seconds from the window's load event. Please make sure it has an appropriate `as` value and it is preloaded intentionally. @ https://mve.vivo.com.br/sec/dashboard:0
[ 7571267ms] [WARNING] The resource https://mve.vivo.com.br/assets/mve/fonts/53e34b29d71619d49dc1.woff2 was preloaded using link preload but not used within a few seconds from the window's load event. Please make sure it has an appropriate `as` value and it is preloaded intentionally. @ https://mve.vivo.com.br/sec/dashboard:0
[ 7571267ms] [WARNING] The resource https://mve.vivo.com.br/assets/mve/fonts/c1e074f52d2cc507b0df.woff2 was preloaded using link preload but not used within a few seconds from the window's load event. Please make sure it has an appropriate `as` value and it is preloaded intentionally. @ https://mve.vivo.com.br/sec/dashboard:0
[ 7571267ms] [WARNING] The resource https://mve.vivo.com.br/assets/mve/fonts/f594f2ba13d231e99294.woff2 was preloaded using link preload but not used within a few seconds from the window's load event. Please make sure it has an appropriate `as` value and it is preloaded intentionally. @ https://mve.vivo.com.br/sec/dashboard:0
[ 7601066ms] [WARNING] The resource https://mve.vivo.com.br/assets/mve/fonts/dbe5ac6045d66e680d93.woff2 was preloaded using link preload but not used within a few seconds from the window's load event. Please make sure it has an appropriate `as` value and it is preloaded intentionally. @ https://mve.vivo.com.br/sec/dashboard:0
[ 7601066ms] [WARNING] The resource https://mve.vivo.com.br/assets/mve/fonts/ac09edfac4ebe90e76f7.woff2?b1ckzw was preloaded using link preload but not used within a few seconds from the window's load event. Please make sure it has an appropriate `as` value and it is preloaded intentionally. @ https://mve.vivo.com.br/sec/dashboard:0
[ 7601066ms] [WARNING] The resource https://mve.vivo.com.br/assets/mve/fonts/58d821d46eb6f39ad306.woff2 was preloaded using link preload but not used within a few seconds from the window's load event. Please make sure it has an appropriate `as` value and it is preloaded intentionally. @ https://mve.vivo.com.br/sec/dashboard:0
[ 7601066ms] [WARNING] The resource https://mve.vivo.com.br/assets/mve/fonts/c0ba7690a96b0b25a53d.woff2 was preloaded using link preload but not used within a few seconds from the window's load event. Please make sure it has an appropriate `as` value and it is preloaded intentionally. @ https://mve.vivo.com.br/sec/dashboard:0
[ 7601066ms] [WARNING] The resource https://mve.vivo.com.br/assets/mve/fonts/4ef73e245c02dd8794ff.woff2 was preloaded using link preload but not used within a few seconds from the window's load event. Please make sure it has an appropriate `as` value and it is preloaded intentionally. @ https://mve.vivo.com.br/sec/dashboard:0
[ 7601066ms] [WARNING] The resource https://mve.vivo.com.br/assets/mve/fonts/53e34b29d71619d49dc1.woff2 was preloaded using link preload but not used within a few seconds from the window's load event. Please make sure it has an appropriate `as` value and it is preloaded intentionally. @ https://mve.vivo.com.br/sec/dashboard:0
[ 7601066ms] [WARNING] The resource https://mve.vivo.com.br/assets/mve/fonts/c1e074f52d2cc507b0df.woff2 was preloaded using link preload but not used within a few seconds from the window's load event. Please make sure it has an appropriate `as` value and it is preloaded intentionally. @ https://mve.vivo.com.br/sec/dashboard:0
[ 7601066ms] [WARNING] The resource https://mve.vivo.com.br/assets/mve/fonts/f594f2ba13d231e99294.woff2 was preloaded using link preload but not used within a few seconds from the window's load event. Please make sure it has an appropriate `as` value and it is preloaded intentionally. @ https://mve.vivo.com.br/sec/dashboard:0
[ 7617599ms] [WARNING] The resource https://mve.vivo.com.br/assets/mve/fonts/dbe5ac6045d66e680d93.woff2 was preloaded using link preload but not used within a few seconds from the window's load event. Please make sure it has an appropriate `as` value and it is preloaded intentionally. @ https://mve.vivo.com.br/sec/dashboard:0
[ 7617599ms] [WARNING] The resource https://mve.vivo.com.br/assets/mve/fonts/ac09edfac4ebe90e76f7.woff2?b1ckzw was preloaded using link preload but not used within a few seconds from the window's load event. Please make sure it has an appropriate `as` value and it is preloaded intentionally. @ https://mve.vivo.com.br/sec/dashboard:0
[ 7617599ms] [WARNING] The resource https://mve.vivo.com.br/assets/mve/fonts/58d821d46eb6f39ad306.woff2 was preloaded using link preload but not used within a few seconds from the window's load event. Please make sure it has an appropriate `as` value and it is preloaded intentionally. @ https://mve.vivo.com.br/sec/dashboard:0
[ 7617599ms] [WARNING] The resource https://mve.vivo.com.br/assets/mve/fonts/c0ba7690a96b0b25a53d.woff2 was preloaded using link preload but not used within a few seconds from the window's load event. Please make sure it has an appropriate `as` value and it is preloaded intentionally. @ https://mve.vivo.com.br/sec/dashboard:0
[ 7617599ms] [WARNING] The resource https://mve.vivo.com.br/assets/mve/fonts/4ef73e245c02dd8794ff.woff2 was preloaded using link preload but not used within a few seconds from the window's load event. Please make sure it has an appropriate `as` value and it is preloaded intentionally. @ https://mve.vivo.com.br/sec/dashboard:0
[ 7617599ms] [WARNING] The resource https://mve.vivo.com.br/assets/mve/fonts/53e34b29d71619d49dc1.woff2 was preloaded using link preload but not used within a few seconds from the window's load event. Please make sure it has an appropriate `as` value and it is preloaded intentionally. @ https://mve.vivo.com.br/sec/dashboard:0
[ 7617599ms] [WARNING] The resource https://mve.vivo.com.br/assets/mve/fonts/c1e074f52d2cc507b0df.woff2 was preloaded using link preload but not used within a few seconds from the window's load event. Please make sure it has an appropriate `as` value and it is preloaded intentionally. @ https://mve.vivo.com.br/sec/dashboard:0
[ 7617599ms] [WARNING] The resource https://mve.vivo.com.br/assets/mve/fonts/f594f2ba13d231e99294.woff2 was preloaded using link preload but not used within a few seconds from the window's load event. Please make sure it has an appropriate `as` value and it is preloaded intentionally. @ https://mve.vivo.com.br/sec/dashboard:0
[ 7631832ms] [WARNING] The resource https://mve.vivo.com.br/assets/mve/fonts/dbe5ac6045d66e680d93.woff2 was preloaded using link preload but not used within a few seconds from the window's load event. Please make sure it has an appropriate `as` value and it is preloaded intentionally. @ https://mve.vivo.com.br/sec/dashboard:0
[ 7631832ms] [WARNING] The resource https://mve.vivo.com.br/assets/mve/fonts/ac09edfac4ebe90e76f7.woff2?b1ckzw was preloaded using link preload but not used within a few seconds from the window's load event. Please make sure it has an appropriate `as` value and it is preloaded intentionally. @ https://mve.vivo.com.br/sec/dashboard:0
[ 7631833ms] [WARNING] The resource https://mve.vivo.com.br/assets/mve/fonts/58d821d46eb6f39ad306.woff2 was preloaded using link preload but not used within a few seconds from the window's load event. Please make sure it has an appropriate `as` value and it is preloaded intentionally. @ https://mve.vivo.com.br/sec/dashboard:0
[ 7631833ms] [WARNING] The resource https://mve.vivo.com.br/assets/mve/fonts/c0ba7690a96b0b25a53d.woff2 was preloaded using link preload but not used within a few seconds from the window's load event. Please make sure it has an appropriate `as` value and it is preloaded intentionally. @ https://mve.vivo.com.br/sec/dashboard:0
[ 7631833ms] [WARNING] The resource https://mve.vivo.com.br/assets/mve/fonts/4ef73e245c02dd8794ff.woff2 was preloaded using link preload but not used within a few seconds from the window's load event. Please make sure it has an appropriate `as` value and it is preloaded intentionally. @ https://mve.vivo.com.br/sec/dashboard:0
[ 7631833ms] [WARNING] The resource https://mve.vivo.com.br/assets/mve/fonts/53e34b29d71619d49dc1.woff2 was preloaded using link preload but not used within a few seconds from the window's load event. Please make sure it has an appropriate `as` value and it is preloaded intentionally. @ https://mve.vivo.com.br/sec/dashboard:0
[ 7631833ms] [WARNING] The resource https://mve.vivo.com.br/assets/mve/fonts/c1e074f52d2cc507b0df.woff2 was preloaded using link preload but not used within a few seconds from the window's load event. Please make sure it has an appropriate `as` value and it is preloaded intentionally. @ https://mve.vivo.com.br/sec/dashboard:0
[ 7631833ms] [WARNING] The resource https://mve.vivo.com.br/assets/mve/fonts/f594f2ba13d231e99294.woff2 was preloaded using link preload but not used within a few seconds from the window's load event. Please make sure it has an appropriate `as` value and it is preloaded intentionally. @ https://mve.vivo.com.br/sec/dashboard:0
[ 7663899ms] [WARNING] The resource https://mve.vivo.com.br/assets/mve/fonts/dbe5ac6045d66e680d93.woff2 was preloaded using link preload but not used within a few seconds from the window's load event. Please make sure it has an appropriate `as` value and it is preloaded intentionally. @ https://mve.vivo.com.br/sec/dashboard:0
[ 7663899ms] [WARNING] The resource https://mve.vivo.com.br/assets/mve/fonts/ac09edfac4ebe90e76f7.woff2?b1ckzw was preloaded using link preload but not used within a few seconds from the window's load event. Please make sure it has an appropriate `as` value and it is preloaded intentionally. @ https://mve.vivo.com.br/sec/dashboard:0
[ 7663899ms] [WARNING] The resource https://mve.vivo.com.br/assets/mve/fonts/58d821d46eb6f39ad306.woff2 was preloaded using link preload but not used within a few seconds from the window's load event. Please make sure it has an appropriate `as` value and it is preloaded intentionally. @ https://mve.vivo.com.br/sec/dashboard:0
[ 7663899ms] [WARNING] The resource https://mve.vivo.com.br/assets/mve/fonts/c0ba7690a96b0b25a53d.woff2 was preloaded using link preload but not used within a few seconds from the window's load event. Please make sure it has an appropriate `as` value and it is preloaded intentionally. @ https://mve.vivo.com.br/sec/dashboard:0
[ 7663899ms] [WARNING] The resource https://mve.vivo.com.br/assets/mve/fonts/4ef73e245c02dd8794ff.woff2 was preloaded using link preload but not used within a few seconds from the window's load event. Please make sure it has an appropriate `as` value and it is preloaded intentionally. @ https://mve.vivo.com.br/sec/dashboard:0
[ 7663899ms] [WARNING] The resource https://mve.vivo.com.br/assets/mve/fonts/53e34b29d71619d49dc1.woff2 was preloaded using link preload but not used within a few seconds from the window's load event. Please make sure it has an appropriate `as` value and it is preloaded intentionally. @ https://mve.vivo.com.br/sec/dashboard:0
[ 7663899ms] [WARNING] The resource https://mve.vivo.com.br/assets/mve/fonts/c1e074f52d2cc507b0df.woff2 was preloaded using link preload but not used within a few seconds from the window's load event. Please make sure it has an appropriate `as` value and it is preloaded intentionally. @ https://mve.vivo.com.br/sec/dashboard:0
[ 7663899ms] [WARNING] The resource https://mve.vivo.com.br/assets/mve/fonts/f594f2ba13d231e99294.woff2 was preloaded using link preload but not used within a few seconds from the window's load event. Please make sure it has an appropriate `as` value and it is preloaded intentionally. @ https://mve.vivo.com.br/sec/dashboard:0
[ 7676761ms] [WARNING] The resource https://mve.vivo.com.br/assets/mve/fonts/dbe5ac6045d66e680d93.woff2 was preloaded using link preload but not used within a few seconds from the window's load event. Please make sure it has an appropriate `as` value and it is preloaded intentionally. @ https://mve.vivo.com.br/sec/dashboard:0
[ 7676761ms] [WARNING] The resource https://mve.vivo.com.br/assets/mve/fonts/ac09edfac4ebe90e76f7.woff2?b1ckzw was preloaded using link preload but not used within a few seconds from the window's load event. Please make sure it has an appropriate `as` value and it is preloaded intentionally. @ https://mve.vivo.com.br/sec/dashboard:0
[ 7676761ms] [WARNING] The resource https://mve.vivo.com.br/assets/mve/fonts/58d821d46eb6f39ad306.woff2 was preloaded using link preload but not used within a few seconds from the window's load event. Please make sure it has an appropriate `as` value and it is preloaded intentionally. @ https://mve.vivo.com.br/sec/dashboard:0
[ 7676761ms] [WARNING] The resource https://mve.vivo.com.br/assets/mve/fonts/c0ba7690a96b0b25a53d.woff2 was preloaded using link preload but not used within a few seconds from the window's load event. Please make sure it has an appropriate `as` value and it is preloaded intentionally. @ https://mve.vivo.com.br/sec/dashboard:0
[ 7676761ms] [WARNING] The resource https://mve.vivo.com.br/assets/mve/fonts/4ef73e245c02dd8794ff.woff2 was preloaded using link preload but not used within a few seconds from the window's load event. Please make sure it has an appropriate `as` value and it is preloaded intentionally. @ https://mve.vivo.com.br/sec/dashboard:0
[ 7676761ms] [WARNING] The resource https://mve.vivo.com.br/assets/mve/fonts/53e34b29d71619d49dc1.woff2 was preloaded using link preload but not used within a few seconds from the window's load event. Please make sure it has an appropriate `as` value and it is preloaded intentionally. @ https://mve.vivo.com.br/sec/dashboard:0
[ 7676761ms] [WARNING] The resource https://mve.vivo.com.br/assets/mve/fonts/c1e074f52d2cc507b0df.woff2 was preloaded using link preload but not used within a few seconds from the window's load event. Please make sure it has an appropriate `as` value and it is preloaded intentionally. @ https://mve.vivo.com.br/sec/dashboard:0
[ 7676761ms] [WARNING] The resource https://mve.vivo.com.br/assets/mve/fonts/f594f2ba13d231e99294.woff2 was preloaded using link preload but not used within a few seconds from the window's load event. Please make sure it has an appropriate `as` value and it is preloaded intentionally. @ https://mve.vivo.com.br/sec/dashboard:0
[ 7693870ms] [WARNING] The resource https://mve.vivo.com.br/assets/mve/fonts/dbe5ac6045d66e680d93.woff2 was preloaded using link preload but not used within a few seconds from the window's load event. Please make sure it has an appropriate `as` value and it is preloaded intentionally. @ https://mve.vivo.com.br/sec/dashboard:0
[ 7693870ms] [WARNING] The resource https://mve.vivo.com.br/assets/mve/fonts/ac09edfac4ebe90e76f7.woff2?b1ckzw was preloaded using link preload but not used within a few seconds from the window's load event. Please make sure it has an appropriate `as` value and it is preloaded intentionally. @ https://mve.vivo.com.br/sec/dashboard:0
[ 7693870ms] [WARNING] The resource https://mve.vivo.com.br/assets/mve/fonts/58d821d46eb6f39ad306.woff2 was preloaded using link preload but not used within a few seconds from the window's load event. Please make sure it has an appropriate `as` value and it is preloaded intentionally. @ https://mve.vivo.com.br/sec/dashboard:0
[ 7693870ms] [WARNING] The resource https://mve.vivo.com.br/assets/mve/fonts/c0ba7690a96b0b25a53d.woff2 was preloaded using link preload but not used within a few seconds from the window's load event. Please make sure it has an appropriate `as` value and it is preloaded intentionally. @ https://mve.vivo.com.br/sec/dashboard:0
[ 7693870ms] [WARNING] The resource https://mve.vivo.com.br/assets/mve/fonts/4ef73e245c02dd8794ff.woff2 was preloaded using link preload but not used within a few seconds from the window's load event. Please make sure it has an appropriate `as` value and it is preloaded intentionally. @ https://mve.vivo.com.br/sec/dashboard:0
[ 7693870ms] [WARNING] The resource https://mve.vivo.com.br/assets/mve/fonts/53e34b29d71619d49dc1.woff2 was preloaded using link preload but not used within a few seconds from the window's load event. Please make sure it has an appropriate `as` value and it is preloaded intentionally. @ https://mve.vivo.com.br/sec/dashboard:0
[ 7693870ms] [WARNING] The resource https://mve.vivo.com.br/assets/mve/fonts/c1e074f52d2cc507b0df.woff2 was preloaded using link preload but not used within a few seconds from the window's load event. Please make sure it has an appropriate `as` value and it is preloaded intentionally. @ https://mve.vivo.com.br/sec/dashboard:0
[ 7693870ms] [WARNING] The resource https://mve.vivo.com.br/assets/mve/fonts/f594f2ba13d231e99294.woff2 was preloaded using link preload but not used within a few seconds from the window's load event. Please make sure it has an appropriate `as` value and it is preloaded intentionally. @ https://mve.vivo.com.br/sec/dashboard:0
[ 7726481ms] [WARNING] The resource https://mve.vivo.com.br/assets/mve/fonts/dbe5ac6045d66e680d93.woff2 was preloaded using link preload but not used within a few seconds from the window's load event. Please make sure it has an appropriate `as` value and it is preloaded intentionally. @ https://mve.vivo.com.br/sec/dashboard:0
[ 7726481ms] [WARNING] The resource https://mve.vivo.com.br/assets/mve/fonts/ac09edfac4ebe90e76f7.woff2?b1ckzw was preloaded using link preload but not used within a few seconds from the window's load event. Please make sure it has an appropriate `as` value and it is preloaded intentionally. @ https://mve.vivo.com.br/sec/dashboard:0
[ 7726481ms] [WARNING] The resource https://mve.vivo.com.br/assets/mve/fonts/58d821d46eb6f39ad306.woff2 was preloaded using link preload but not used within a few seconds from the window's load event. Please make sure it has an appropriate `as` value and it is preloaded intentionally. @ https://mve.vivo.com.br/sec/dashboard:0
[ 7726481ms] [WARNING] The resource https://mve.vivo.com.br/assets/mve/fonts/c0ba7690a96b0b25a53d.woff2 was preloaded using link preload but not used within a few seconds from the window's load event. Please make sure it has an appropriate `as` value and it is preloaded intentionally. @ https://mve.vivo.com.br/sec/dashboard:0
[ 7726481ms] [WARNING] The resource https://mve.vivo.com.br/assets/mve/fonts/4ef73e245c02dd8794ff.woff2 was preloaded using link preload but not used within a few seconds from the window's load event. Please make sure it has an appropriate `as` value and it is preloaded intentionally. @ https://mve.vivo.com.br/sec/dashboard:0
[ 7726482ms] [WARNING] The resource https://mve.vivo.com.br/assets/mve/fonts/53e34b29d71619d49dc1.woff2 was preloaded using link preload but not used within a few seconds from the window's load event. Please make sure it has an appropriate `as` value and it is preloaded intentionally. @ https://mve.vivo.com.br/sec/dashboard:0
[ 7726482ms] [WARNING] The resource https://mve.vivo.com.br/assets/mve/fonts/c1e074f52d2cc507b0df.woff2 was preloaded using link preload but not used within a few seconds from the window's load event. Please make sure it has an appropriate `as` value and it is preloaded intentionally. @ https://mve.vivo.com.br/sec/dashboard:0
[ 7726482ms] [WARNING] The resource https://mve.vivo.com.br/assets/mve/fonts/f594f2ba13d231e99294.woff2 was preloaded using link preload but not used within a few seconds from the window's load event. Please make sure it has an appropriate `as` value and it is preloaded intentionally. @ https://mve.vivo.com.br/sec/dashboard:0
[ 7736838ms] [WARNING] The resource https://mve.vivo.com.br/assets/mve/fonts/dbe5ac6045d66e680d93.woff2 was preloaded using link preload but not used within a few seconds from the window's load event. Please make sure it has an appropriate `as` value and it is preloaded intentionally. @ https://mve.vivo.com.br/sec/dashboard:0
[ 7736838ms] [WARNING] The resource https://mve.vivo.com.br/assets/mve/fonts/ac09edfac4ebe90e76f7.woff2?b1ckzw was preloaded using link preload but not used within a few seconds from the window's load event. Please make sure it has an appropriate `as` value and it is preloaded intentionally. @ https://mve.vivo.com.br/sec/dashboard:0
[ 7736838ms] [WARNING] The resource https://mve.vivo.com.br/assets/mve/fonts/58d821d46eb6f39ad306.woff2 was preloaded using link preload but not used within a few seconds from the window's load event. Please make sure it has an appropriate `as` value and it is preloaded intentionally. @ https://mve.vivo.com.br/sec/dashboard:0
[ 7736838ms] [WARNING] The resource https://mve.vivo.com.br/assets/mve/fonts/c0ba7690a96b0b25a53d.woff2 was preloaded using link preload but not used within a few seconds from the window's load event. Please make sure it has an appropriate `as` value and it is preloaded intentionally. @ https://mve.vivo.com.br/sec/dashboard:0
[ 7736838ms] [WARNING] The resource https://mve.vivo.com.br/assets/mve/fonts/4ef73e245c02dd8794ff.woff2 was preloaded using link preload but not used within a few seconds from the window's load event. Please make sure it has an appropriate `as` value and it is preloaded intentionally. @ https://mve.vivo.com.br/sec/dashboard:0
[ 7736838ms] [WARNING] The resource https://mve.vivo.com.br/assets/mve/fonts/53e34b29d71619d49dc1.woff2 was preloaded using link preload but not used within a few seconds from the window's load event. Please make sure it has an appropriate `as` value and it is preloaded intentionally. @ https://mve.vivo.com.br/sec/dashboard:0
[ 7736838ms] [WARNING] The resource https://mve.vivo.com.br/assets/mve/fonts/c1e074f52d2cc507b0df.woff2 was preloaded using link preload but not used within a few seconds from the window's load event. Please make sure it has an appropriate `as` value and it is preloaded intentionally. @ https://mve.vivo.com.br/sec/dashboard:0
[ 7736838ms] [WARNING] The resource https://mve.vivo.com.br/assets/mve/fonts/f594f2ba13d231e99294.woff2 was preloaded using link preload but not used within a few seconds from the window's load event. Please make sure it has an appropriate `as` value and it is preloaded intentionally. @ https://mve.vivo.com.br/sec/dashboard:0
[ 7757797ms] [WARNING] The resource https://mve.vivo.com.br/assets/mve/fonts/dbe5ac6045d66e680d93.woff2 was preloaded using link preload but not used within a few seconds from the window's load event. Please make sure it has an appropriate `as` value and it is preloaded intentionally. @ https://mve.vivo.com.br/sec/dashboard:0
[ 7757797ms] [WARNING] The resource https://mve.vivo.com.br/assets/mve/fonts/ac09edfac4ebe90e76f7.woff2?b1ckzw was preloaded using link preload but not used within a few seconds from the window's load event. Please make sure it has an appropriate `as` value and it is preloaded intentionally. @ https://mve.vivo.com.br/sec/dashboard:0
[ 7757797ms] [WARNING] The resource https://mve.vivo.com.br/assets/mve/fonts/58d821d46eb6f39ad306.woff2 was preloaded using link preload but not used within a few seconds from the window's load event. Please make sure it has an appropriate `as` value and it is preloaded intentionally. @ https://mve.vivo.com.br/sec/dashboard:0
[ 7757797ms] [WARNING] The resource https://mve.vivo.com.br/assets/mve/fonts/c0ba7690a96b0b25a53d.woff2 was preloaded using link preload but not used within a few seconds from the window's load event. Please make sure it has an appropriate `as` value and it is preloaded intentionally. @ https://mve.vivo.com.br/sec/dashboard:0
[ 7757797ms] [WARNING] The resource https://mve.vivo.com.br/assets/mve/fonts/4ef73e245c02dd8794ff.woff2 was preloaded using link preload but not used within a few seconds from the window's load event. Please make sure it has an appropriate `as` value and it is preloaded intentionally. @ https://mve.vivo.com.br/sec/dashboard:0
[ 7757797ms] [WARNING] The resource https://mve.vivo.com.br/assets/mve/fonts/53e34b29d71619d49dc1.woff2 was preloaded using link preload but not used within a few seconds from the window's load event. Please make sure it has an appropriate `as` value and it is preloaded intentionally. @ https://mve.vivo.com.br/sec/dashboard:0
[ 7757797ms] [WARNING] The resource https://mve.vivo.com.br/assets/mve/fonts/c1e074f52d2cc507b0df.woff2 was preloaded using link preload but not used within a few seconds from the window's load event. Please make sure it has an appropriate `as` value and it is preloaded intentionally. @ https://mve.vivo.com.br/sec/dashboard:0
[ 7757797ms] [WARNING] The resource https://mve.vivo.com.br/assets/mve/fonts/f594f2ba13d231e99294.woff2 was preloaded using link preload but not used within a few seconds from the window's load event. Please make sure it has an appropriate `as` value and it is preloaded intentionally. @ https://mve.vivo.com.br/sec/dashboard:0
[ 7787264ms] [WARNING] The resource https://mve.vivo.com.br/assets/mve/fonts/dbe5ac6045d66e680d93.woff2 was preloaded using link preload but not used within a few seconds from the window's load event. Please make sure it has an appropriate `as` value and it is preloaded intentionally. @ https://mve.vivo.com.br/sec/dashboard:0
[ 7787264ms] [WARNING] The resource https://mve.vivo.com.br/assets/mve/fonts/ac09edfac4ebe90e76f7.woff2?b1ckzw was preloaded using link preload but not used within a few seconds from the window's load event. Please make sure it has an appropriate `as` value and it is preloaded intentionally. @ https://mve.vivo.com.br/sec/dashboard:0
[ 7787264ms] [WARNING] The resource https://mve.vivo.com.br/assets/mve/fonts/58d821d46eb6f39ad306.woff2 was preloaded using link preload but not used within a few seconds from the window's load event. Please make sure it has an appropriate `as` value and it is preloaded intentionally. @ https://mve.vivo.com.br/sec/dashboard:0
[ 7787264ms] [WARNING] The resource https://mve.vivo.com.br/assets/mve/fonts/c0ba7690a96b0b25a53d.woff2 was preloaded using link preload but not used within a few seconds from the window's load event. Please make sure it has an appropriate `as` value and it is preloaded intentionally. @ https://mve.vivo.com.br/sec/dashboard:0
[ 7787264ms] [WARNING] The resource https://mve.vivo.com.br/assets/mve/fonts/4ef73e245c02dd8794ff.woff2 was preloaded using link preload but not used within a few seconds from the window's load event. Please make sure it has an appropriate `as` value and it is preloaded intentionally. @ https://mve.vivo.com.br/sec/dashboard:0
[ 7787264ms] [WARNING] The resource https://mve.vivo.com.br/assets/mve/fonts/53e34b29d71619d49dc1.woff2 was preloaded using link preload but not used within a few seconds from the window's load event. Please make sure it has an appropriate `as` value and it is preloaded intentionally. @ https://mve.vivo.com.br/sec/dashboard:0
[ 7787264ms] [WARNING] The resource https://mve.vivo.com.br/assets/mve/fonts/c1e074f52d2cc507b0df.woff2 was preloaded using link preload but not used within a few seconds from the window's load event. Please make sure it has an appropriate `as` value and it is preloaded intentionally. @ https://mve.vivo.com.br/sec/dashboard:0
[ 7787264ms] [WARNING] The resource https://mve.vivo.com.br/assets/mve/fonts/f594f2ba13d231e99294.woff2 was preloaded using link preload but not used within a few seconds from the window's load event. Please make sure it has an appropriate `as` value and it is preloaded intentionally. @ https://mve.vivo.com.br/sec/dashboard:0
[ 7796919ms] [WARNING] The resource https://mve.vivo.com.br/assets/mve/fonts/dbe5ac6045d66e680d93.woff2 was preloaded using link preload but not used within a few seconds from the window's load event. Please make sure it has an appropriate `as` value and it is preloaded intentionally. @ https://mve.vivo.com.br/sec/dashboard:0
[ 7796919ms] [WARNING] The resource https://mve.vivo.com.br/assets/mve/fonts/ac09edfac4ebe90e76f7.woff2?b1ckzw was preloaded using link preload but not used within a few seconds from the window's load event. Please make sure it has an appropriate `as` value and it is preloaded intentionally. @ https://mve.vivo.com.br/sec/dashboard:0
[ 7796919ms] [WARNING] The resource https://mve.vivo.com.br/assets/mve/fonts/58d821d46eb6f39ad306.woff2 was preloaded using link preload but not used within a few seconds from the window's load event. Please make sure it has an appropriate `as` value and it is preloaded intentionally. @ https://mve.vivo.com.br/sec/dashboard:0
[ 7796919ms] [WARNING] The resource https://mve.vivo.com.br/assets/mve/fonts/c0ba7690a96b0b25a53d.woff2 was preloaded using link preload but not used within a few seconds from the window's load event. Please make sure it has an appropriate `as` value and it is preloaded intentionally. @ https://mve.vivo.com.br/sec/dashboard:0
[ 7796919ms] [WARNING] The resource https://mve.vivo.com.br/assets/mve/fonts/4ef73e245c02dd8794ff.woff2 was preloaded using link preload but not used within a few seconds from the window's load event. Please make sure it has an appropriate `as` value and it is preloaded intentionally. @ https://mve.vivo.com.br/sec/dashboard:0
[ 7796919ms] [WARNING] The resource https://mve.vivo.com.br/assets/mve/fonts/53e34b29d71619d49dc1.woff2 was preloaded using link preload but not used within a few seconds from the window's load event. Please make sure it has an appropriate `as` value and it is preloaded intentionally. @ https://mve.vivo.com.br/sec/dashboard:0
[ 7796919ms] [WARNING] The resource https://mve.vivo.com.br/assets/mve/fonts/c1e074f52d2cc507b0df.woff2 was preloaded using link preload but not used within a few seconds from the window's load event. Please make sure it has an appropriate `as` value and it is preloaded intentionally. @ https://mve.vivo.com.br/sec/dashboard:0
[ 7796919ms] [WARNING] The resource https://mve.vivo.com.br/assets/mve/fonts/f594f2ba13d231e99294.woff2 was preloaded using link preload but not used within a few seconds from the window's load event. Please make sure it has an appropriate `as` value and it is preloaded intentionally. @ https://mve.vivo.com.br/sec/dashboard:0
[ 7805364ms] [WARNING] The resource https://mve.vivo.com.br/assets/mve/fonts/dbe5ac6045d66e680d93.woff2 was preloaded using link preload but not used within a few seconds from the window's load event. Please make sure it has an appropriate `as` value and it is preloaded intentionally. @ https://mve.vivo.com.br/sec/dashboard:0
[ 7805364ms] [WARNING] The resource https://mve.vivo.com.br/assets/mve/fonts/ac09edfac4ebe90e76f7.woff2?b1ckzw was preloaded using link preload but not used within a few seconds from the window's load event. Please make sure it has an appropriate `as` value and it is preloaded intentionally. @ https://mve.vivo.com.br/sec/dashboard:0
[ 7805364ms] [WARNING] The resource https://mve.vivo.com.br/assets/mve/fonts/58d821d46eb6f39ad306.woff2 was preloaded using link preload but not used within a few seconds from the window's load event. Please make sure it has an appropriate `as` value and it is preloaded intentionally. @ https://mve.vivo.com.br/sec/dashboard:0
[ 7805364ms] [WARNING] The resource https://mve.vivo.com.br/assets/mve/fonts/c0ba7690a96b0b25a53d.woff2 was preloaded using link preload but not used within a few seconds from the window's load event. Please make sure it has an appropriate `as` value and it is preloaded intentionally. @ https://mve.vivo.com.br/sec/dashboard:0
[ 7805364ms] [WARNING] The resource https://mve.vivo.com.br/assets/mve/fonts/4ef73e245c02dd8794ff.woff2 was preloaded using link preload but not used within a few seconds from the window's load event. Please make sure it has an appropriate `as` value and it is preloaded intentionally. @ https://mve.vivo.com.br/sec/dashboard:0
[ 7805364ms] [WARNING] The resource https://mve.vivo.com.br/assets/mve/fonts/53e34b29d71619d49dc1.woff2 was preloaded using link preload but not used within a few seconds from the window's load event. Please make sure it has an appropriate `as` value and it is preloaded intentionally. @ https://mve.vivo.com.br/sec/dashboard:0
[ 7805364ms] [WARNING] The resource https://mve.vivo.com.br/assets/mve/fonts/c1e074f52d2cc507b0df.woff2 was preloaded using link preload but not used within a few seconds from the window's load event. Please make sure it has an appropriate `as` value and it is preloaded intentionally. @ https://mve.vivo.com.br/sec/dashboard:0
[ 7805364ms] [WARNING] The resource https://mve.vivo.com.br/assets/mve/fonts/f594f2ba13d231e99294.woff2 was preloaded using link preload but not used within a few seconds from the window's load event. Please make sure it has an appropriate `as` value and it is preloaded intentionally. @ https://mve.vivo.com.br/sec/dashboard:0
[ 7818631ms] [WARNING] The resource https://mve.vivo.com.br/assets/mve/fonts/dbe5ac6045d66e680d93.woff2 was preloaded using link preload but not used within a few seconds from the window's load event. Please make sure it has an appropriate `as` value and it is preloaded intentionally. @ https://mve.vivo.com.br/sec/dashboard:0
[ 7818631ms] [WARNING] The resource https://mve.vivo.com.br/assets/mve/fonts/ac09edfac4ebe90e76f7.woff2?b1ckzw was preloaded using link preload but not used within a few seconds from the window's load event. Please make sure it has an appropriate `as` value and it is preloaded intentionally. @ https://mve.vivo.com.br/sec/dashboard:0
[ 7818631ms] [WARNING] The resource https://mve.vivo.com.br/assets/mve/fonts/58d821d46eb6f39ad306.woff2 was preloaded using link preload but not used within a few seconds from the window's load event. Please make sure it has an appropriate `as` value and it is preloaded intentionally. @ https://mve.vivo.com.br/sec/dashboard:0
[ 7818631ms] [WARNING] The resource https://mve.vivo.com.br/assets/mve/fonts/c0ba7690a96b0b25a53d.woff2 was preloaded using link preload but not used within a few seconds from the window's load event. Please make sure it has an appropriate `as` value and it is preloaded intentionally. @ https://mve.vivo.com.br/sec/dashboard:0
[ 7818631ms] [WARNING] The resource https://mve.vivo.com.br/assets/mve/fonts/4ef73e245c02dd8794ff.woff2 was preloaded using link preload but not used within a few seconds from the window's load event. Please make sure it has an appropriate `as` value and it is preloaded intentionally. @ https://mve.vivo.com.br/sec/dashboard:0
[ 7818631ms] [WARNING] The resource https://mve.vivo.com.br/assets/mve/fonts/53e34b29d71619d49dc1.woff2 was preloaded using link preload but not used within a few seconds from the window's load event. Please make sure it has an appropriate `as` value and it is preloaded intentionally. @ https://mve.vivo.com.br/sec/dashboard:0
[ 7818631ms] [WARNING] The resource https://mve.vivo.com.br/assets/mve/fonts/c1e074f52d2cc507b0df.woff2 was preloaded using link preload but not used within a few seconds from the window's load event. Please make sure it has an appropriate `as` value and it is preloaded intentionally. @ https://mve.vivo.com.br/sec/dashboard:0
[ 7818631ms] [WARNING] The resource https://mve.vivo.com.br/assets/mve/fonts/f594f2ba13d231e99294.woff2 was preloaded using link preload but not used within a few seconds from the window's load event. Please make sure it has an appropriate `as` value and it is preloaded intentionally. @ https://mve.vivo.com.br/sec/dashboard:0
[ 7849348ms] [WARNING] The resource https://mve.vivo.com.br/assets/mve/fonts/dbe5ac6045d66e680d93.woff2 was preloaded using link preload but not used within a few seconds from the window's load event. Please make sure it has an appropriate `as` value and it is preloaded intentionally. @ https://mve.vivo.com.br/sec/dashboard:0
[ 7849348ms] [WARNING] The resource https://mve.vivo.com.br/assets/mve/fonts/ac09edfac4ebe90e76f7.woff2?b1ckzw was preloaded using link preload but not used within a few seconds from the window's load event. Please make sure it has an appropriate `as` value and it is preloaded intentionally. @ https://mve.vivo.com.br/sec/dashboard:0
[ 7849348ms] [WARNING] The resource https://mve.vivo.com.br/assets/mve/fonts/58d821d46eb6f39ad306.woff2 was preloaded using link preload but not used within a few seconds from the window's load event. Please make sure it has an appropriate `as` value and it is preloaded intentionally. @ https://mve.vivo.com.br/sec/dashboard:0
[ 7849348ms] [WARNING] The resource https://mve.vivo.com.br/assets/mve/fonts/c0ba7690a96b0b25a53d.woff2 was preloaded using link preload but not used within a few seconds from the window's load event. Please make sure it has an appropriate `as` value and it is preloaded intentionally. @ https://mve.vivo.com.br/sec/dashboard:0
[ 7849348ms] [WARNING] The resource https://mve.vivo.com.br/assets/mve/fonts/4ef73e245c02dd8794ff.woff2 was preloaded using link preload but not used within a few seconds from the window's load event. Please make sure it has an appropriate `as` value and it is preloaded intentionally. @ https://mve.vivo.com.br/sec/dashboard:0
[ 7849348ms] [WARNING] The resource https://mve.vivo.com.br/assets/mve/fonts/53e34b29d71619d49dc1.woff2 was preloaded using link preload but not used within a few seconds from the window's load event. Please make sure it has an appropriate `as` value and it is preloaded intentionally. @ https://mve.vivo.com.br/sec/dashboard:0
[ 7849348ms] [WARNING] The resource https://mve.vivo.com.br/assets/mve/fonts/c1e074f52d2cc507b0df.woff2 was preloaded using link preload but not used within a few seconds from the window's load event. Please make sure it has an appropriate `as` value and it is preloaded intentionally. @ https://mve.vivo.com.br/sec/dashboard:0
[ 7849349ms] [WARNING] The resource https://mve.vivo.com.br/assets/mve/fonts/f594f2ba13d231e99294.woff2 was preloaded using link preload but not used within a few seconds from the window's load event. Please make sure it has an appropriate `as` value and it is preloaded intentionally. @ https://mve.vivo.com.br/sec/dashboard:0
[ 7857013ms] [WARNING] The resource https://mve.vivo.com.br/assets/mve/fonts/dbe5ac6045d66e680d93.woff2 was preloaded using link preload but not used within a few seconds from the window's load event. Please make sure it has an appropriate `as` value and it is preloaded intentionally. @ https://mve.vivo.com.br/sec/dashboard:0
[ 7857013ms] [WARNING] The resource https://mve.vivo.com.br/assets/mve/fonts/ac09edfac4ebe90e76f7.woff2?b1ckzw was preloaded using link preload but not used within a few seconds from the window's load event. Please make sure it has an appropriate `as` value and it is preloaded intentionally. @ https://mve.vivo.com.br/sec/dashboard:0
[ 7857013ms] [WARNING] The resource https://mve.vivo.com.br/assets/mve/fonts/58d821d46eb6f39ad306.woff2 was preloaded using link preload but not used within a few seconds from the window's load event. Please make sure it has an appropriate `as` value and it is preloaded intentionally. @ https://mve.vivo.com.br/sec/dashboard:0
[ 7857013ms] [WARNING] The resource https://mve.vivo.com.br/assets/mve/fonts/c0ba7690a96b0b25a53d.woff2 was preloaded using link preload but not used within a few seconds from the window's load event. Please make sure it has an appropriate `as` value and it is preloaded intentionally. @ https://mve.vivo.com.br/sec/dashboard:0
[ 7857013ms] [WARNING] The resource https://mve.vivo.com.br/assets/mve/fonts/4ef73e245c02dd8794ff.woff2 was preloaded using link preload but not used within a few seconds from the window's load event. Please make sure it has an appropriate `as` value and it is preloaded intentionally. @ https://mve.vivo.com.br/sec/dashboard:0
[ 7857013ms] [WARNING] The resource https://mve.vivo.com.br/assets/mve/fonts/53e34b29d71619d49dc1.woff2 was preloaded using link preload but not used within a few seconds from the window's load event. Please make sure it has an appropriate `as` value and it is preloaded intentionally. @ https://mve.vivo.com.br/sec/dashboard:0
[ 7857013ms] [WARNING] The resource https://mve.vivo.com.br/assets/mve/fonts/c1e074f52d2cc507b0df.woff2 was preloaded using link preload but not used within a few seconds from the window's load event. Please make sure it has an appropriate `as` value and it is preloaded intentionally. @ https://mve.vivo.com.br/sec/dashboard:0
[ 7857013ms] [WARNING] The resource https://mve.vivo.com.br/assets/mve/fonts/f594f2ba13d231e99294.woff2 was preloaded using link preload but not used within a few seconds from the window's load event. Please make sure it has an appropriate `as` value and it is preloaded intentionally. @ https://mve.vivo.com.br/sec/dashboard:0
[ 7866712ms] [WARNING] The resource https://mve.vivo.com.br/assets/mve/fonts/dbe5ac6045d66e680d93.woff2 was preloaded using link preload but not used within a few seconds from the window's load event. Please make sure it has an appropriate `as` value and it is preloaded intentionally. @ https://mve.vivo.com.br/sec/dashboard:0
[ 7866713ms] [WARNING] The resource https://mve.vivo.com.br/assets/mve/fonts/ac09edfac4ebe90e76f7.woff2?b1ckzw was preloaded using link preload but not used within a few seconds from the window's load event. Please make sure it has an appropriate `as` value and it is preloaded intentionally. @ https://mve.vivo.com.br/sec/dashboard:0
[ 7866713ms] [WARNING] The resource https://mve.vivo.com.br/assets/mve/fonts/58d821d46eb6f39ad306.woff2 was preloaded using link preload but not used within a few seconds from the window's load event. Please make sure it has an appropriate `as` value and it is preloaded intentionally. @ https://mve.vivo.com.br/sec/dashboard:0
[ 7866713ms] [WARNING] The resource https://mve.vivo.com.br/assets/mve/fonts/c0ba7690a96b0b25a53d.woff2 was preloaded using link preload but not used within a few seconds from the window's load event. Please make sure it has an appropriate `as` value and it is preloaded intentionally. @ https://mve.vivo.com.br/sec/dashboard:0
[ 7866713ms] [WARNING] The resource https://mve.vivo.com.br/assets/mve/fonts/4ef73e245c02dd8794ff.woff2 was preloaded using link preload but not used within a few seconds from the window's load event. Please make sure it has an appropriate `as` value and it is preloaded intentionally. @ https://mve.vivo.com.br/sec/dashboard:0
[ 7866713ms] [WARNING] The resource https://mve.vivo.com.br/assets/mve/fonts/53e34b29d71619d49dc1.woff2 was preloaded using link preload but not used within a few seconds from the window's load event. Please make sure it has an appropriate `as` value and it is preloaded intentionally. @ https://mve.vivo.com.br/sec/dashboard:0
[ 7866713ms] [WARNING] The resource https://mve.vivo.com.br/assets/mve/fonts/c1e074f52d2cc507b0df.woff2 was preloaded using link preload but not used within a few seconds from the window's load event. Please make sure it has an appropriate `as` value and it is preloaded intentionally. @ https://mve.vivo.com.br/sec/dashboard:0
[ 7866713ms] [WARNING] The resource https://mve.vivo.com.br/assets/mve/fonts/f594f2ba13d231e99294.woff2 was preloaded using link preload but not used within a few seconds from the window's load event. Please make sure it has an appropriate `as` value and it is preloaded intentionally. @ https://mve.vivo.com.br/sec/dashboard:0
[ 7880679ms] [WARNING] The resource https://mve.vivo.com.br/assets/mve/fonts/dbe5ac6045d66e680d93.woff2 was preloaded using link preload but not used within a few seconds from the window's load event. Please make sure it has an appropriate `as` value and it is preloaded intentionally. @ https://mve.vivo.com.br/sec/dashboard:0
[ 7880679ms] [WARNING] The resource https://mve.vivo.com.br/assets/mve/fonts/ac09edfac4ebe90e76f7.woff2?b1ckzw was preloaded using link preload but not used within a few seconds from the window's load event. Please make sure it has an appropriate `as` value and it is preloaded intentionally. @ https://mve.vivo.com.br/sec/dashboard:0
[ 7880679ms] [WARNING] The resource https://mve.vivo.com.br/assets/mve/fonts/58d821d46eb6f39ad306.woff2 was preloaded using link preload but not used within a few seconds from the window's load event. Please make sure it has an appropriate `as` value and it is preloaded intentionally. @ https://mve.vivo.com.br/sec/dashboard:0
[ 7880679ms] [WARNING] The resource https://mve.vivo.com.br/assets/mve/fonts/c0ba7690a96b0b25a53d.woff2 was preloaded using link preload but not used within a few seconds from the window's load event. Please make sure it has an appropriate `as` value and it is preloaded intentionally. @ https://mve.vivo.com.br/sec/dashboard:0
[ 7880679ms] [WARNING] The resource https://mve.vivo.com.br/assets/mve/fonts/4ef73e245c02dd8794ff.woff2 was preloaded using link preload but not used within a few seconds from the window's load event. Please make sure it has an appropriate `as` value and it is preloaded intentionally. @ https://mve.vivo.com.br/sec/dashboard:0
[ 7880679ms] [WARNING] The resource https://mve.vivo.com.br/assets/mve/fonts/53e34b29d71619d49dc1.woff2 was preloaded using link preload but not used within a few seconds from the window's load event. Please make sure it has an appropriate `as` value and it is preloaded intentionally. @ https://mve.vivo.com.br/sec/dashboard:0
[ 7880679ms] [WARNING] The resource https://mve.vivo.com.br/assets/mve/fonts/c1e074f52d2cc507b0df.woff2 was preloaded using link preload but not used within a few seconds from the window's load event. Please make sure it has an appropriate `as` value and it is preloaded intentionally. @ https://mve.vivo.com.br/sec/dashboard:0
[ 7880679ms] [WARNING] The resource https://mve.vivo.com.br/assets/mve/fonts/f594f2ba13d231e99294.woff2 was preloaded using link preload but not used within a few seconds from the window's load event. Please make sure it has an appropriate `as` value and it is preloaded intentionally. @ https://mve.vivo.com.br/sec/dashboard:0
[ 7913012ms] [WARNING] The resource https://mve.vivo.com.br/assets/mve/fonts/dbe5ac6045d66e680d93.woff2 was preloaded using link preload but not used within a few seconds from the window's load event. Please make sure it has an appropriate `as` value and it is preloaded intentionally. @ https://mve.vivo.com.br/sec/dashboard:0
[ 7913012ms] [WARNING] The resource https://mve.vivo.com.br/assets/mve/fonts/ac09edfac4ebe90e76f7.woff2?b1ckzw was preloaded using link preload but not used within a few seconds from the window's load event. Please make sure it has an appropriate `as` value and it is preloaded intentionally. @ https://mve.vivo.com.br/sec/dashboard:0
[ 7913012ms] [WARNING] The resource https://mve.vivo.com.br/assets/mve/fonts/58d821d46eb6f39ad306.woff2 was preloaded using link preload but not used within a few seconds from the window's load event. Please make sure it has an appropriate `as` value and it is preloaded intentionally. @ https://mve.vivo.com.br/sec/dashboard:0
[ 7913012ms] [WARNING] The resource https://mve.vivo.com.br/assets/mve/fonts/c0ba7690a96b0b25a53d.woff2 was preloaded using link preload but not used within a few seconds from the window's load event. Please make sure it has an appropriate `as` value and it is preloaded intentionally. @ https://mve.vivo.com.br/sec/dashboard:0
[ 7913012ms] [WARNING] The resource https://mve.vivo.com.br/assets/mve/fonts/4ef73e245c02dd8794ff.woff2 was preloaded using link preload but not used within a few seconds from the window's load event. Please make sure it has an appropriate `as` value and it is preloaded intentionally. @ https://mve.vivo.com.br/sec/dashboard:0
[ 7913012ms] [WARNING] The resource https://mve.vivo.com.br/assets/mve/fonts/53e34b29d71619d49dc1.woff2 was preloaded using link preload but not used within a few seconds from the window's load event. Please make sure it has an appropriate `as` value and it is preloaded intentionally. @ https://mve.vivo.com.br/sec/dashboard:0
[ 7913012ms] [WARNING] The resource https://mve.vivo.com.br/assets/mve/fonts/c1e074f52d2cc507b0df.woff2 was preloaded using link preload but not used within a few seconds from the window's load event. Please make sure it has an appropriate `as` value and it is preloaded intentionally. @ https://mve.vivo.com.br/sec/dashboard:0
[ 7913012ms] [WARNING] The resource https://mve.vivo.com.br/assets/mve/fonts/f594f2ba13d231e99294.woff2 was preloaded using link preload but not used within a few seconds from the window's load event. Please make sure it has an appropriate `as` value and it is preloaded intentionally. @ https://mve.vivo.com.br/sec/dashboard:0
[ 7917146ms] [WARNING] The resource https://mve.vivo.com.br/assets/mve/fonts/dbe5ac6045d66e680d93.woff2 was preloaded using link preload but not used within a few seconds from the window's load event. Please make sure it has an appropriate `as` value and it is preloaded intentionally. @ https://mve.vivo.com.br/sec/dashboard:0
[ 7917146ms] [WARNING] The resource https://mve.vivo.com.br/assets/mve/fonts/ac09edfac4ebe90e76f7.woff2?b1ckzw was preloaded using link preload but not used within a few seconds from the window's load event. Please make sure it has an appropriate `as` value and it is preloaded intentionally. @ https://mve.vivo.com.br/sec/dashboard:0
[ 7917146ms] [WARNING] The resource https://mve.vivo.com.br/assets/mve/fonts/58d821d46eb6f39ad306.woff2 was preloaded using link preload but not used within a few seconds from the window's load event. Please make sure it has an appropriate `as` value and it is preloaded intentionally. @ https://mve.vivo.com.br/sec/dashboard:0
[ 7917146ms] [WARNING] The resource https://mve.vivo.com.br/assets/mve/fonts/c0ba7690a96b0b25a53d.woff2 was preloaded using link preload but not used within a few seconds from the window's load event. Please make sure it has an appropriate `as` value and it is preloaded intentionally. @ https://mve.vivo.com.br/sec/dashboard:0
[ 7917146ms] [WARNING] The resource https://mve.vivo.com.br/assets/mve/fonts/4ef73e245c02dd8794ff.woff2 was preloaded using link preload but not used within a few seconds from the window's load event. Please make sure it has an appropriate `as` value and it is preloaded intentionally. @ https://mve.vivo.com.br/sec/dashboard:0
[ 7917146ms] [WARNING] The resource https://mve.vivo.com.br/assets/mve/fonts/53e34b29d71619d49dc1.woff2 was preloaded using link preload but not used within a few seconds from the window's load event. Please make sure it has an appropriate `as` value and it is preloaded intentionally. @ https://mve.vivo.com.br/sec/dashboard:0
[ 7917146ms] [WARNING] The resource https://mve.vivo.com.br/assets/mve/fonts/c1e074f52d2cc507b0df.woff2 was preloaded using link preload but not used within a few seconds from the window's load event. Please make sure it has an appropriate `as` value and it is preloaded intentionally. @ https://mve.vivo.com.br/sec/dashboard:0
[ 7917146ms] [WARNING] The resource https://mve.vivo.com.br/assets/mve/fonts/f594f2ba13d231e99294.woff2 was preloaded using link preload but not used within a few seconds from the window's load event. Please make sure it has an appropriate `as` value and it is preloaded intentionally. @ https://mve.vivo.com.br/sec/dashboard:0
[ 7960579ms] [WARNING] The resource https://mve.vivo.com.br/assets/mve/fonts/dbe5ac6045d66e680d93.woff2 was preloaded using link preload but not used within a few seconds from the window's load event. Please make sure it has an appropriate `as` value and it is preloaded intentionally. @ https://mve.vivo.com.br/sec/dashboard:0
[ 7960579ms] [WARNING] The resource https://mve.vivo.com.br/assets/mve/fonts/ac09edfac4ebe90e76f7.woff2?b1ckzw was preloaded using link preload but not used within a few seconds from the window's load event. Please make sure it has an appropriate `as` value and it is preloaded intentionally. @ https://mve.vivo.com.br/sec/dashboard:0
[ 7960579ms] [WARNING] The resource https://mve.vivo.com.br/assets/mve/fonts/58d821d46eb6f39ad306.woff2 was preloaded using link preload but not used within a few seconds from the window's load event. Please make sure it has an appropriate `as` value and it is preloaded intentionally. @ https://mve.vivo.com.br/sec/dashboard:0
[ 7960579ms] [WARNING] The resource https://mve.vivo.com.br/assets/mve/fonts/c0ba7690a96b0b25a53d.woff2 was preloaded using link preload but not used within a few seconds from the window's load event. Please make sure it has an appropriate `as` value and it is preloaded intentionally. @ https://mve.vivo.com.br/sec/dashboard:0
[ 7960579ms] [WARNING] The resource https://mve.vivo.com.br/assets/mve/fonts/4ef73e245c02dd8794ff.woff2 was preloaded using link preload but not used within a few seconds from the window's load event. Please make sure it has an appropriate `as` value and it is preloaded intentionally. @ https://mve.vivo.com.br/sec/dashboard:0
[ 7960579ms] [WARNING] The resource https://mve.vivo.com.br/assets/mve/fonts/53e34b29d71619d49dc1.woff2 was preloaded using link preload but not used within a few seconds from the window's load event. Please make sure it has an appropriate `as` value and it is preloaded intentionally. @ https://mve.vivo.com.br/sec/dashboard:0
[ 7960579ms] [WARNING] The resource https://mve.vivo.com.br/assets/mve/fonts/c1e074f52d2cc507b0df.woff2 was preloaded using link preload but not used within a few seconds from the window's load event. Please make sure it has an appropriate `as` value and it is preloaded intentionally. @ https://mve.vivo.com.br/sec/dashboard:0
[ 7960579ms] [WARNING] The resource https://mve.vivo.com.br/assets/mve/fonts/f594f2ba13d231e99294.woff2 was preloaded using link preload but not used within a few seconds from the window's load event. Please make sure it has an appropriate `as` value and it is preloaded intentionally. @ https://mve.vivo.com.br/sec/dashboard:0
[ 7977420ms] [WARNING] The resource https://mve.vivo.com.br/assets/mve/fonts/dbe5ac6045d66e680d93.woff2 was preloaded using link preload but not used within a few seconds from the window's load event. Please make sure it has an appropriate `as` value and it is preloaded intentionally. @ https://mve.vivo.com.br/sec/dashboard:0
[ 7977420ms] [WARNING] The resource https://mve.vivo.com.br/assets/mve/fonts/ac09edfac4ebe90e76f7.woff2?b1ckzw was preloaded using link preload but not used within a few seconds from the window's load event. Please make sure it has an appropriate `as` value and it is preloaded intentionally. @ https://mve.vivo.com.br/sec/dashboard:0
[ 7977420ms] [WARNING] The resource https://mve.vivo.com.br/assets/mve/fonts/58d821d46eb6f39ad306.woff2 was preloaded using link preload but not used within a few seconds from the window's load event. Please make sure it has an appropriate `as` value and it is preloaded intentionally. @ https://mve.vivo.com.br/sec/dashboard:0
[ 7977420ms] [WARNING] The resource https://mve.vivo.com.br/assets/mve/fonts/c0ba7690a96b0b25a53d.woff2 was preloaded using link preload but not used within a few seconds from the window's load event. Please make sure it has an appropriate `as` value and it is preloaded intentionally. @ https://mve.vivo.com.br/sec/dashboard:0
[ 7977420ms] [WARNING] The resource https://mve.vivo.com.br/assets/mve/fonts/4ef73e245c02dd8794ff.woff2 was preloaded using link preload but not used within a few seconds from the window's load event. Please make sure it has an appropriate `as` value and it is preloaded intentionally. @ https://mve.vivo.com.br/sec/dashboard:0
[ 7977420ms] [WARNING] The resource https://mve.vivo.com.br/assets/mve/fonts/53e34b29d71619d49dc1.woff2 was preloaded using link preload but not used within a few seconds from the window's load event. Please make sure it has an appropriate `as` value and it is preloaded intentionally. @ https://mve.vivo.com.br/sec/dashboard:0
[ 7977420ms] [WARNING] The resource https://mve.vivo.com.br/assets/mve/fonts/c1e074f52d2cc507b0df.woff2 was preloaded using link preload but not used within a few seconds from the window's load event. Please make sure it has an appropriate `as` value and it is preloaded intentionally. @ https://mve.vivo.com.br/sec/dashboard:0
[ 7977420ms] [WARNING] The resource https://mve.vivo.com.br/assets/mve/fonts/f594f2ba13d231e99294.woff2 was preloaded using link preload but not used within a few seconds from the window's load event. Please make sure it has an appropriate `as` value and it is preloaded intentionally. @ https://mve.vivo.com.br/sec/dashboard:0
[ 8021960ms] [WARNING] The resource https://mve.vivo.com.br/assets/mve/fonts/dbe5ac6045d66e680d93.woff2 was preloaded using link preload but not used within a few seconds from the window's load event. Please make sure it has an appropriate `as` value and it is preloaded intentionally. @ https://mve.vivo.com.br/sec/dashboard:0
[ 8021960ms] [WARNING] The resource https://mve.vivo.com.br/assets/mve/fonts/ac09edfac4ebe90e76f7.woff2?b1ckzw was preloaded using link preload but not used within a few seconds from the window's load event. Please make sure it has an appropriate `as` value and it is preloaded intentionally. @ https://mve.vivo.com.br/sec/dashboard:0
[ 8021960ms] [WARNING] The resource https://mve.vivo.com.br/assets/mve/fonts/58d821d46eb6f39ad306.woff2 was preloaded using link preload but not used within a few seconds from the window's load event. Please make sure it has an appropriate `as` value and it is preloaded intentionally. @ https://mve.vivo.com.br/sec/dashboard:0
[ 8021960ms] [WARNING] The resource https://mve.vivo.com.br/assets/mve/fonts/c0ba7690a96b0b25a53d.woff2 was preloaded using link preload but not used within a few seconds from the window's load event. Please make sure it has an appropriate `as` value and it is preloaded intentionally. @ https://mve.vivo.com.br/sec/dashboard:0
[ 8021960ms] [WARNING] The resource https://mve.vivo.com.br/assets/mve/fonts/4ef73e245c02dd8794ff.woff2 was preloaded using link preload but not used within a few seconds from the window's load event. Please make sure it has an appropriate `as` value and it is preloaded intentionally. @ https://mve.vivo.com.br/sec/dashboard:0
[ 8021960ms] [WARNING] The resource https://mve.vivo.com.br/assets/mve/fonts/53e34b29d71619d49dc1.woff2 was preloaded using link preload but not used within a few seconds from the window's load event. Please make sure it has an appropriate `as` value and it is preloaded intentionally. @ https://mve.vivo.com.br/sec/dashboard:0
[ 8021960ms] [WARNING] The resource https://mve.vivo.com.br/assets/mve/fonts/c1e074f52d2cc507b0df.woff2 was preloaded using link preload but not used within a few seconds from the window's load event. Please make sure it has an appropriate `as` value and it is preloaded intentionally. @ https://mve.vivo.com.br/sec/dashboard:0
[ 8021960ms] [WARNING] The resource https://mve.vivo.com.br/assets/mve/fonts/f594f2ba13d231e99294.woff2 was preloaded using link preload but not used within a few seconds from the window's load event. Please make sure it has an appropriate `as` value and it is preloaded intentionally. @ https://mve.vivo.com.br/sec/dashboard:0
[ 8037543ms] [WARNING] The resource https://mve.vivo.com.br/assets/mve/fonts/dbe5ac6045d66e680d93.woff2 was preloaded using link preload but not used within a few seconds from the window's load event. Please make sure it has an appropriate `as` value and it is preloaded intentionally. @ https://mve.vivo.com.br/sec/dashboard:0
[ 8037543ms] [WARNING] The resource https://mve.vivo.com.br/assets/mve/fonts/ac09edfac4ebe90e76f7.woff2?b1ckzw was preloaded using link preload but not used within a few seconds from the window's load event. Please make sure it has an appropriate `as` value and it is preloaded intentionally. @ https://mve.vivo.com.br/sec/dashboard:0
[ 8037543ms] [WARNING] The resource https://mve.vivo.com.br/assets/mve/fonts/58d821d46eb6f39ad306.woff2 was preloaded using link preload but not used within a few seconds from the window's load event. Please make sure it has an appropriate `as` value and it is preloaded intentionally. @ https://mve.vivo.com.br/sec/dashboard:0
[ 8037543ms] [WARNING] The resource https://mve.vivo.com.br/assets/mve/fonts/c0ba7690a96b0b25a53d.woff2 was preloaded using link preload but not used within a few seconds from the window's load event. Please make sure it has an appropriate `as` value and it is preloaded intentionally. @ https://mve.vivo.com.br/sec/dashboard:0
[ 8037543ms] [WARNING] The resource https://mve.vivo.com.br/assets/mve/fonts/4ef73e245c02dd8794ff.woff2 was preloaded using link preload but not used within a few seconds from the window's load event. Please make sure it has an appropriate `as` value and it is preloaded intentionally. @ https://mve.vivo.com.br/sec/dashboard:0
[ 8037543ms] [WARNING] The resource https://mve.vivo.com.br/assets/mve/fonts/53e34b29d71619d49dc1.woff2 was preloaded using link preload but not used within a few seconds from the window's load event. Please make sure it has an appropriate `as` value and it is preloaded intentionally. @ https://mve.vivo.com.br/sec/dashboard:0
[ 8037543ms] [WARNING] The resource https://mve.vivo.com.br/assets/mve/fonts/c1e074f52d2cc507b0df.woff2 was preloaded using link preload but not used within a few seconds from the window's load event. Please make sure it has an appropriate `as` value and it is preloaded intentionally. @ https://mve.vivo.com.br/sec/dashboard:0
[ 8037543ms] [WARNING] The resource https://mve.vivo.com.br/assets/mve/fonts/f594f2ba13d231e99294.woff2 was preloaded using link preload but not used within a few seconds from the window's load event. Please make sure it has an appropriate `as` value and it is preloaded intentionally. @ https://mve.vivo.com.br/sec/dashboard:0
[ 8068259ms] [WARNING] The resource https://mve.vivo.com.br/assets/mve/fonts/dbe5ac6045d66e680d93.woff2 was preloaded using link preload but not used within a few seconds from the window's load event. Please make sure it has an appropriate `as` value and it is preloaded intentionally. @ https://mve.vivo.com.br/sec/dashboard:0
[ 8068260ms] [WARNING] The resource https://mve.vivo.com.br/assets/mve/fonts/ac09edfac4ebe90e76f7.woff2?b1ckzw was preloaded using link preload but not used within a few seconds from the window's load event. Please make sure it has an appropriate `as` value and it is preloaded intentionally. @ https://mve.vivo.com.br/sec/dashboard:0
[ 8068260ms] [WARNING] The resource https://mve.vivo.com.br/assets/mve/fonts/58d821d46eb6f39ad306.woff2 was preloaded using link preload but not used within a few seconds from the window's load event. Please make sure it has an appropriate `as` value and it is preloaded intentionally. @ https://mve.vivo.com.br/sec/dashboard:0
[ 8068260ms] [WARNING] The resource https://mve.vivo.com.br/assets/mve/fonts/c0ba7690a96b0b25a53d.woff2 was preloaded using link preload but not used within a few seconds from the window's load event. Please make sure it has an appropriate `as` value and it is preloaded intentionally. @ https://mve.vivo.com.br/sec/dashboard:0
[ 8068260ms] [WARNING] The resource https://mve.vivo.com.br/assets/mve/fonts/4ef73e245c02dd8794ff.woff2 was preloaded using link preload but not used within a few seconds from the window's load event. Please make sure it has an appropriate `as` value and it is preloaded intentionally. @ https://mve.vivo.com.br/sec/dashboard:0
[ 8068260ms] [WARNING] The resource https://mve.vivo.com.br/assets/mve/fonts/53e34b29d71619d49dc1.woff2 was preloaded using link preload but not used within a few seconds from the window's load event. Please make sure it has an appropriate `as` value and it is preloaded intentionally. @ https://mve.vivo.com.br/sec/dashboard:0
[ 8068260ms] [WARNING] The resource https://mve.vivo.com.br/assets/mve/fonts/c1e074f52d2cc507b0df.woff2 was preloaded using link preload but not used within a few seconds from the window's load event. Please make sure it has an appropriate `as` value and it is preloaded intentionally. @ https://mve.vivo.com.br/sec/dashboard:0
[ 8068260ms] [WARNING] The resource https://mve.vivo.com.br/assets/mve/fonts/f594f2ba13d231e99294.woff2 was preloaded using link preload but not used within a few seconds from the window's load event. Please make sure it has an appropriate `as` value and it is preloaded intentionally. @ https://mve.vivo.com.br/sec/dashboard:0
[ 8097671ms] [WARNING] The resource https://mve.vivo.com.br/assets/mve/fonts/dbe5ac6045d66e680d93.woff2 was preloaded using link preload but not used within a few seconds from the window's load event. Please make sure it has an appropriate `as` value and it is preloaded intentionally. @ https://mve.vivo.com.br/sec/dashboard:0
[ 8097671ms] [WARNING] The resource https://mve.vivo.com.br/assets/mve/fonts/ac09edfac4ebe90e76f7.woff2?b1ckzw was preloaded using link preload but not used within a few seconds from the window's load event. Please make sure it has an appropriate `as` value and it is preloaded intentionally. @ https://mve.vivo.com.br/sec/dashboard:0
[ 8097671ms] [WARNING] The resource https://mve.vivo.com.br/assets/mve/fonts/58d821d46eb6f39ad306.woff2 was preloaded using link preload but not used within a few seconds from the window's load event. Please make sure it has an appropriate `as` value and it is preloaded intentionally. @ https://mve.vivo.com.br/sec/dashboard:0
[ 8097671ms] [WARNING] The resource https://mve.vivo.com.br/assets/mve/fonts/c0ba7690a96b0b25a53d.woff2 was preloaded using link preload but not used within a few seconds from the window's load event. Please make sure it has an appropriate `as` value and it is preloaded intentionally. @ https://mve.vivo.com.br/sec/dashboard:0
[ 8097671ms] [WARNING] The resource https://mve.vivo.com.br/assets/mve/fonts/4ef73e245c02dd8794ff.woff2 was preloaded using link preload but not used within a few seconds from the window's load event. Please make sure it has an appropriate `as` value and it is preloaded intentionally. @ https://mve.vivo.com.br/sec/dashboard:0
[ 8097671ms] [WARNING] The resource https://mve.vivo.com.br/assets/mve/fonts/53e34b29d71619d49dc1.woff2 was preloaded using link preload but not used within a few seconds from the window's load event. Please make sure it has an appropriate `as` value and it is preloaded intentionally. @ https://mve.vivo.com.br/sec/dashboard:0
[ 8097671ms] [WARNING] The resource https://mve.vivo.com.br/assets/mve/fonts/c1e074f52d2cc507b0df.woff2 was preloaded using link preload but not used within a few seconds from the window's load event. Please make sure it has an appropriate `as` value and it is preloaded intentionally. @ https://mve.vivo.com.br/sec/dashboard:0
[ 8097671ms] [WARNING] The resource https://mve.vivo.com.br/assets/mve/fonts/f594f2ba13d231e99294.woff2 was preloaded using link preload but not used within a few seconds from the window's load event. Please make sure it has an appropriate `as` value and it is preloaded intentionally. @ https://mve.vivo.com.br/sec/dashboard:0
[ 8115810ms] [WARNING] The resource https://mve.vivo.com.br/assets/mve/fonts/dbe5ac6045d66e680d93.woff2 was preloaded using link preload but not used within a few seconds from the window's load event. Please make sure it has an appropriate `as` value and it is preloaded intentionally. @ https://mve.vivo.com.br/sec/dashboard:0
[ 8115810ms] [WARNING] The resource https://mve.vivo.com.br/assets/mve/fonts/ac09edfac4ebe90e76f7.woff2?b1ckzw was preloaded using link preload but not used within a few seconds from the window's load event. Please make sure it has an appropriate `as` value and it is preloaded intentionally. @ https://mve.vivo.com.br/sec/dashboard:0
[ 8115810ms] [WARNING] The resource https://mve.vivo.com.br/assets/mve/fonts/58d821d46eb6f39ad306.woff2 was preloaded using link preload but not used within a few seconds from the window's load event. Please make sure it has an appropriate `as` value and it is preloaded intentionally. @ https://mve.vivo.com.br/sec/dashboard:0
[ 8115810ms] [WARNING] The resource https://mve.vivo.com.br/assets/mve/fonts/c0ba7690a96b0b25a53d.woff2 was preloaded using link preload but not used within a few seconds from the window's load event. Please make sure it has an appropriate `as` value and it is preloaded intentionally. @ https://mve.vivo.com.br/sec/dashboard:0
[ 8115810ms] [WARNING] The resource https://mve.vivo.com.br/assets/mve/fonts/4ef73e245c02dd8794ff.woff2 was preloaded using link preload but not used within a few seconds from the window's load event. Please make sure it has an appropriate `as` value and it is preloaded intentionally. @ https://mve.vivo.com.br/sec/dashboard:0
[ 8115810ms] [WARNING] The resource https://mve.vivo.com.br/assets/mve/fonts/53e34b29d71619d49dc1.woff2 was preloaded using link preload but not used within a few seconds from the window's load event. Please make sure it has an appropriate `as` value and it is preloaded intentionally. @ https://mve.vivo.com.br/sec/dashboard:0
[ 8115810ms] [WARNING] The resource https://mve.vivo.com.br/assets/mve/fonts/c1e074f52d2cc507b0df.woff2 was preloaded using link preload but not used within a few seconds from the window's load event. Please make sure it has an appropriate `as` value and it is preloaded intentionally. @ https://mve.vivo.com.br/sec/dashboard:0
[ 8115810ms] [WARNING] The resource https://mve.vivo.com.br/assets/mve/fonts/f594f2ba13d231e99294.woff2 was preloaded using link preload but not used within a few seconds from the window's load event. Please make sure it has an appropriate `as` value and it is preloaded intentionally. @ https://mve.vivo.com.br/sec/dashboard:0
[ 8157759ms] [WARNING] The resource https://mve.vivo.com.br/assets/mve/fonts/dbe5ac6045d66e680d93.woff2 was preloaded using link preload but not used within a few seconds from the window's load event. Please make sure it has an appropriate `as` value and it is preloaded intentionally. @ https://mve.vivo.com.br/sec/dashboard:0
[ 8157759ms] [WARNING] The resource https://mve.vivo.com.br/assets/mve/fonts/ac09edfac4ebe90e76f7.woff2?b1ckzw was preloaded using link preload but not used within a few seconds from the window's load event. Please make sure it has an appropriate `as` value and it is preloaded intentionally. @ https://mve.vivo.com.br/sec/dashboard:0
[ 8157759ms] [WARNING] The resource https://mve.vivo.com.br/assets/mve/fonts/58d821d46eb6f39ad306.woff2 was preloaded using link preload but not used within a few seconds from the window's load event. Please make sure it has an appropriate `as` value and it is preloaded intentionally. @ https://mve.vivo.com.br/sec/dashboard:0
[ 8157759ms] [WARNING] The resource https://mve.vivo.com.br/assets/mve/fonts/c0ba7690a96b0b25a53d.woff2 was preloaded using link preload but not used within a few seconds from the window's load event. Please make sure it has an appropriate `as` value and it is preloaded intentionally. @ https://mve.vivo.com.br/sec/dashboard:0
[ 8157759ms] [WARNING] The resource https://mve.vivo.com.br/assets/mve/fonts/4ef73e245c02dd8794ff.woff2 was preloaded using link preload but not used within a few seconds from the window's load event. Please make sure it has an appropriate `as` value and it is preloaded intentionally. @ https://mve.vivo.com.br/sec/dashboard:0
[ 8157759ms] [WARNING] The resource https://mve.vivo.com.br/assets/mve/fonts/53e34b29d71619d49dc1.woff2 was preloaded using link preload but not used within a few seconds from the window's load event. Please make sure it has an appropriate `as` value and it is preloaded intentionally. @ https://mve.vivo.com.br/sec/dashboard:0
[ 8157759ms] [WARNING] The resource https://mve.vivo.com.br/assets/mve/fonts/c1e074f52d2cc507b0df.woff2 was preloaded using link preload but not used within a few seconds from the window's load event. Please make sure it has an appropriate `as` value and it is preloaded intentionally. @ https://mve.vivo.com.br/sec/dashboard:0
[ 8157759ms] [WARNING] The resource https://mve.vivo.com.br/assets/mve/fonts/f594f2ba13d231e99294.woff2 was preloaded using link preload but not used within a few seconds from the window's load event. Please make sure it has an appropriate `as` value and it is preloaded intentionally. @ https://mve.vivo.com.br/sec/dashboard:0
[ 8162246ms] [WARNING] The resource https://mve.vivo.com.br/assets/mve/fonts/dbe5ac6045d66e680d93.woff2 was preloaded using link preload but not used within a few seconds from the window's load event. Please make sure it has an appropriate `as` value and it is preloaded intentionally. @ https://mve.vivo.com.br/sec/dashboard:0
[ 8162246ms] [WARNING] The resource https://mve.vivo.com.br/assets/mve/fonts/ac09edfac4ebe90e76f7.woff2?b1ckzw was preloaded using link preload but not used within a few seconds from the window's load event. Please make sure it has an appropriate `as` value and it is preloaded intentionally. @ https://mve.vivo.com.br/sec/dashboard:0
[ 8162246ms] [WARNING] The resource https://mve.vivo.com.br/assets/mve/fonts/58d821d46eb6f39ad306.woff2 was preloaded using link preload but not used within a few seconds from the window's load event. Please make sure it has an appropriate `as` value and it is preloaded intentionally. @ https://mve.vivo.com.br/sec/dashboard:0
[ 8162246ms] [WARNING] The resource https://mve.vivo.com.br/assets/mve/fonts/c0ba7690a96b0b25a53d.woff2 was preloaded using link preload but not used within a few seconds from the window's load event. Please make sure it has an appropriate `as` value and it is preloaded intentionally. @ https://mve.vivo.com.br/sec/dashboard:0
[ 8162246ms] [WARNING] The resource https://mve.vivo.com.br/assets/mve/fonts/4ef73e245c02dd8794ff.woff2 was preloaded using link preload but not used within a few seconds from the window's load event. Please make sure it has an appropriate `as` value and it is preloaded intentionally. @ https://mve.vivo.com.br/sec/dashboard:0
[ 8162246ms] [WARNING] The resource https://mve.vivo.com.br/assets/mve/fonts/53e34b29d71619d49dc1.woff2 was preloaded using link preload but not used within a few seconds from the window's load event. Please make sure it has an appropriate `as` value and it is preloaded intentionally. @ https://mve.vivo.com.br/sec/dashboard:0
[ 8162246ms] [WARNING] The resource https://mve.vivo.com.br/assets/mve/fonts/c1e074f52d2cc507b0df.woff2 was preloaded using link preload but not used within a few seconds from the window's load event. Please make sure it has an appropriate `as` value and it is preloaded intentionally. @ https://mve.vivo.com.br/sec/dashboard:0
[ 8162246ms] [WARNING] The resource https://mve.vivo.com.br/assets/mve/fonts/f594f2ba13d231e99294.woff2 was preloaded using link preload but not used within a few seconds from the window's load event. Please make sure it has an appropriate `as` value and it is preloaded intentionally. @ https://mve.vivo.com.br/sec/dashboard:0
[ 8208463ms] [WARNING] The resource https://mve.vivo.com.br/assets/mve/fonts/dbe5ac6045d66e680d93.woff2 was preloaded using link preload but not used within a few seconds from the window's load event. Please make sure it has an appropriate `as` value and it is preloaded intentionally. @ https://mve.vivo.com.br/sec/dashboard:0
[ 8208463ms] [WARNING] The resource https://mve.vivo.com.br/assets/mve/fonts/ac09edfac4ebe90e76f7.woff2?b1ckzw was preloaded using link preload but not used within a few seconds from the window's load event. Please make sure it has an appropriate `as` value and it is preloaded intentionally. @ https://mve.vivo.com.br/sec/dashboard:0
[ 8208463ms] [WARNING] The resource https://mve.vivo.com.br/assets/mve/fonts/58d821d46eb6f39ad306.woff2 was preloaded using link preload but not used within a few seconds from the window's load event. Please make sure it has an appropriate `as` value and it is preloaded intentionally. @ https://mve.vivo.com.br/sec/dashboard:0
[ 8208463ms] [WARNING] The resource https://mve.vivo.com.br/assets/mve/fonts/c0ba7690a96b0b25a53d.woff2 was preloaded using link preload but not used within a few seconds from the window's load event. Please make sure it has an appropriate `as` value and it is preloaded intentionally. @ https://mve.vivo.com.br/sec/dashboard:0
[ 8208463ms] [WARNING] The resource https://mve.vivo.com.br/assets/mve/fonts/4ef73e245c02dd8794ff.woff2 was preloaded using link preload but not used within a few seconds from the window's load event. Please make sure it has an appropriate `as` value and it is preloaded intentionally. @ https://mve.vivo.com.br/sec/dashboard:0
[ 8208463ms] [WARNING] The resource https://mve.vivo.com.br/assets/mve/fonts/53e34b29d71619d49dc1.woff2 was preloaded using link preload but not used within a few seconds from the window's load event. Please make sure it has an appropriate `as` value and it is preloaded intentionally. @ https://mve.vivo.com.br/sec/dashboard:0
[ 8208463ms] [WARNING] The resource https://mve.vivo.com.br/assets/mve/fonts/c1e074f52d2cc507b0df.woff2 was preloaded using link preload but not used within a few seconds from the window's load event. Please make sure it has an appropriate `as` value and it is preloaded intentionally. @ https://mve.vivo.com.br/sec/dashboard:0
[ 8208463ms] [WARNING] The resource https://mve.vivo.com.br/assets/mve/fonts/f594f2ba13d231e99294.woff2 was preloaded using link preload but not used within a few seconds from the window's load event. Please make sure it has an appropriate `as` value and it is preloaded intentionally. @ https://mve.vivo.com.br/sec/dashboard:0
[ 8217858ms] [WARNING] The resource https://mve.vivo.com.br/assets/mve/fonts/dbe5ac6045d66e680d93.woff2 was preloaded using link preload but not used within a few seconds from the window's load event. Please make sure it has an appropriate `as` value and it is preloaded intentionally. @ https://mve.vivo.com.br/sec/dashboard:0
[ 8217858ms] [WARNING] The resource https://mve.vivo.com.br/assets/mve/fonts/ac09edfac4ebe90e76f7.woff2?b1ckzw was preloaded using link preload but not used within a few seconds from the window's load event. Please make sure it has an appropriate `as` value and it is preloaded intentionally. @ https://mve.vivo.com.br/sec/dashboard:0
[ 8217858ms] [WARNING] The resource https://mve.vivo.com.br/assets/mve/fonts/58d821d46eb6f39ad306.woff2 was preloaded using link preload but not used within a few seconds from the window's load event. Please make sure it has an appropriate `as` value and it is preloaded intentionally. @ https://mve.vivo.com.br/sec/dashboard:0
[ 8217858ms] [WARNING] The resource https://mve.vivo.com.br/assets/mve/fonts/c0ba7690a96b0b25a53d.woff2 was preloaded using link preload but not used within a few seconds from the window's load event. Please make sure it has an appropriate `as` value and it is preloaded intentionally. @ https://mve.vivo.com.br/sec/dashboard:0
[ 8217858ms] [WARNING] The resource https://mve.vivo.com.br/assets/mve/fonts/4ef73e245c02dd8794ff.woff2 was preloaded using link preload but not used within a few seconds from the window's load event. Please make sure it has an appropriate `as` value and it is preloaded intentionally. @ https://mve.vivo.com.br/sec/dashboard:0
[ 8217858ms] [WARNING] The resource https://mve.vivo.com.br/assets/mve/fonts/53e34b29d71619d49dc1.woff2 was preloaded using link preload but not used within a few seconds from the window's load event. Please make sure it has an appropriate `as` value and it is preloaded intentionally. @ https://mve.vivo.com.br/sec/dashboard:0
[ 8217858ms] [WARNING] The resource https://mve.vivo.com.br/assets/mve/fonts/c1e074f52d2cc507b0df.woff2 was preloaded using link preload but not used within a few seconds from the window's load event. Please make sure it has an appropriate `as` value and it is preloaded intentionally. @ https://mve.vivo.com.br/sec/dashboard:0
[ 8217858ms] [WARNING] The resource https://mve.vivo.com.br/assets/mve/fonts/f594f2ba13d231e99294.woff2 was preloaded using link preload but not used within a few seconds from the window's load event. Please make sure it has an appropriate `as` value and it is preloaded intentionally. @ https://mve.vivo.com.br/sec/dashboard:0
[ 8271065ms] [WARNING] The resource https://mve.vivo.com.br/assets/mve/fonts/dbe5ac6045d66e680d93.woff2 was preloaded using link preload but not used within a few seconds from the window's load event. Please make sure it has an appropriate `as` value and it is preloaded intentionally. @ https://mve.vivo.com.br/sec/dashboard:0
[ 8271065ms] [WARNING] The resource https://mve.vivo.com.br/assets/mve/fonts/ac09edfac4ebe90e76f7.woff2?b1ckzw was preloaded using link preload but not used within a few seconds from the window's load event. Please make sure it has an appropriate `as` value and it is preloaded intentionally. @ https://mve.vivo.com.br/sec/dashboard:0
[ 8271065ms] [WARNING] The resource https://mve.vivo.com.br/assets/mve/fonts/58d821d46eb6f39ad306.woff2 was preloaded using link preload but not used within a few seconds from the window's load event. Please make sure it has an appropriate `as` value and it is preloaded intentionally. @ https://mve.vivo.com.br/sec/dashboard:0
[ 8271065ms] [WARNING] The resource https://mve.vivo.com.br/assets/mve/fonts/c0ba7690a96b0b25a53d.woff2 was preloaded using link preload but not used within a few seconds from the window's load event. Please make sure it has an appropriate `as` value and it is preloaded intentionally. @ https://mve.vivo.com.br/sec/dashboard:0
[ 8271065ms] [WARNING] The resource https://mve.vivo.com.br/assets/mve/fonts/4ef73e245c02dd8794ff.woff2 was preloaded using link preload but not used within a few seconds from the window's load event. Please make sure it has an appropriate `as` value and it is preloaded intentionally. @ https://mve.vivo.com.br/sec/dashboard:0
[ 8271065ms] [WARNING] The resource https://mve.vivo.com.br/assets/mve/fonts/53e34b29d71619d49dc1.woff2 was preloaded using link preload but not used within a few seconds from the window's load event. Please make sure it has an appropriate `as` value and it is preloaded intentionally. @ https://mve.vivo.com.br/sec/dashboard:0
[ 8271065ms] [WARNING] The resource https://mve.vivo.com.br/assets/mve/fonts/c1e074f52d2cc507b0df.woff2 was preloaded using link preload but not used within a few seconds from the window's load event. Please make sure it has an appropriate `as` value and it is preloaded intentionally. @ https://mve.vivo.com.br/sec/dashboard:0
[ 8271065ms] [WARNING] The resource https://mve.vivo.com.br/assets/mve/fonts/f594f2ba13d231e99294.woff2 was preloaded using link preload but not used within a few seconds from the window's load event. Please make sure it has an appropriate `as` value and it is preloaded intentionally. @ https://mve.vivo.com.br/sec/dashboard:0
[ 8274916ms] [ERROR] Failed to load resource: the server responded with a status of 401 (Unauthorized) @ https://mve.vivo.com.br/sec/heartbeat?ts=1787582032403&dateMilis=1787582032403:0
[ 8274943ms] [LOG] MOBILE @ :0
[ 8274944ms] [LOG] MOBILE @ :0
[ 8274971ms] [LOG] MOBILE @ :0
[ 8274973ms] [LOG] MOBILE @ :0
[ 8278520ms] [WARNING] The resource https://mve.vivo.com.br/assets/mve/fonts/dbe5ac6045d66e680d93.woff2 was preloaded using link preload but not used within a few seconds from the window's load event. Please make sure it has an appropriate `as` value and it is preloaded intentionally. @ https://mve.vivo.com.br/sec/dashboard:0
[ 8278520ms] [WARNING] The resource https://mve.vivo.com.br/assets/mve/fonts/ac09edfac4ebe90e76f7.woff2?b1ckzw was preloaded using link preload but not used within a few seconds from the window's load event. Please make sure it has an appropriate `as` value and it is preloaded intentionally. @ https://mve.vivo.com.br/sec/dashboard:0
[ 8278520ms] [WARNING] The resource https://mve.vivo.com.br/assets/mve/fonts/58d821d46eb6f39ad306.woff2 was preloaded using link preload but not used within a few seconds from the window's load event. Please make sure it has an appropriate `as` value and it is preloaded intentionally. @ https://mve.vivo.com.br/sec/dashboard:0
[ 8278520ms] [WARNING] The resource https://mve.vivo.com.br/assets/mve/fonts/c0ba7690a96b0b25a53d.woff2 was preloaded using link preload but not used within a few seconds from the window's load event. Please make sure it has an appropriate `as` value and it is preloaded intentionally. @ https://mve.vivo.com.br/sec/dashboard:0
[ 8278520ms] [WARNING] The resource https://mve.vivo.com.br/assets/mve/fonts/4ef73e245c02dd8794ff.woff2 was preloaded using link preload but not used within a few seconds from the window's load event. Please make sure it has an appropriate `as` value and it is preloaded intentionally. @ https://mve.vivo.com.br/sec/dashboard:0
[ 8278520ms] [WARNING] The resource https://mve.vivo.com.br/assets/mve/fonts/53e34b29d71619d49dc1.woff2 was preloaded using link preload but not used within a few seconds from the window's load event. Please make sure it has an appropriate `as` value and it is preloaded intentionally. @ https://mve.vivo.com.br/sec/dashboard:0
[ 8278520ms] [WARNING] The resource https://mve.vivo.com.br/assets/mve/fonts/c1e074f52d2cc507b0df.woff2 was preloaded using link preload but not used within a few seconds from the window's load event. Please make sure it has an appropriate `as` value and it is preloaded intentionally. @ https://mve.vivo.com.br/sec/dashboard:0
[ 8278520ms] [WARNING] The resource https://mve.vivo.com.br/assets/mve/fonts/f594f2ba13d231e99294.woff2 was preloaded using link preload but not used within a few seconds from the window's load event. Please make sure it has an appropriate `as` value and it is preloaded intentionally. @ https://mve.vivo.com.br/sec/dashboard:0
[ 8283074ms] [WARNING] The resource https://mve.vivo.com.br/assets/mve/fonts/dbe5ac6045d66e680d93.woff2 was preloaded using link preload but not used within a few seconds from the window's load event. Please make sure it has an appropriate `as` value and it is preloaded intentionally. @ https://mve.vivo.com.br/sec/dashboard:0
[ 8283074ms] [WARNING] The resource https://mve.vivo.com.br/assets/mve/fonts/ac09edfac4ebe90e76f7.woff2?b1ckzw was preloaded using link preload but not used within a few seconds from the window's load event. Please make sure it has an appropriate `as` value and it is preloaded intentionally. @ https://mve.vivo.com.br/sec/dashboard:0
[ 8283074ms] [WARNING] The resource https://mve.vivo.com.br/assets/mve/fonts/58d821d46eb6f39ad306.woff2 was preloaded using link preload but not used within a few seconds from the window's load event. Please make sure it has an appropriate `as` value and it is preloaded intentionally. @ https://mve.vivo.com.br/sec/dashboard:0
[ 8283074ms] [WARNING] The resource https://mve.vivo.com.br/assets/mve/fonts/c0ba7690a96b0b25a53d.woff2 was preloaded using link preload but not used within a few seconds from the window's load event. Please make sure it has an appropriate `as` value and it is preloaded intentionally. @ https://mve.vivo.com.br/sec/dashboard:0
[ 8283074ms] [WARNING] The resource https://mve.vivo.com.br/assets/mve/fonts/4ef73e245c02dd8794ff.woff2 was preloaded using link preload but not used within a few seconds from the window's load event. Please make sure it has an appropriate `as` value and it is preloaded intentionally. @ https://mve.vivo.com.br/sec/dashboard:0
[ 8283074ms] [WARNING] The resource https://mve.vivo.com.br/assets/mve/fonts/53e34b29d71619d49dc1.woff2 was preloaded using link preload but not used within a few seconds from the window's load event. Please make sure it has an appropriate `as` value and it is preloaded intentionally. @ https://mve.vivo.com.br/sec/dashboard:0
[ 8283074ms] [WARNING] The resource https://mve.vivo.com.br/assets/mve/fonts/c1e074f52d2cc507b0df.woff2 was preloaded using link preload but not used within a few seconds from the window's load event. Please make sure it has an appropriate `as` value and it is preloaded intentionally. @ https://mve.vivo.com.br/sec/dashboard:0
[ 8283074ms] [WARNING] The resource https://mve.vivo.com.br/assets/mve/fonts/f594f2ba13d231e99294.woff2 was preloaded using link preload but not used within a few seconds from the window's load event. Please make sure it has an appropriate `as` value and it is preloaded intentionally. @ https://mve.vivo.com.br/sec/dashboard:0
[ 8317357ms] [WARNING] The resource https://mve.vivo.com.br/assets/mve/fonts/dbe5ac6045d66e680d93.woff2 was preloaded using link preload but not used within a few seconds from the window's load event. Please make sure it has an appropriate `as` value and it is preloaded intentionally. @ https://mve.vivo.com.br/sec/dashboard:0
[ 8317357ms] [WARNING] The resource https://mve.vivo.com.br/assets/mve/fonts/ac09edfac4ebe90e76f7.woff2?b1ckzw was preloaded using link preload but not used within a few seconds from the window's load event. Please make sure it has an appropriate `as` value and it is preloaded intentionally. @ https://mve.vivo.com.br/sec/dashboard:0
[ 8317357ms] [WARNING] The resource https://mve.vivo.com.br/assets/mve/fonts/58d821d46eb6f39ad306.woff2 was preloaded using link preload but not used within a few seconds from the window's load event. Please make sure it has an appropriate `as` value and it is preloaded intentionally. @ https://mve.vivo.com.br/sec/dashboard:0
[ 8317357ms] [WARNING] The resource https://mve.vivo.com.br/assets/mve/fonts/c0ba7690a96b0b25a53d.woff2 was preloaded using link preload but not used within a few seconds from the window's load event. Please make sure it has an appropriate `as` value and it is preloaded intentionally. @ https://mve.vivo.com.br/sec/dashboard:0
[ 8317357ms] [WARNING] The resource https://mve.vivo.com.br/assets/mve/fonts/4ef73e245c02dd8794ff.woff2 was preloaded using link preload but not used within a few seconds from the window's load event. Please make sure it has an appropriate `as` value and it is preloaded intentionally. @ https://mve.vivo.com.br/sec/dashboard:0
[ 8317357ms] [WARNING] The resource https://mve.vivo.com.br/assets/mve/fonts/53e34b29d71619d49dc1.woff2 was preloaded using link preload but not used within a few seconds from the window's load event. Please make sure it has an appropriate `as` value and it is preloaded intentionally. @ https://mve.vivo.com.br/sec/dashboard:0
[ 8317357ms] [WARNING] The resource https://mve.vivo.com.br/assets/mve/fonts/c1e074f52d2cc507b0df.woff2 was preloaded using link preload but not used within a few seconds from the window's load event. Please make sure it has an appropriate `as` value and it is preloaded intentionally. @ https://mve.vivo.com.br/sec/dashboard:0
[ 8317357ms] [WARNING] The resource https://mve.vivo.com.br/assets/mve/fonts/f594f2ba13d231e99294.woff2 was preloaded using link preload but not used within a few seconds from the window's load event. Please make sure it has an appropriate `as` value and it is preloaded intentionally. @ https://mve.vivo.com.br/sec/dashboard:0
[ 8363648ms] [WARNING] The resource https://mve.vivo.com.br/assets/mve/fonts/dbe5ac6045d66e680d93.woff2 was preloaded using link preload but not used within a few seconds from the window's load event. Please make sure it has an appropriate `as` value and it is preloaded intentionally. @ https://mve.vivo.com.br/sec/dashboard:0
[ 8363648ms] [WARNING] The resource https://mve.vivo.com.br/assets/mve/fonts/ac09edfac4ebe90e76f7.woff2?b1ckzw was preloaded using link preload but not used within a few seconds from the window's load event. Please make sure it has an appropriate `as` value and it is preloaded intentionally. @ https://mve.vivo.com.br/sec/dashboard:0
[ 8363648ms] [WARNING] The resource https://mve.vivo.com.br/assets/mve/fonts/58d821d46eb6f39ad306.woff2 was preloaded using link preload but not used within a few seconds from the window's load event. Please make sure it has an appropriate `as` value and it is preloaded intentionally. @ https://mve.vivo.com.br/sec/dashboard:0
[ 8363648ms] [WARNING] The resource https://mve.vivo.com.br/assets/mve/fonts/c0ba7690a96b0b25a53d.woff2 was preloaded using link preload but not used within a few seconds from the window's load event. Please make sure it has an appropriate `as` value and it is preloaded intentionally. @ https://mve.vivo.com.br/sec/dashboard:0
[ 8363648ms] [WARNING] The resource https://mve.vivo.com.br/assets/mve/fonts/4ef73e245c02dd8794ff.woff2 was preloaded using link preload but not used within a few seconds from the window's load event. Please make sure it has an appropriate `as` value and it is preloaded intentionally. @ https://mve.vivo.com.br/sec/dashboard:0
[ 8363648ms] [WARNING] The resource https://mve.vivo.com.br/assets/mve/fonts/53e34b29d71619d49dc1.woff2 was preloaded using link preload but not used within a few seconds from the window's load event. Please make sure it has an appropriate `as` value and it is preloaded intentionally. @ https://mve.vivo.com.br/sec/dashboard:0
[ 8363648ms] [WARNING] The resource https://mve.vivo.com.br/assets/mve/fonts/c1e074f52d2cc507b0df.woff2 was preloaded using link preload but not used within a few seconds from the window's load event. Please make sure it has an appropriate `as` value and it is preloaded intentionally. @ https://mve.vivo.com.br/sec/dashboard:0
[ 8363648ms] [WARNING] The resource https://mve.vivo.com.br/assets/mve/fonts/f594f2ba13d231e99294.woff2 was preloaded using link preload but not used within a few seconds from the window's load event. Please make sure it has an appropriate `as` value and it is preloaded intentionally. @ https://mve.vivo.com.br/sec/dashboard:0
[ 8426250ms] [WARNING] The resource https://mve.vivo.com.br/assets/mve/fonts/dbe5ac6045d66e680d93.woff2 was preloaded using link preload but not used within a few seconds from the window's load event. Please make sure it has an appropriate `as` value and it is preloaded intentionally. @ https://mve.vivo.com.br/sec/dashboard:0
[ 8426250ms] [WARNING] The resource https://mve.vivo.com.br/assets/mve/fonts/ac09edfac4ebe90e76f7.woff2?b1ckzw was preloaded using link preload but not used within a few seconds from the window's load event. Please make sure it has an appropriate `as` value and it is preloaded intentionally. @ https://mve.vivo.com.br/sec/dashboard:0
[ 8426250ms] [WARNING] The resource https://mve.vivo.com.br/assets/mve/fonts/58d821d46eb6f39ad306.woff2 was preloaded using link preload but not used within a few seconds from the window's load event. Please make sure it has an appropriate `as` value and it is preloaded intentionally. @ https://mve.vivo.com.br/sec/dashboard:0
[ 8426250ms] [WARNING] The resource https://mve.vivo.com.br/assets/mve/fonts/c0ba7690a96b0b25a53d.woff2 was preloaded using link preload but not used within a few seconds from the window's load event. Please make sure it has an appropriate `as` value and it is preloaded intentionally. @ https://mve.vivo.com.br/sec/dashboard:0
[ 8426250ms] [WARNING] The resource https://mve.vivo.com.br/assets/mve/fonts/4ef73e245c02dd8794ff.woff2 was preloaded using link preload but not used within a few seconds from the window's load event. Please make sure it has an appropriate `as` value and it is preloaded intentionally. @ https://mve.vivo.com.br/sec/dashboard:0
[ 8426250ms] [WARNING] The resource https://mve.vivo.com.br/assets/mve/fonts/53e34b29d71619d49dc1.woff2 was preloaded using link preload but not used within a few seconds from the window's load event. Please make sure it has an appropriate `as` value and it is preloaded intentionally. @ https://mve.vivo.com.br/sec/dashboard:0
[ 8426250ms] [WARNING] The resource https://mve.vivo.com.br/assets/mve/fonts/c1e074f52d2cc507b0df.woff2 was preloaded using link preload but not used within a few seconds from the window's load event. Please make sure it has an appropriate `as` value and it is preloaded intentionally. @ https://mve.vivo.com.br/sec/dashboard:0
[ 8426250ms] [WARNING] The resource https://mve.vivo.com.br/assets/mve/fonts/f594f2ba13d231e99294.woff2 was preloaded using link preload but not used within a few seconds from the window's load event. Please make sure it has an appropriate `as` value and it is preloaded intentionally. @ https://mve.vivo.com.br/sec/dashboard:0
[ 8472571ms] [WARNING] The resource https://mve.vivo.com.br/assets/mve/fonts/dbe5ac6045d66e680d93.woff2 was preloaded using link preload but not used within a few seconds from the window's load event. Please make sure it has an appropriate `as` value and it is preloaded intentionally. @ https://mve.vivo.com.br/sec/dashboard:0
[ 8472571ms] [WARNING] The resource https://mve.vivo.com.br/assets/mve/fonts/ac09edfac4ebe90e76f7.woff2?b1ckzw was preloaded using link preload but not used within a few seconds from the window's load event. Please make sure it has an appropriate `as` value and it is preloaded intentionally. @ https://mve.vivo.com.br/sec/dashboard:0
[ 8472571ms] [WARNING] The resource https://mve.vivo.com.br/assets/mve/fonts/58d821d46eb6f39ad306.woff2 was preloaded using link preload but not used within a few seconds from the window's load event. Please make sure it has an appropriate `as` value and it is preloaded intentionally. @ https://mve.vivo.com.br/sec/dashboard:0
[ 8472571ms] [WARNING] The resource https://mve.vivo.com.br/assets/mve/fonts/c0ba7690a96b0b25a53d.woff2 was preloaded using link preload but not used within a few seconds from the window's load event. Please make sure it has an appropriate `as` value and it is preloaded intentionally. @ https://mve.vivo.com.br/sec/dashboard:0
[ 8472571ms] [WARNING] The resource https://mve.vivo.com.br/assets/mve/fonts/4ef73e245c02dd8794ff.woff2 was preloaded using link preload but not used within a few seconds from the window's load event. Please make sure it has an appropriate `as` value and it is preloaded intentionally. @ https://mve.vivo.com.br/sec/dashboard:0
[ 8472571ms] [WARNING] The resource https://mve.vivo.com.br/assets/mve/fonts/53e34b29d71619d49dc1.woff2 was preloaded using link preload but not used within a few seconds from the window's load event. Please make sure it has an appropriate `as` value and it is preloaded intentionally. @ https://mve.vivo.com.br/sec/dashboard:0
[ 8472571ms] [WARNING] The resource https://mve.vivo.com.br/assets/mve/fonts/c1e074f52d2cc507b0df.woff2 was preloaded using link preload but not used within a few seconds from the window's load event. Please make sure it has an appropriate `as` value and it is preloaded intentionally. @ https://mve.vivo.com.br/sec/dashboard:0
[ 8472571ms] [WARNING] The resource https://mve.vivo.com.br/assets/mve/fonts/f594f2ba13d231e99294.woff2 was preloaded using link preload but not used within a few seconds from the window's load event. Please make sure it has an appropriate `as` value and it is preloaded intentionally. @ https://mve.vivo.com.br/sec/dashboard:0
[ 8518871ms] [WARNING] The resource https://mve.vivo.com.br/assets/mve/fonts/dbe5ac6045d66e680d93.woff2 was preloaded using link preload but not used within a few seconds from the window's load event. Please make sure it has an appropriate `as` value and it is preloaded intentionally. @ https://mve.vivo.com.br/sec/dashboard:0
[ 8518871ms] [WARNING] The resource https://mve.vivo.com.br/assets/mve/fonts/ac09edfac4ebe90e76f7.woff2?b1ckzw was preloaded using link preload but not used within a few seconds from the window's load event. Please make sure it has an appropriate `as` value and it is preloaded intentionally. @ https://mve.vivo.com.br/sec/dashboard:0
[ 8518871ms] [WARNING] The resource https://mve.vivo.com.br/assets/mve/fonts/58d821d46eb6f39ad306.woff2 was preloaded using link preload but not used within a few seconds from the window's load event. Please make sure it has an appropriate `as` value and it is preloaded intentionally. @ https://mve.vivo.com.br/sec/dashboard:0
[ 8518871ms] [WARNING] The resource https://mve.vivo.com.br/assets/mve/fonts/c0ba7690a96b0b25a53d.woff2 was preloaded using link preload but not used within a few seconds from the window's load event. Please make sure it has an appropriate `as` value and it is preloaded intentionally. @ https://mve.vivo.com.br/sec/dashboard:0
[ 8518871ms] [WARNING] The resource https://mve.vivo.com.br/assets/mve/fonts/4ef73e245c02dd8794ff.woff2 was preloaded using link preload but not used within a few seconds from the window's load event. Please make sure it has an appropriate `as` value and it is preloaded intentionally. @ https://mve.vivo.com.br/sec/dashboard:0
[ 8518871ms] [WARNING] The resource https://mve.vivo.com.br/assets/mve/fonts/53e34b29d71619d49dc1.woff2 was preloaded using link preload but not used within a few seconds from the window's load event. Please make sure it has an appropriate `as` value and it is preloaded intentionally. @ https://mve.vivo.com.br/sec/dashboard:0
[ 8518871ms] [WARNING] The resource https://mve.vivo.com.br/assets/mve/fonts/c1e074f52d2cc507b0df.woff2 was preloaded using link preload but not used within a few seconds from the window's load event. Please make sure it has an appropriate `as` value and it is preloaded intentionally. @ https://mve.vivo.com.br/sec/dashboard:0
[ 8518871ms] [WARNING] The resource https://mve.vivo.com.br/assets/mve/fonts/f594f2ba13d231e99294.woff2 was preloaded using link preload but not used within a few seconds from the window's load event. Please make sure it has an appropriate `as` value and it is preloaded intentionally. @ https://mve.vivo.com.br/sec/dashboard:0
[ 8566453ms] [WARNING] The resource https://mve.vivo.com.br/assets/mve/fonts/dbe5ac6045d66e680d93.woff2 was preloaded using link preload but not used within a few seconds from the window's load event. Please make sure it has an appropriate `as` value and it is preloaded intentionally. @ https://mve.vivo.com.br/sec/dashboard:0
[ 8566453ms] [WARNING] The resource https://mve.vivo.com.br/assets/mve/fonts/ac09edfac4ebe90e76f7.woff2?b1ckzw was preloaded using link preload but not used within a few seconds from the window's load event. Please make sure it has an appropriate `as` value and it is preloaded intentionally. @ https://mve.vivo.com.br/sec/dashboard:0
[ 8566453ms] [WARNING] The resource https://mve.vivo.com.br/assets/mve/fonts/58d821d46eb6f39ad306.woff2 was preloaded using link preload but not used within a few seconds from the window's load event. Please make sure it has an appropriate `as` value and it is preloaded intentionally. @ https://mve.vivo.com.br/sec/dashboard:0
[ 8566453ms] [WARNING] The resource https://mve.vivo.com.br/assets/mve/fonts/c0ba7690a96b0b25a53d.woff2 was preloaded using link preload but not used within a few seconds from the window's load event. Please make sure it has an appropriate `as` value and it is preloaded intentionally. @ https://mve.vivo.com.br/sec/dashboard:0
[ 8566453ms] [WARNING] The resource https://mve.vivo.com.br/assets/mve/fonts/4ef73e245c02dd8794ff.woff2 was preloaded using link preload but not used within a few seconds from the window's load event. Please make sure it has an appropriate `as` value and it is preloaded intentionally. @ https://mve.vivo.com.br/sec/dashboard:0
[ 8566453ms] [WARNING] The resource https://mve.vivo.com.br/assets/mve/fonts/53e34b29d71619d49dc1.woff2 was preloaded using link preload but not used within a few seconds from the window's load event. Please make sure it has an appropriate `as` value and it is preloaded intentionally. @ https://mve.vivo.com.br/sec/dashboard:0
[ 8566453ms] [WARNING] The resource https://mve.vivo.com.br/assets/mve/fonts/c1e074f52d2cc507b0df.woff2 was preloaded using link preload but not used within a few seconds from the window's load event. Please make sure it has an appropriate `as` value and it is preloaded intentionally. @ https://mve.vivo.com.br/sec/dashboard:0
[ 8566453ms] [WARNING] The resource https://mve.vivo.com.br/assets/mve/fonts/f594f2ba13d231e99294.woff2 was preloaded using link preload but not used within a few seconds from the window's load event. Please make sure it has an appropriate `as` value and it is preloaded intentionally. @ https://mve.vivo.com.br/sec/dashboard:0
[ 8612721ms] [WARNING] The resource https://mve.vivo.com.br/assets/mve/fonts/dbe5ac6045d66e680d93.woff2 was preloaded using link preload but not used within a few seconds from the window's load event. Please make sure it has an appropriate `as` value and it is preloaded intentionally. @ https://mve.vivo.com.br/sec/dashboard:0
[ 8612721ms] [WARNING] The resource https://mve.vivo.com.br/assets/mve/fonts/ac09edfac4ebe90e76f7.woff2?b1ckzw was preloaded using link preload but not used within a few seconds from the window's load event. Please make sure it has an appropriate `as` value and it is preloaded intentionally. @ https://mve.vivo.com.br/sec/dashboard:0
[ 8612721ms] [WARNING] The resource https://mve.vivo.com.br/assets/mve/fonts/58d821d46eb6f39ad306.woff2 was preloaded using link preload but not used within a few seconds from the window's load event. Please make sure it has an appropriate `as` value and it is preloaded intentionally. @ https://mve.vivo.com.br/sec/dashboard:0
[ 8612721ms] [WARNING] The resource https://mve.vivo.com.br/assets/mve/fonts/c0ba7690a96b0b25a53d.woff2 was preloaded using link preload but not used within a few seconds from the window's load event. Please make sure it has an appropriate `as` value and it is preloaded intentionally. @ https://mve.vivo.com.br/sec/dashboard:0
[ 8612721ms] [WARNING] The resource https://mve.vivo.com.br/assets/mve/fonts/4ef73e245c02dd8794ff.woff2 was preloaded using link preload but not used within a few seconds from the window's load event. Please make sure it has an appropriate `as` value and it is preloaded intentionally. @ https://mve.vivo.com.br/sec/dashboard:0
[ 8612721ms] [WARNING] The resource https://mve.vivo.com.br/assets/mve/fonts/53e34b29d71619d49dc1.woff2 was preloaded using link preload but not used within a few seconds from the window's load event. Please make sure it has an appropriate `as` value and it is preloaded intentionally. @ https://mve.vivo.com.br/sec/dashboard:0
[ 8612721ms] [WARNING] The resource https://mve.vivo.com.br/assets/mve/fonts/c1e074f52d2cc507b0df.woff2 was preloaded using link preload but not used within a few seconds from the window's load event. Please make sure it has an appropriate `as` value and it is preloaded intentionally. @ https://mve.vivo.com.br/sec/dashboard:0
[ 8612722ms] [WARNING] The resource https://mve.vivo.com.br/assets/mve/fonts/f594f2ba13d231e99294.woff2 was preloaded using link preload but not used within a few seconds from the window's load event. Please make sure it has an appropriate `as` value and it is preloaded intentionally. @ https://mve.vivo.com.br/sec/dashboard:0
[ 8660278ms] [WARNING] The resource https://mve.vivo.com.br/assets/mve/fonts/dbe5ac6045d66e680d93.woff2 was preloaded using link preload but not used within a few seconds from the window's load event. Please make sure it has an appropriate `as` value and it is preloaded intentionally. @ https://mve.vivo.com.br/sec/dashboard:0
[ 8660279ms] [WARNING] The resource https://mve.vivo.com.br/assets/mve/fonts/ac09edfac4ebe90e76f7.woff2?b1ckzw was preloaded using link preload but not used within a few seconds from the window's load event. Please make sure it has an appropriate `as` value and it is preloaded intentionally. @ https://mve.vivo.com.br/sec/dashboard:0
[ 8660279ms] [WARNING] The resource https://mve.vivo.com.br/assets/mve/fonts/58d821d46eb6f39ad306.woff2 was preloaded using link preload but not used within a few seconds from the window's load event. Please make sure it has an appropriate `as` value and it is preloaded intentionally. @ https://mve.vivo.com.br/sec/dashboard:0
[ 8660279ms] [WARNING] The resource https://mve.vivo.com.br/assets/mve/fonts/c0ba7690a96b0b25a53d.woff2 was preloaded using link preload but not used within a few seconds from the window's load event. Please make sure it has an appropriate `as` value and it is preloaded intentionally. @ https://mve.vivo.com.br/sec/dashboard:0
[ 8660279ms] [WARNING] The resource https://mve.vivo.com.br/assets/mve/fonts/4ef73e245c02dd8794ff.woff2 was preloaded using link preload but not used within a few seconds from the window's load event. Please make sure it has an appropriate `as` value and it is preloaded intentionally. @ https://mve.vivo.com.br/sec/dashboard:0
[ 8660279ms] [WARNING] The resource https://mve.vivo.com.br/assets/mve/fonts/53e34b29d71619d49dc1.woff2 was preloaded using link preload but not used within a few seconds from the window's load event. Please make sure it has an appropriate `as` value and it is preloaded intentionally. @ https://mve.vivo.com.br/sec/dashboard:0
[ 8660279ms] [WARNING] The resource https://mve.vivo.com.br/assets/mve/fonts/c1e074f52d2cc507b0df.woff2 was preloaded using link preload but not used within a few seconds from the window's load event. Please make sure it has an appropriate `as` value and it is preloaded intentionally. @ https://mve.vivo.com.br/sec/dashboard:0
[ 8660279ms] [WARNING] The resource https://mve.vivo.com.br/assets/mve/fonts/f594f2ba13d231e99294.woff2 was preloaded using link preload but not used within a few seconds from the window's load event. Please make sure it has an appropriate `as` value and it is preloaded intentionally. @ https://mve.vivo.com.br/sec/dashboard:0
[ 8721685ms] [WARNING] The resource https://mve.vivo.com.br/assets/mve/fonts/dbe5ac6045d66e680d93.woff2 was preloaded using link preload but not used within a few seconds from the window's load event. Please make sure it has an appropriate `as` value and it is preloaded intentionally. @ https://mve.vivo.com.br/sec/dashboard:0
[ 8721685ms] [WARNING] The resource https://mve.vivo.com.br/assets/mve/fonts/ac09edfac4ebe90e76f7.woff2?b1ckzw was preloaded using link preload but not used within a few seconds from the window's load event. Please make sure it has an appropriate `as` value and it is preloaded intentionally. @ https://mve.vivo.com.br/sec/dashboard:0
[ 8721685ms] [WARNING] The resource https://mve.vivo.com.br/assets/mve/fonts/58d821d46eb6f39ad306.woff2 was preloaded using link preload but not used within a few seconds from the window's load event. Please make sure it has an appropriate `as` value and it is preloaded intentionally. @ https://mve.vivo.com.br/sec/dashboard:0
[ 8721685ms] [WARNING] The resource https://mve.vivo.com.br/assets/mve/fonts/c0ba7690a96b0b25a53d.woff2 was preloaded using link preload but not used within a few seconds from the window's load event. Please make sure it has an appropriate `as` value and it is preloaded intentionally. @ https://mve.vivo.com.br/sec/dashboard:0
[ 8721685ms] [WARNING] The resource https://mve.vivo.com.br/assets/mve/fonts/4ef73e245c02dd8794ff.woff2 was preloaded using link preload but not used within a few seconds from the window's load event. Please make sure it has an appropriate `as` value and it is preloaded intentionally. @ https://mve.vivo.com.br/sec/dashboard:0
[ 8721685ms] [WARNING] The resource https://mve.vivo.com.br/assets/mve/fonts/53e34b29d71619d49dc1.woff2 was preloaded using link preload but not used within a few seconds from the window's load event. Please make sure it has an appropriate `as` value and it is preloaded intentionally. @ https://mve.vivo.com.br/sec/dashboard:0
[ 8721685ms] [WARNING] The resource https://mve.vivo.com.br/assets/mve/fonts/c1e074f52d2cc507b0df.woff2 was preloaded using link preload but not used within a few seconds from the window's load event. Please make sure it has an appropriate `as` value and it is preloaded intentionally. @ https://mve.vivo.com.br/sec/dashboard:0
[ 8721685ms] [WARNING] The resource https://mve.vivo.com.br/assets/mve/fonts/f594f2ba13d231e99294.woff2 was preloaded using link preload but not used within a few seconds from the window's load event. Please make sure it has an appropriate `as` value and it is preloaded intentionally. @ https://mve.vivo.com.br/sec/dashboard:0
[ 8767985ms] [WARNING] The resource https://mve.vivo.com.br/assets/mve/fonts/dbe5ac6045d66e680d93.woff2 was preloaded using link preload but not used within a few seconds from the window's load event. Please make sure it has an appropriate `as` value and it is preloaded intentionally. @ https://mve.vivo.com.br/sec/dashboard:0
[ 8767985ms] [WARNING] The resource https://mve.vivo.com.br/assets/mve/fonts/ac09edfac4ebe90e76f7.woff2?b1ckzw was preloaded using link preload but not used within a few seconds from the window's load event. Please make sure it has an appropriate `as` value and it is preloaded intentionally. @ https://mve.vivo.com.br/sec/dashboard:0
[ 8767985ms] [WARNING] The resource https://mve.vivo.com.br/assets/mve/fonts/58d821d46eb6f39ad306.woff2 was preloaded using link preload but not used within a few seconds from the window's load event. Please make sure it has an appropriate `as` value and it is preloaded intentionally. @ https://mve.vivo.com.br/sec/dashboard:0
[ 8767985ms] [WARNING] The resource https://mve.vivo.com.br/assets/mve/fonts/c0ba7690a96b0b25a53d.woff2 was preloaded using link preload but not used within a few seconds from the window's load event. Please make sure it has an appropriate `as` value and it is preloaded intentionally. @ https://mve.vivo.com.br/sec/dashboard:0
[ 8767985ms] [WARNING] The resource https://mve.vivo.com.br/assets/mve/fonts/4ef73e245c02dd8794ff.woff2 was preloaded using link preload but not used within a few seconds from the window's load event. Please make sure it has an appropriate `as` value and it is preloaded intentionally. @ https://mve.vivo.com.br/sec/dashboard:0
[ 8767985ms] [WARNING] The resource https://mve.vivo.com.br/assets/mve/fonts/53e34b29d71619d49dc1.woff2 was preloaded using link preload but not used within a few seconds from the window's load event. Please make sure it has an appropriate `as` value and it is preloaded intentionally. @ https://mve.vivo.com.br/sec/dashboard:0
[ 8767985ms] [WARNING] The resource https://mve.vivo.com.br/assets/mve/fonts/c1e074f52d2cc507b0df.woff2 was preloaded using link preload but not used within a few seconds from the window's load event. Please make sure it has an appropriate `as` value and it is preloaded intentionally. @ https://mve.vivo.com.br/sec/dashboard:0
[ 8767985ms] [WARNING] The resource https://mve.vivo.com.br/assets/mve/fonts/f594f2ba13d231e99294.woff2 was preloaded using link preload but not used within a few seconds from the window's load event. Please make sure it has an appropriate `as` value and it is preloaded intentionally. @ https://mve.vivo.com.br/sec/dashboard:0
